Date,Time,Global_active_power,Global_reactive_power,Voltage,Global_intensity,Sub_metering_1,Sub_metering_2,Sub_metering_3
01/09/2026,00:00:00,0.92,0.257,240.24,3.6,1.3,0.0,6.8
01/09/2026,00:01:00,0.869,0.172,239.46,3.61,1.7,0.6,10.3
01/09/2026,00:02:00,0.932,0.219,240.54,3.81,2.6,1.6,6.9
01/09/2026,00:03:00,1.002,0.259,240.21,4.31,2.8,0.3,3.8
01/09/2026,00:04:00,0.861,0.218,239.8,3.69,3.3,0.1,5.1
01/09/2026,00:05:00,0.861,0.208,239.54,3.56,1.5,0.0,4.3
01/09/2026,00:06:00,1.006,0.197,239.92,4.04,3.5,1.1,5.4
01/09/2026,00:07:00,0.941,0.178,239.49,4.09,3.3,0.6,7.8
01/09/2026,00:08:00,0.842,0.22,240.11,3.5,1.6,1.7,4.7
01/09/2026,00:09:00,0.923,0.248,240.13,3.6,0.0,1.3,4.1
01/09/2026,00:10:00,0.843,0.19,240.27,3.28,0.6,0.0,6.5
01/09/2026,00:11:00,0.843,0.173,241.33,3.56,5.5,0.0,3.6
01/09/2026,00:12:00,0.899,0.146,240.01,3.56,0.0,0.1,3.5
01/09/2026,00:13:00,0.727,0.163,240.81,3.3,5.0,2.1,6.2
01/09/2026,00:14:00,0.742,0.186,240.28,2.95,0.0,0.0,1.5
01/09/2026,00:15:00,0.835,0.24,239.96,3.48,0.9,1.3,4.3
01/09/2026,00:16:00,0.799,0.213,240.05,3.35,1.7,1.6,7.3
01/09/2026,00:17:00,0.905,0.216,240.1,3.66,6.0,1.5,1.4
01/09/2026,00:18:00,0.807,0.187,240.35,3.02,2.5,0.1,1.5
01/09/2026,00:19:00,0.767,0.177,239.49,3.23,2.0,0.0,2.2
01/09/2026,00:20:00,0.997,0.255,239.14,4.06,0.5,0.0,0.0
01/09/2026,00:21:00,0.862,0.208,240.63,3.6,3.4,4.7,9.6
01/09/2026,00:22:00,0.885,0.154,240.81,3.66,1.4,1.4,5.7
01/09/2026,00:23:00,0.766,0.175,240.71,3.22,1.9,3.2,3.9
01/09/2026,00:24:00,0.836,0.179,240.31,3.72,1.7,0.0,2.6
01/09/2026,00:25:00,0.889,0.193,240.74,3.61,3.8,2.4,10.2
01/09/2026,00:26:00,0.788,0.209,240.72,3.2,3.9,0.2,6.8
01/09/2026,00:27:00,0.91,0.207,240.78,3.53,0.6,0.8,5.1
01/09/2026,00:28:00,0.832,0.198,239.63,3.44,1.1,0.4,8.1
01/09/2026,00:29:00,0.857,0.236,239.47,3.64,0.9,0.0,6.3
01/09/2026,00:30:00,0.832,0.182,239.98,3.39,2.8,0.0,4.3
01/09/2026,00:31:00,1.028,0.27,240.24,4.34,4.2,0.7,4.1
01/09/2026,00:32:00,0.879,0.189,240.1,3.63,2.8,0.0,4.1
01/09/2026,00:33:00,0.795,0.198,238.96,3.13,0.0,1.0,3.2
01/09/2026,00:34:00,0.946,0.206,241.49,3.96,3.9,0.0,7.8
01/09/2026,00:35:00,0.782,0.197,240.1,3.23,0.0,1.7,4.3
01/09/2026,00:36:00,0.897,0.219,240.42,3.75,1.0,0.2,8.4
01/09/2026,00:37:00,0.723,0.198,241.18,2.91,2.8,2.9,3.6
01/09/2026,00:38:00,0.774,0.174,238.67,3.14,2.2,0.7,4.1
01/09/2026,00:39:00,0.896,0.179,239.96,3.76,4.1,0.7,4.4
01/09/2026,00:40:00,0.939,0.275,240.06,3.88,1.2,2.9,3.4
01/09/2026,00:41:00,0.894,0.195,240.1,3.98,0.5,0.2,4.1
01/09/2026,00:42:00,0.871,0.222,240.23,3.74,1.8,0.3,6.6
01/09/2026,00:43:00,0.856,0.163,241.37,3.63,4.4,0.0,8.0
01/09/2026,00:44:00,0.762,0.184,240.83,3.14,3.7,1.1,6.1
01/09/2026,00:45:00,0.823,0.196,241.04,3.11,2.6,0.0,2.8
01/09/2026,00:46:00,0.843,0.213,240.41,3.39,5.1,1.8,4.1
01/09/2026,00:47:00,0.965,0.148,239.41,3.93,4.7,0.7,4.1
01/09/2026,00:48:00,0.908,0.213,238.94,3.76,4.0,1.9,9.1
01/09/2026,00:49:00,0.739,0.16,239.33,3.08,0.0,1.7,7.6
01/09/2026,00:50:00,0.906,0.217,240.66,3.86,4.0,0.1,8.1
01/09/2026,00:51:00,0.849,0.176,240.44,3.57,2.0,0.0,3.8
01/09/2026,00:52:00,0.826,0.178,240.28,3.61,1.6,0.4,2.6
01/09/2026,00:53:00,0.929,0.205,240.18,3.82,1.0,0.8,6.7
01/09/2026,00:54:00,0.963,0.189,241.85,4.02,2.1,1.2,4.4
01/09/2026,00:55:00,0.955,0.203,239.88,4.03,1.2,1.4,6.0
01/09/2026,00:56:00,0.813,0.168,241.11,3.41,2.7,0.8,6.3
01/09/2026,00:57:00,0.855,0.157,240.47,3.75,2.1,0.0,4.5
01/09/2026,00:58:00,0.907,0.234,240.43,3.89,2.8,0.0,7.6
01/09/2026,00:59:00,0.958,0.183,241.31,3.77,3.5,1.5,2.2
01/09/2026,01:00:00,0.842,0.197,241.51,3.47,1.8,0.0,5.6
01/09/2026,01:01:00,0.865,0.223,240.33,3.6,0.9,1.5,6.9
01/09/2026,01:02:00,0.792,0.18,241.07,3.61,0.0,1.6,9.1
01/09/2026,01:03:00,0.785,0.174,240.77,3.21,3.9,2.8,5.7
01/09/2026,01:04:00,0.945,0.219,240.53,3.78,2.6,0.2,8.2
01/09/2026,01:05:00,0.989,0.247,240.67,4.17,2.1,0.4,8.0
01/09/2026,01:06:00,0.874,0.176,240.06,3.72,4.7,0.0,10.5
01/09/2026,01:07:00,0.961,0.212,240.33,3.99,0.0,0.0,6.1
01/09/2026,01:08:00,0.909,0.166,240.15,3.75,2.5,0.0,9.9
01/09/2026,01:09:00,0.829,0.19,241.19,3.58,0.5,1.5,7.2
01/09/2026,01:10:00,0.909,0.21,240.5,3.65,3.7,3.1,2.0
01/09/2026,01:11:00,1.003,0.199,239.67,4.14,0.0,1.6,5.5
01/09/2026,01:12:00,0.877,0.194,240.08,3.58,4.0,2.1,3.4
01/09/2026,01:13:00,1.005,0.185,238.35,4.38,3.9,0.0,8.8
01/09/2026,01:14:00,0.671,0.182,240.25,2.83,0.6,0.0,5.8
01/09/2026,01:15:00,0.946,0.24,240.63,3.77,2.5,0.5,2.5
01/09/2026,01:16:00,0.887,0.179,240.52,3.54,0.6,0.0,7.3
01/09/2026,01:17:00,0.856,0.187,242.01,3.82,3.3,0.0,8.3
01/09/2026,01:18:00,0.888,0.219,241.03,3.85,4.0,1.1,4.5
01/09/2026,01:19:00,0.721,0.217,241.01,3.12,0.4,0.0,4.4
01/09/2026,01:20:00,0.863,0.166,239.49,3.6,0.0,1.9,5.8
01/09/2026,01:21:00,0.909,0.205,240.4,4.01,4.6,0.3,1.4
01/09/2026,01:22:00,0.999,0.227,240.32,3.99,6.3,0.7,7.0
01/09/2026,01:23:00,0.839,0.198,240.12,3.61,3.4,0.9,9.1
01/09/2026,01:24:00,0.816,0.136,240.11,3.33,3.5,0.2,4.0
01/09/2026,01:25:00,0.84,0.213,239.42,3.47,1.7,2.4,9.5
01/09/2026,01:26:00,0.954,0.252,239.8,4.09,2.8,0.0,7.6
01/09/2026,01:27:00,0.907,0.212,241.31,3.74,3.1,2.5,5.2
01/09/2026,01:28:00,0.838,0.175,240.6,3.42,2.0,0.3,6.8
01/09/2026,01:29:00,0.922,0.198,240.36,3.76,5.1,2.0,8.9
01/09/2026,01:30:00,0.888,0.251,240.72,3.39,2.8,1.1,5.7
01/09/2026,01:31:00,0.958,0.238,241.54,4.08,3.0,1.9,6.3
01/09/2026,01:32:00,0.824,0.215,240.74,3.27,2.1,0.6,4.2
01/09/2026,01:33:00,0.854,0.211,241.12,3.82,2.3,1.1,5.1
01/09/2026,01:34:00,0.849,0.185,240.16,3.49,4.8,2.2,6.9
01/09/2026,01:35:00,0.764,0.187,240.32,3.37,2.7,0.9,5.0
01/09/2026,01:36:00,0.904,0.207,241.01,3.48,2.7,2.5,4.3
01/09/2026,01:37:00,0.902,0.222,242.09,3.83,2.8,1.3,7.9
01/09/2026,01:38:00,0.881,0.243,241.78,3.79,1.7,0.0,6.5
01/09/2026,01:39:00,0.862,0.231,241.19,3.77,0.0,0.3,4.3
01/09/2026,01:40:00,0.768,0.157,240.9,2.96,5.6,2.0,9.3
01/09/2026,01:41:00,0.847,0.207,241.78,3.4,4.6,0.0,10.0
01/09/2026,01:42:00,0.853,0.221,241.36,3.62,4.9,1.8,7.6
01/09/2026,01:43:00,0.817,0.213,239.21,3.44,0.3,0.3,2.8
01/09/2026,01:44:00,0.868,0.188,240.08,3.66,5.3,0.0,6.3
01/09/2026,01:45:00,0.913,0.282,241.06,3.73,6.3,1.1,6.7
01/09/2026,01:46:00,1.032,0.192,239.58,4.54,4.5,0.0,1.9
01/09/2026,01:47:00,0.895,0.18,240.21,4.12,5.7,0.1,8.0
01/09/2026,01:48:00,0.902,0.214,240.36,3.77,4.0,0.0,5.9
01/09/2026,01:49:00,0.875,0.258,240.67,3.7,0.7,0.9,7.9
01/09/2026,01:50:00,0.728,0.166,240.66,3.03,3.4,0.3,4.7
01/09/2026,01:51:00,0.879,0.199,240.67,3.85,0.4,1.3,6.5
01/09/2026,01:52:00,0.886,0.233,241.45,3.79,1.2,2.1,6.6
01/09/2026,01:53:00,1.078,0.229,240.7,4.32,3.1,1.5,5.8
01/09/2026,01:54:00,0.866,0.196,240.62,3.51,2.8,3.1,6.5
01/09/2026,01:55:00,0.906,0.223,239.95,3.62,3.3,3.5,5.1
01/09/2026,01:56:00,0.879,0.212,241.62,4.04,0.0,0.4,2.8
01/09/2026,01:57:00,0.788,0.22,240.44,3.37,2.1,0.0,0.9
01/09/2026,01:58:00,0.973,0.249,240.15,3.96,3.5,0.4,4.0
01/09/2026,01:59:00,0.942,0.221,241.07,3.81,3.9,1.0,7.1
01/09/2026,02:00:00,0.945,0.221,240.39,4.05,4.1,3.7,3.1
01/09/2026,02:01:00,0.809,0.202,240.57,3.5,2.9,0.3,7.7
01/09/2026,02:02:00,0.994,0.232,241.12,4.24,1.7,1.2,8.5
01/09/2026,02:03:00,0.77,0.194,240.72,3.13,3.4,0.0,6.4
01/09/2026,02:04:00,0.929,0.211,242.57,3.88,1.8,0.3,5.0
01/09/2026,02:05:00,,0.257,240.91,4.41,4.2,0.0,7.7
01/09/2026,02:06:00,,0.234,241.4,3.19,3.3,0.0,7.9
01/09/2026,02:07:00,0.837,0.163,239.61,3.35,2.3,2.6,4.9
01/09/2026,02:08:00,0.89,0.207,240.38,3.77,0.9,2.2,5.6
01/09/2026,02:09:00,0.842,0.184,240.22,3.53,4.7,0.3,3.6
01/09/2026,02:10:00,0.758,0.183,240.32,3.24,3.6,2.2,6.0
01/09/2026,02:11:00,0.888,0.217,241.29,3.8,6.6,0.0,0.9
01/09/2026,02:12:00,0.798,0.212,241.73,3.52,3.5,0.6,4.8
01/09/2026,02:13:00,0.921,0.208,241.25,3.7,3.7,1.0,3.5
01/09/2026,02:14:00,0.809,0.149,240.86,3.45,0.0,2.4,5.2
01/09/2026,02:15:00,1.007,0.197,240.58,4.3,3.1,1.1,3.7
01/09/2026,02:16:00,0.82,0.221,241.81,3.35,1.8,1.5,1.2
01/09/2026,02:17:00,0.857,0.134,242.48,3.55,4.1,0.2,4.0
01/09/2026,02:18:00,0.948,0.243,241.14,3.89,3.1,1.1,4.4
01/09/2026,02:19:00,0.785,0.207,241.7,3.56,4.4,2.4,7.7
01/09/2026,02:20:00,0.901,0.241,241.29,3.75,6.7,0.0,4.0
01/09/2026,02:21:00,0.988,0.214,241.59,4.16,0.9,2.3,3.5
01/09/2026,02:22:00,0.755,0.139,240.25,3.1,4.3,0.5,2.8
01/09/2026,02:23:00,0.898,0.219,240.73,3.66,3.8,0.0,7.9
01/09/2026,02:24:00,0.905,0.24,241.35,3.55,6.4,0.5,4.9
01/09/2026,02:25:00,0.946,0.237,241.93,4.08,3.9,2.5,6.0
01/09/2026,02:26:00,0.785,0.178,240.51,3.38,3.7,0.2,2.0
01/09/2026,02:27:00,0.779,0.196,239.67,3.2,4.2,1.2,1.5
01/09/2026,02:28:00,0.926,0.198,240.75,3.71,4.3,0.0,3.4
01/09/2026,02:29:00,0.908,0.188,241.81,3.78,5.4,0.0,9.0
01/09/2026,02:30:00,0.905,0.232,240.0,3.69,0.8,0.0,3.0
01/09/2026,02:31:00,0.912,0.18,240.29,3.76,1.7,2.1,4.0
01/09/2026,02:32:00,0.83,0.177,241.23,3.25,5.9,0.7,5.4
01/09/2026,02:33:00,0.904,0.181,241.05,3.78,0.0,2.2,4.0
01/09/2026,02:34:00,0.909,0.172,241.55,3.8,2.3,2.3,6.5
01/09/2026,02:35:00,0.828,0.203,240.28,3.61,2.8,0.0,3.6
01/09/2026,02:36:00,1.035,0.253,240.92,4.27,2.1,2.8,3.0
01/09/2026,02:37:00,0.924,0.206,241.99,3.77,5.7,0.1,11.4
01/09/2026,02:38:00,0.791,0.157,240.32,3.06,3.4,2.1,3.3
01/09/2026,02:39:00,0.939,0.234,242.19,4.04,1.7,2.0,7.1
01/09/2026,02:40:00,0.808,0.239,240.42,3.5,1.2,0.9,3.3
01/09/2026,02:41:00,0.949,0.198,241.76,3.93,3.1,0.9,2.0
01/09/2026,02:42:00,0.979,0.206,240.91,3.87,4.8,1.2,5.2
01/09/2026,02:43:00,0.821,0.211,240.38,3.23,2.8,1.0,2.5
01/09/2026,02:44:00,0.964,0.256,240.84,3.92,2.2,0.3,4.5
01/09/2026,02:45:00,0.92,0.197,241.57,3.95,1.1,0.2,3.6
01/09/2026,02:46:00,0.953,0.181,241.19,4.0,3.3,0.3,8.2
01/09/2026,02:47:00,1.039,0.241,241.98,4.07,3.2,2.4,2.0
01/09/2026,02:48:00,0.868,0.224,242.21,3.65,1.1,0.0,6.9
01/09/2026,02:49:00,0.828,0.199,240.38,3.32,4.6,0.2,6.0
01/09/2026,02:50:00,0.817,0.184,240.34,3.32,5.9,0.4,4.9
01/09/2026,02:51:00,0.823,0.224,240.31,3.57,2.6,0.5,3.7
01/09/2026,02:52:00,0.883,0.219,240.6,3.78,3.1,1.2,5.8
01/09/2026,02:53:00,0.917,0.191,242.0,3.95,0.3,0.0,5.9
01/09/2026,02:54:00,0.912,0.211,241.63,3.77,4.0,2.1,6.3
01/09/2026,02:55:00,0.956,0.181,240.86,4.1,3.5,2.0,4.8
01/09/2026,02:56:00,0.891,0.224,241.24,3.61,1.9,1.7,2.9
01/09/2026,02:57:00,1.007,0.214,242.23,4.12,1.1,0.5,7.3
01/09/2026,02:58:00,0.87,0.193,242.59,3.54,6.3,0.0,5.4
01/09/2026,02:59:00,1.109,0.232,241.44,4.6,3.3,0.4,4.1
01/09/2026,03:00:00,0.941,0.214,239.4,3.74,0.7,0.9,3.2
01/09/2026,03:01:00,0.823,0.221,241.47,3.37,4.3,1.7,7.4
01/09/2026,03:02:00,0.806,0.212,241.93,3.55,3.0,0.7,8.4
01/09/2026,03:03:00,0.931,0.208,241.43,3.69,2.7,1.3,6.7
01/09/2026,03:04:00,0.875,0.224,241.79,3.42,4.6,0.2,6.8
01/09/2026,03:05:00,0.95,0.224,241.53,3.75,0.0,1.2,8.0
01/09/2026,03:06:00,0.931,0.201,240.42,4.27,0.0,0.5,4.6
01/09/2026,03:07:00,0.888,0.203,240.67,3.76,5.4,1.1,10.1
01/09/2026,03:08:00,0.826,0.195,241.07,3.39,2.4,0.0,3.1
01/09/2026,03:09:00,0.773,0.205,242.05,3.21,1.8,1.4,4.9
01/09/2026,03:10:00,0.859,0.194,240.77,3.6,0.0,1.5,3.7
01/09/2026,03:11:00,0.964,0.206,241.63,3.89,3.0,1.5,5.5
01/09/2026,03:12:00,0.913,0.259,241.53,3.7,3.3,0.0,9.2
01/09/2026,03:13:00,0.797,0.219,242.43,3.26,5.5,0.0,4.9
01/09/2026,03:14:00,0.911,0.19,241.29,3.67,3.4,0.0,6.3
01/09/2026,03:15:00,0.928,0.226,240.1,3.81,2.1,1.2,0.0
01/09/2026,03:16:00,0.827,0.202,241.78,3.47,3.5,1.7,6.3
01/09/2026,03:17:00,0.911,0.219,242.83,3.6,4.9,0.0,7.6
01/09/2026,03:18:00,0.903,0.212,241.84,4.13,4.5,2.5,5.7
01/09/2026,03:19:00,0.808,0.227,240.79,3.47,3.9,2.5,3.1
01/09/2026,03:20:00,0.928,0.22,240.59,3.67,3.3,1.0,2.8
01/09/2026,03:21:00,0.945,0.212,240.68,3.56,1.6,1.3,4.2
01/09/2026,03:22:00,0.988,0.245,242.75,3.96,0.7,0.0,2.7
01/09/2026,03:23:00,0.986,0.224,241.13,4.19,0.4,0.1,8.9
01/09/2026,03:24:00,0.792,0.198,240.89,3.36,3.5,0.0,6.4
01/09/2026,03:25:00,0.828,0.207,241.25,3.41,3.8,0.0,8.6
01/09/2026,03:26:00,0.944,0.211,241.14,3.83,5.0,1.5,4.8
01/09/2026,03:27:00,0.945,0.214,242.47,3.76,3.9,1.8,3.7
01/09/2026,03:28:00,0.946,0.199,240.66,3.87,4.9,1.8,3.9
01/09/2026,03:29:00,1.213,0.227,242.2,4.86,2.5,1.1,4.4
01/09/2026,03:30:00,0.951,0.189,241.46,3.88,4.4,1.5,4.3
01/09/2026,03:31:00,0.997,0.185,242.23,4.32,0.8,0.0,8.1
01/09/2026,03:32:00,0.983,0.196,242.49,3.94,2.7,0.0,7.4
01/09/2026,03:33:00,0.96,0.211,241.45,4.07,0.0,0.5,6.0
01/09/2026,03:34:00,0.883,0.209,241.17,3.78,2.9,1.6,1.7
01/09/2026,03:35:00,0.97,0.21,241.44,3.86,5.3,0.2,6.0
01/09/2026,03:36:00,0.848,0.143,241.33,3.39,3.0,0.0,4.7
01/09/2026,03:37:00,0.892,0.246,240.24,3.87,4.3,0.0,8.5
01/09/2026,03:38:00,0.873,0.232,242.49,3.46,3.4,0.0,7.4
01/09/2026,03:39:00,0.919,0.221,241.58,3.8,1.8,0.0,5.7
01/09/2026,03:40:00,1.098,0.279,240.6,4.87,2.6,3.7,0.8
01/09/2026,03:41:00,0.765,0.167,239.97,3.33,5.3,2.4,5.1
01/09/2026,03:42:00,0.97,0.264,239.79,4.06,4.4,0.0,4.0
01/09/2026,03:43:00,0.787,0.17,241.96,3.38,1.7,0.0,6.3
01/09/2026,03:44:00,0.879,0.211,240.99,3.64,0.2,0.0,2.9
01/09/2026,03:45:00,1.005,0.189,241.11,4.32,3.4,0.0,6.0
01/09/2026,03:46:00,0.924,0.211,241.77,3.51,1.8,3.9,0.5
01/09/2026,03:47:00,0.833,0.21,241.07,3.44,2.7,0.0,2.4
01/09/2026,03:48:00,0.863,0.2,241.81,3.26,0.1,1.3,3.5
01/09/2026,03:49:00,0.976,0.235,241.5,4.07,5.1,0.1,4.2
01/09/2026,03:50:00,0.864,0.206,241.38,3.54,2.9,0.0,6.3
01/09/2026,03:51:00,0.941,0.2,240.34,4.12,3.2,2.2,1.8
01/09/2026,03:52:00,0.928,0.197,240.87,3.96,1.4,1.7,4.0
01/09/2026,03:53:00,0.874,0.225,241.86,3.53,2.6,0.7,4.0
01/09/2026,03:54:00,1.098,0.215,240.97,4.5,3.4,3.9,6.9
01/09/2026,03:55:00,0.979,0.24,242.29,4.1,1.9,1.1,5.0
01/09/2026,03:56:00,0.767,0.223,243.09,3.07,2.7,0.2,3.3
01/09/2026,03:57:00,0.945,0.172,241.91,3.9,6.0,3.3,3.0
01/09/2026,03:58:00,0.878,0.234,242.5,3.82,0.0,1.3,4.2
01/09/2026,03:59:00,1.001,0.272,241.96,4.01,3.6,2.9,1.8
01/09/2026,04:00:00,0.87,0.211,241.08,3.54,1.7,0.8,9.0
01/09/2026,04:01:00,0.926,0.226,241.6,3.79,5.9,0.0,5.4
01/09/2026,04:02:00,0.977,0.243,242.87,4.5,2.9,0.0,3.4
01/09/2026,04:03:00,1.007,0.214,241.1,4.27,1.2,2.2,3.1
01/09/2026,04:04:00,0.843,0.206,240.74,3.67,2.9,0.0,2.7
01/09/2026,04:05:00,0.914,0.177,240.67,3.91,4.1,1.1,6.2
01/09/2026,04:06:00,0.904,0.212,241.32,3.87,8.9,2.3,1.8
01/09/2026,04:07:00,0.891,0.219,240.77,3.77,0.0,1.0,5.0
01/09/2026,04:08:00,1.086,0.243,242.64,4.53,1.0,0.0,6.7
01/09/2026,04:09:00,0.978,0.244,241.63,3.83,6.1,0.8,4.1
01/09/2026,04:10:00,0.847,0.182,242.16,3.55,0.5,0.9,3.2
01/09/2026,04:11:00,1.022,0.209,241.27,4.22,3.5,0.3,7.2
01/09/2026,04:12:00,1.12,0.282,240.68,4.74,2.6,0.0,2.9
01/09/2026,04:13:00,1.035,0.22,240.56,4.29,2.3,0.3,4.8
01/09/2026,04:14:00,0.832,0.205,240.85,3.57,3.2,0.7,5.7
01/09/2026,04:15:00,0.917,0.208,241.73,3.93,2.9,0.0,4.1
01/09/2026,04:16:00,1.058,0.206,241.85,3.94,5.7,0.0,2.8
01/09/2026,04:17:00,0.902,0.249,241.91,3.66,6.3,0.0,4.2
01/09/2026,04:18:00,0.996,0.206,240.44,3.86,4.5,0.0,6.1
01/09/2026,04:19:00,1.024,0.195,241.49,4.28,3.2,1.0,3.8
01/09/2026,04:20:00,0.89,0.196,240.77,3.65,4.2,1.1,6.4
01/09/2026,04:21:00,0.961,0.165,241.77,4.18,5.4,0.1,4.8
01/09/2026,04:22:00,0.708,0.169,241.83,2.96,5.8,0.0,4.1
01/09/2026,04:23:00,0.887,0.182,240.67,3.61,4.6,1.3,3.8
01/09/2026,04:24:00,0.951,0.23,242.17,4.07,6.9,1.5,5.9
01/09/2026,04:25:00,0.873,0.188,243.13,3.54,2.6,0.9,7.9
01/09/2026,04:26:00,1.106,0.255,242.08,4.49,6.2,0.9,5.7
01/09/2026,04:27:00,0.863,0.238,241.38,3.63,5.3,1.6,3.3
01/09/2026,04:28:00,0.944,0.233,241.27,4.15,2.7,0.7,7.8
01/09/2026,04:29:00,0.992,0.214,241.35,4.24,4.5,0.0,3.5
01/09/2026,04:30:00,1.099,0.235,240.96,4.64,4.6,0.7,9.2
01/09/2026,04:31:00,0.871,0.166,241.67,4.01,3.8,0.3,5.0
01/09/2026,04:32:00,1.081,0.226,240.7,4.38,3.8,0.7,3.5
01/09/2026,04:33:00,0.991,0.197,240.18,4.01,1.1,2.0,6.6
01/09/2026,04:34:00,0.913,0.227,241.65,3.8,2.8,0.0,4.7
01/09/2026,04:35:00,1.031,0.288,241.51,4.5,3.7,1.0,6.4
01/09/2026,04:36:00,1.012,0.234,241.1,4.06,3.1,0.0,5.6
01/09/2026,04:37:00,0.951,0.164,240.6,4.21,2.6,0.0,2.4
01/09/2026,04:38:00,1.007,0.212,241.7,3.95,6.4,2.9,5.2
01/09/2026,04:39:00,0.973,0.22,240.81,4.02,4.1,1.4,6.5
01/09/2026,04:40:00,1.015,0.224,241.4,4.23,8.7,1.0,5.6
01/09/2026,04:41:00,1.061,0.209,242.74,4.24,4.9,0.0,8.2
01/09/2026,04:42:00,1.138,0.243,241.96,4.61,6.5,0.5,6.1
01/09/2026,04:43:00,0.914,0.179,240.54,3.92,4.1,0.0,4.9
01/09/2026,04:44:00,1.187,0.219,240.61,5.15,3.2,0.9,5.9
01/09/2026,04:45:00,0.862,0.22,241.61,3.25,5.1,0.0,4.3
01/09/2026,04:46:00,1.009,0.196,240.54,4.22,7.2,1.5,6.2
01/09/2026,04:47:00,1.071,0.242,240.1,4.44,4.5,1.0,6.2
01/09/2026,04:48:00,1.049,0.192,241.87,4.35,5.6,0.0,2.7
01/09/2026,04:49:00,0.979,0.262,241.72,4.0,5.3,1.3,7.1
01/09/2026,04:50:00,1.015,0.202,241.81,4.01,4.6,3.5,10.3
01/09/2026,04:51:00,0.995,0.214,241.68,4.35,4.7,0.6,6.6
01/09/2026,04:52:00,0.991,0.227,241.45,4.28,2.9,2.0,0.9
01/09/2026,04:53:00,1.109,0.219,241.03,4.58,4.9,0.0,4.5
01/09/2026,04:54:00,1.072,0.232,241.86,4.36,6.3,1.4,2.6
01/09/2026,04:55:00,0.991,0.233,242.57,3.99,5.6,0.1,4.8
01/09/2026,04:56:00,1.122,0.259,241.15,4.26,5.4,0.5,6.9
01/09/2026,04:57:00,1.077,0.249,240.78,4.53,6.6,1.6,3.8
01/09/2026,04:58:00,1.121,0.23,240.7,4.77,5.6,0.5,9.5
01/09/2026,04:59:00,1.109,0.229,240.89,4.63,5.2,0.0,0.0
01/09/2026,05:00:00,0.996,0.278,241.63,4.11,6.7,2.8,4.9
01/09/2026,05:01:00,1.02,0.246,239.99,4.27,5.6,0.0,6.2
01/09/2026,05:02:00,1.128,0.212,241.8,4.54,4.9,0.0,2.7
01/09/2026,05:03:00,1.12,0.237,241.94,4.56,6.4,1.0,3.0
01/09/2026,05:04:00,1.073,0.22,240.23,4.44,5.4,1.0,7.1
01/09/2026,05:05:00,1.088,0.227,240.8,4.62,5.0,1.4,9.6
01/09/2026,05:06:00,1.184,0.211,241.54,5.11,5.9,1.0,9.9
01/09/2026,05:07:00,1.038,0.214,241.39,4.26,6.0,2.3,4.6
01/09/2026,05:08:00,1.132,0.281,241.85,4.53,3.5,1.5,8.4
01/09/2026,05:09:00,1.076,0.244,241.39,4.46,6.4,0.0,5.2
01/09/2026,05:10:00,1.078,0.167,242.37,4.75,9.5,0.0,7.4
01/09/2026,05:11:00,1.187,0.273,241.26,4.78,3.9,1.0,4.9
01/09/2026,05:12:00,1.169,0.268,240.79,4.99,4.9,2.7,2.9
01/09/2026,05:13:00,1.172,0.232,240.73,5.07,11.5,0.0,8.9
01/09/2026,05:14:00,1.215,0.264,241.99,4.97,4.4,0.0,9.5
01/09/2026,05:15:00,1.116,0.212,241.5,4.51,8.6,1.3,4.5
01/09/2026,05:16:00,1.172,0.229,241.92,4.93,5.7,1.5,7.5
01/09/2026,05:17:00,1.097,0.269,241.9,4.59,6.3,2.3,5.1
01/09/2026,05:18:00,1.151,0.231,240.06,4.9,6.0,3.0,10.2
01/09/2026,05:19:00,1.119,0.188,240.67,4.96,7.2,1.2,2.1
01/09/2026,05:20:00,1.141,0.235,240.75,4.76,3.2,0.0,5.0
01/09/2026,05:21:00,1.185,0.24,240.9,4.74,6.8,0.0,2.2
01/09/2026,05:22:00,1.076,0.259,241.17,4.47,5.7,0.1,1.9
01/09/2026,05:23:00,1.313,0.258,242.16,5.46,2.8,2.2,5.1
01/09/2026,05:24:00,1.069,0.218,242.3,4.6,8.9,0.2,4.4
01/09/2026,05:25:00,1.056,0.253,241.25,4.35,2.5,2.1,3.2
01/09/2026,05:26:00,1.25,0.253,241.28,5.12,11.0,0.0,7.2
01/09/2026,05:27:00,1.225,0.228,240.96,4.88,8.0,1.2,8.3
01/09/2026,05:28:00,1.216,0.275,241.52,5.12,4.2,0.0,6.5
01/09/2026,05:29:00,1.22,0.251,241.59,5.55,9.6,1.5,1.3
01/09/2026,05:30:00,1.173,0.241,242.01,4.82,5.5,0.5,6.1
01/09/2026,05:31:00,1.107,0.237,242.01,4.64,5.7,1.9,6.1
01/09/2026,05:32:00,1.189,0.216,239.83,4.88,3.5,0.3,3.5
01/09/2026,05:33:00,1.133,0.223,241.34,4.5,5.5,0.8,6.2
01/09/2026,05:34:00,1.27,0.252,242.41,5.3,5.8,1.9,4.3
01/09/2026,05:35:00,1.185,0.237,241.13,4.92,9.0,0.7,3.6
01/09/2026,05:36:00,1.135,0.268,242.23,4.33,9.8,0.9,2.8
01/09/2026,05:37:00,1.18,0.247,241.22,5.13,5.0,1.9,7.2
01/09/2026,05:38:00,1.243,0.271,241.55,5.21,8.1,0.8,8.2
01/09/2026,05:39:00,1.169,0.241,240.63,4.87,4.0,0.0,5.1
01/09/2026,05:40:00,1.153,0.265,240.66,4.73,8.3,0.1,7.6
01/09/2026,05:41:00,1.243,0.259,241.93,5.2,12.1,0.0,8.8
01/09/2026,05:42:00,1.248,0.25,242.04,5.22,4.3,0.6,5.7
01/09/2026,05:43:00,1.193,0.243,241.44,5.0,5.9,1.5,5.2
01/09/2026,05:44:00,1.2,0.22,240.55,5.15,9.4,1.0,6.4
01/09/2026,05:45:00,1.261,0.264,241.44,5.42,9.8,2.7,3.6
01/09/2026,05:46:00,1.132,0.235,242.29,4.97,6.3,2.6,6.6
01/09/2026,05:47:00,1.14,0.224,242.63,4.57,11.2,1.2,5.7
01/09/2026,05:48:00,1.2,0.272,241.18,4.89,6.7,0.0,2.5
01/09/2026,05:49:00,1.245,0.218,240.24,5.24,11.7,1.8,2.6
01/09/2026,05:50:00,1.292,0.244,241.98,5.22,9.4,0.0,3.2
01/09/2026,05:51:00,1.39,0.293,241.2,5.67,11.1,2.0,6.5
01/09/2026,05:52:00,1.346,0.269,242.05,5.63,9.3,1.3,4.7
01/09/2026,05:53:00,1.269,0.251,241.58,5.39,10.0,1.8,5.3
01/09/2026,05:54:00,1.286,0.261,240.77,5.53,10.2,1.6,8.4
01/09/2026,05:55:00,1.212,0.25,241.42,4.99,11.1,4.0,6.4
01/09/2026,05:56:00,1.296,0.218,242.29,5.42,8.8,1.6,4.0
01/09/2026,05:57:00,1.279,0.245,241.27,5.34,7.2,0.0,3.2
01/09/2026,05:58:00,1.333,0.3,240.65,5.54,8.9,2.3,6.1
01/09/2026,05:59:00,1.247,0.233,240.26,5.07,7.8,0.4,3.3
01/09/2026,06:00:00,1.36,0.255,240.82,5.5,8.0,2.7,8.2
01/09/2026,06:01:00,1.446,0.26,241.07,6.1,12.6,2.9,5.9
01/09/2026,06:02:00,1.32,0.256,241.93,5.33,10.6,1.7,5.7
01/09/2026,06:03:00,1.366,0.249,240.57,5.41,10.6,0.0,3.3
01/09/2026,06:04:00,1.394,0.279,242.44,5.75,11.7,0.3,6.8
01/09/2026,06:05:00,1.312,0.262,240.41,5.68,10.8,2.7,7.9
01/09/2026,06:06:00,1.367,0.283,242.97,5.21,13.4,3.5,5.1
01/09/2026,06:07:00,1.356,0.236,242.55,5.55,5.6,1.0,7.4
01/09/2026,06:08:00,1.368,0.256,241.43,5.77,7.8,0.6,4.5
01/09/2026,06:09:00,1.304,0.251,240.18,5.15,8.5,0.0,5.3
01/09/2026,06:10:00,1.373,0.276,241.29,5.66,7.3,0.0,10.0
01/09/2026,06:11:00,1.416,0.25,241.05,5.7,10.3,1.3,4.6
01/09/2026,06:12:00,1.498,0.303,240.43,6.08,10.5,1.9,6.6
01/09/2026,06:13:00,1.464,0.305,241.52,6.0,14.2,0.0,4.5
01/09/2026,06:14:00,1.565,0.263,240.73,6.33,12.1,2.0,6.0
01/09/2026,06:15:00,1.337,0.248,240.81,5.37,9.4,2.8,6.9
01/09/2026,06:16:00,1.473,0.263,241.16,6.1,11.5,1.8,3.4
01/09/2026,06:17:00,1.423,0.337,240.9,6.24,6.9,3.1,3.8
01/09/2026,06:18:00,1.589,0.28,242.75,6.66,10.9,1.4,6.6
01/09/2026,06:19:00,1.355,0.305,240.92,5.78,10.9,1.5,5.8
01/09/2026,06:20:00,1.358,0.231,241.59,5.74,9.0,1.4,8.0
01/09/2026,06:21:00,1.383,0.241,241.38,5.62,10.5,2.8,6.0
01/09/2026,06:22:00,1.266,0.235,241.52,5.29,9.6,1.7,9.5
01/09/2026,06:23:00,1.4,0.247,241.57,5.96,9.2,0.3,6.9
01/09/2026,06:24:00,1.386,0.26,241.89,5.86,12.5,1.6,9.5
01/09/2026,06:25:00,1.465,0.258,241.45,6.1,13.3,1.6,9.1
01/09/2026,06:26:00,1.485,0.258,241.42,6.23,12.3,0.7,4.0
01/09/2026,06:27:00,1.614,0.323,241.3,7.06,10.5,2.4,8.7
01/09/2026,06:28:00,1.545,0.316,241.15,6.53,10.1,1.2,7.5
01/09/2026,06:29:00,1.428,0.295,240.61,5.89,10.7,2.0,7.3
01/09/2026,06:30:00,1.408,0.282,241.2,5.83,11.2,1.7,8.0
01/09/2026,06:31:00,1.525,0.285,241.41,6.16,10.0,0.1,4.7
01/09/2026,06:32:00,1.385,0.254,241.51,6.09,13.9,0.0,6.1
01/09/2026,06:33:00,1.643,0.273,241.35,7.05,11.4,0.1,4.5
01/09/2026,06:34:00,1.596,0.301,241.06,6.63,13.5,1.0,10.5
01/09/2026,06:35:00,1.47,0.247,241.18,6.42,9.2,3.1,3.7
01/09/2026,06:36:00,1.376,0.24,240.83,5.81,10.7,1.0,2.6
01/09/2026,06:37:00,1.627,0.324,241.43,6.67,13.9,1.6,3.6
01/09/2026,06:38:00,1.515,0.329,241.05,6.42,14.0,2.2,5.3
01/09/2026,06:39:00,1.628,0.305,241.32,6.81,9.9,0.6,5.3
01/09/2026,06:40:00,1.407,0.297,241.89,5.94,13.0,0.6,7.4
01/09/2026,06:41:00,1.492,0.273,240.69,5.99,13.1,2.5,5.5
01/09/2026,06:42:00,1.546,0.252,241.6,6.28,11.1,1.8,4.3
01/09/2026,06:43:00,1.555,0.302,241.2,6.67,13.3,0.4,6.5
01/09/2026,06:44:00,1.52,0.297,242.59,6.52,9.5,0.6,8.0
01/09/2026,06:45:00,1.611,0.295,241.02,6.9,10.9,1.2,5.9
01/09/2026,06:46:00,1.481,0.272,241.65,6.46,14.1,1.6,7.3
01/09/2026,06:47:00,1.561,0.311,241.17,6.56,13.0,2.8,5.6
01/09/2026,06:48:00,1.587,0.266,240.18,6.68,13.2,1.8,4.8
01/09/2026,06:49:00,1.624,0.276,240.78,6.61,12.7,0.0,6.9
01/09/2026,06:50:00,1.645,0.272,241.76,6.72,14.2,0.1,5.9
01/09/2026,06:51:00,1.503,0.282,240.83,5.94,14.4,1.6,7.6
01/09/2026,06:52:00,1.475,0.25,239.58,6.11,14.9,1.4,8.8
01/09/2026,06:53:00,1.706,0.288,241.1,6.77,13.6,0.1,5.2
01/09/2026,06:54:00,1.635,0.279,240.35,6.96,12.7,2.6,6.8
01/09/2026,06:55:00,1.554,0.28,241.21,6.5,12.4,0.0,7.7
01/09/2026,06:56:00,1.743,0.272,242.19,6.89,11.5,1.6,6.3
01/09/2026,06:57:00,1.633,0.298,241.64,6.73,12.8,0.0,6.5
01/09/2026,06:58:00,1.723,0.338,242.17,7.41,12.5,2.4,5.7
01/09/2026,06:59:00,1.639,0.3,240.7,6.79,17.0,0.9,6.0
01/09/2026,07:00:00,1.804,0.355,240.98,7.33,11.7,2.2,6.5
01/09/2026,07:01:00,1.786,0.348,240.35,7.16,16.0,0.7,4.1
01/09/2026,07:02:00,1.632,0.315,240.59,6.52,13.4,3.0,1.7
01/09/2026,07:03:00,1.736,0.31,240.42,7.3,13.6,0.0,5.3
01/09/2026,07:04:00,1.716,0.306,240.15,7.08,14.9,2.4,5.1
01/09/2026,07:05:00,1.78,0.333,242.01,7.3,11.3,0.5,9.1
01/09/2026,07:06:00,1.6,0.282,239.59,6.61,12.6,1.8,6.2
01/09/2026,07:07:00,1.738,0.262,242.0,7.16,11.8,1.8,6.8
01/09/2026,07:08:00,1.774,0.325,241.91,7.15,13.6,0.0,4.7
01/09/2026,07:09:00,1.555,0.258,241.38,6.49,12.6,2.6,4.3
01/09/2026,07:10:00,1.607,0.269,240.25,6.48,17.1,1.8,3.8
01/09/2026,07:11:00,1.545,0.285,239.91,6.32,13.4,1.5,2.9
01/09/2026,07:12:00,1.692,0.301,240.63,7.18,9.8,1.8,7.3
01/09/2026,07:13:00,1.777,0.278,241.44,7.42,14.0,1.5,6.4
01/09/2026,07:14:00,1.846,0.326,241.0,7.76,16.3,2.5,9.0
01/09/2026,07:15:00,1.738,0.333,240.26,7.55,18.0,0.8,7.0
01/09/2026,07:16:00,1.868,0.296,241.79,7.72,14.3,2.5,6.4
01/09/2026,07:17:00,1.633,0.328,242.16,6.75,13.8,2.1,1.5
01/09/2026,07:18:00,1.613,0.255,240.82,6.66,14.9,1.2,10.1
01/09/2026,07:19:00,1.75,0.363,241.05,7.19,15.8,3.8,6.0
01/09/2026,07:20:00,1.791,0.305,239.91,7.31,12.7,2.0,1.4
01/09/2026,07:21:00,1.763,0.315,240.67,7.34,14.6,1.7,6.5
01/09/2026,07:22:00,1.606,0.245,241.31,6.71,15.0,2.2,4.2
01/09/2026,07:23:00,1.77,0.311,241.19,7.4,15.2,1.3,4.2
01/09/2026,07:24:00,1.678,0.307,240.58,6.99,14.9,3.0,6.6
01/09/2026,07:25:00,1.842,0.319,240.74,7.79,13.4,1.5,4.8
01/09/2026,07:26:00,1.823,0.305,240.61,7.58,15.9,2.6,8.4
01/09/2026,07:27:00,1.723,0.283,240.72,7.1,15.2,0.1,5.9
01/09/2026,07:28:00,1.763,0.34,241.21,7.17,15.3,0.0,7.0
01/09/2026,07:29:00,1.724,0.308,239.53,6.97,13.2,2.1,7.4
01/09/2026,07:30:00,1.809,0.356,240.85,7.73,16.7,1.0,6.8
01/09/2026,07:31:00,1.896,0.314,241.14,7.76,13.6,1.3,6.7
01/09/2026,07:32:00,1.745,0.299,240.48,7.12,18.7,0.0,6.6
01/09/2026,07:33:00,1.87,0.345,240.54,7.71,13.2,3.8,9.6
01/09/2026,07:34:00,1.792,0.274,240.56,7.41,17.1,1.7,8.2
01/09/2026,07:35:00,1.775,0.283,240.53,7.63,11.8,3.3,4.8
01/09/2026,07:36:00,1.835,0.348,240.86,7.57,11.1,0.0,3.9
01/09/2026,07:37:00,1.766,0.283,240.94,7.72,14.5,1.8,4.7
01/09/2026,07:38:00,1.809,0.272,239.37,7.57,11.2,2.2,7.4
01/09/2026,07:39:00,1.762,0.358,241.29,7.61,17.2,1.8,4.0
01/09/2026,07:40:00,2.019,0.307,240.63,8.53,15.7,2.0,5.1
01/09/2026,07:41:00,1.87,0.329,242.18,7.77,18.6,0.0,3.6
01/09/2026,07:42:00,1.815,0.32,239.98,7.8,15.5,2.1,8.6
01/09/2026,07:43:00,1.893,0.257,240.2,8.05,16.3,0.6,8.0
01/09/2026,07:44:00,1.871,0.318,240.66,7.87,15.3,0.9,8.5
01/09/2026,07:45:00,1.866,0.335,241.08,8.09,14.1,1.8,5.6
01/09/2026,07:46:00,1.937,0.341,239.42,8.02,15.1,1.3,2.8
01/09/2026,07:47:00,1.953,0.357,240.2,7.98,13.5,1.4,4.8
01/09/2026,07:48:00,1.854,0.313,241.19,7.58,16.7,3.3,3.7
01/09/2026,07:49:00,1.854,0.34,240.1,7.99,15.3,1.6,3.7
01/09/2026,07:50:00,1.882,0.309,241.72,8.0,15.7,1.3,9.3
01/09/2026,07:51:00,1.724,0.272,240.43,7.09,21.6,1.7,6.2
01/09/2026,07:52:00,1.791,0.282,240.11,7.1,15.2,0.4,7.5
01/09/2026,07:53:00,2.025,0.306,241.16,8.37,16.6,2.1,9.3
01/09/2026,07:54:00,2.051,0.371,241.86,8.33,15.9,2.8,4.6
01/09/2026,07:55:00,1.903,0.29,241.01,7.82,18.3,2.3,8.2
01/09/2026,07:56:00,1.972,0.344,241.6,8.01,16.5,2.0,3.7
01/09/2026,07:57:00,1.955,0.328,241.88,7.84,15.5,2.7,7.5
01/09/2026,07:58:00,2.179,0.359,240.06,9.36,20.6,1.2,9.3
01/09/2026,07:59:00,2.026,0.377,241.35,8.29,14.3,2.0,4.5
01/09/2026,08:00:00,1.929,0.321,239.62,8.26,15.6,3.8,8.9
01/09/2026,08:01:00,1.866,0.339,240.98,7.71,17.8,1.6,7.6
01/09/2026,08:02:00,1.817,0.319,240.62,7.38,14.4,2.8,6.1
01/09/2026,08:03:00,1.965,0.332,241.53,8.21,17.5,2.9,4.5
01/09/2026,08:04:00,1.891,0.384,241.48,7.77,15.0,1.1,7.7
01/09/2026,08:05:00,1.841,0.285,241.05,7.61,18.0,3.0,8.2
01/09/2026,08:06:00,1.906,0.361,240.85,7.93,17.9,1.3,6.5
01/09/2026,08:07:00,1.874,0.341,240.99,7.65,15.8,2.7,5.1
01/09/2026,08:08:00,2.098,0.34,240.67,8.47,14.0,1.3,8.9
01/09/2026,08:09:00,2.036,0.385,240.58,8.46,15.2,2.5,9.9
01/09/2026,08:10:00,1.968,0.29,241.62,8.29,15.9,2.3,9.4
01/09/2026,08:11:00,2.089,0.338,241.7,8.51,17.7,2.3,10.8
01/09/2026,08:12:00,1.979,0.307,240.5,8.25,16.5,2.6,5.9
01/09/2026,08:13:00,1.907,0.339,240.75,8.15,17.0,1.5,4.3
01/09/2026,08:14:00,2.1,0.324,240.64,8.71,16.6,0.7,8.3
01/09/2026,08:15:00,2.023,0.354,239.44,8.46,17.5,2.4,6.5
01/09/2026,08:16:00,1.899,0.323,240.33,7.91,15.4,3.7,9.6
01/09/2026,08:17:00,1.969,0.324,241.68,8.05,16.1,3.1,5.2
01/09/2026,08:18:00,1.917,0.34,240.02,7.84,15.8,2.9,5.4
01/09/2026,08:19:00,1.878,0.319,242.02,7.61,14.9,1.7,7.7
01/09/2026,08:20:00,2.065,0.321,241.35,8.61,17.8,2.6,7.9
01/09/2026,08:21:00,2.145,0.427,240.81,9.02,17.7,1.3,9.1
01/09/2026,08:22:00,1.882,0.314,240.91,7.93,18.1,1.9,7.4
01/09/2026,08:23:00,2.041,0.289,239.87,8.45,14.1,2.9,3.4
01/09/2026,08:24:00,1.946,0.312,240.32,8.26,16.3,0.1,15.3
01/09/2026,08:25:00,1.96,0.304,241.5,8.16,17.8,4.7,7.8
01/09/2026,08:26:00,1.953,0.355,240.06,8.15,18.6,0.8,14.1
01/09/2026,08:27:00,1.933,0.34,241.22,7.51,12.5,5.0,7.5
01/09/2026,08:28:00,2.008,0.351,239.51,8.26,15.5,1.5,5.4
01/09/2026,08:29:00,1.939,0.323,239.62,7.86,15.1,1.5,7.1
01/09/2026,08:30:00,2.028,0.336,241.79,8.48,18.6,2.1,10.2
01/09/2026,08:31:00,2.004,0.331,240.44,8.35,11.0,2.0,9.2
01/09/2026,08:32:00,1.99,0.337,240.06,8.13,13.3,1.8,8.5
01/09/2026,08:33:00,1.938,0.353,241.39,8.07,18.2,2.2,7.8
01/09/2026,08:34:00,1.965,0.344,241.3,7.93,14.3,2.8,8.2
01/09/2026,08:35:00,2.073,0.361,241.06,8.44,12.6,1.5,7.6
01/09/2026,08:36:00,2.053,0.359,240.01,8.45,18.2,3.8,10.6
01/09/2026,08:37:00,1.936,0.354,240.2,8.14,12.3,4.6,10.0
01/09/2026,08:38:00,2.023,0.35,240.61,8.62,17.1,0.2,5.9
01/09/2026,08:39:00,2.076,0.358,240.87,8.53,11.9,5.2,4.8
01/09/2026,08:40:00,1.883,0.356,240.02,8.04,12.1,3.8,5.4
01/09/2026,08:41:00,2.061,0.331,240.49,8.58,15.3,3.2,7.3
01/09/2026,08:42:00,1.965,0.314,240.55,8.2,13.2,2.1,8.6
01/09/2026,08:43:00,2.064,0.318,241.25,8.55,15.4,3.1,8.0
01/09/2026,08:44:00,1.958,0.34,240.87,8.1,18.4,4.1,9.5
01/09/2026,08:45:00,1.875,0.279,239.28,7.9,14.4,6.3,8.2
01/09/2026,08:46:00,1.89,0.338,240.18,7.98,17.9,5.8,11.7
01/09/2026,08:47:00,2.024,0.34,239.67,8.31,15.3,1.0,9.4
01/09/2026,08:48:00,2.042,0.373,240.71,8.45,16.5,2.7,8.3
01/09/2026,08:49:00,1.949,0.317,240.95,8.34,9.8,3.1,5.0
01/09/2026,08:50:00,2.073,0.344,240.36,8.65,15.7,4.8,9.1
01/09/2026,08:51:00,1.889,0.355,240.1,7.91,15.4,3.0,9.4
01/09/2026,08:52:00,2.017,0.377,240.33,8.57,13.6,2.1,6.8
01/09/2026,08:53:00,1.925,0.314,240.42,7.93,18.1,3.2,5.8
01/09/2026,08:54:00,1.97,0.341,239.81,8.21,13.2,2.7,10.8
01/09/2026,08:55:00,2.026,0.35,239.4,8.59,10.9,4.5,6.3
01/09/2026,08:56:00,1.953,0.344,238.81,8.37,15.7,6.3,8.8
01/09/2026,08:57:00,1.991,0.332,241.12,7.9,11.2,4.4,8.5
01/09/2026,08:58:00,2.103,0.384,240.58,8.63,14.1,4.5,9.5
01/09/2026,08:59:00,1.976,0.29,240.47,8.07,16.6,4.9,6.4
01/09/2026,09:00:00,2.089,0.34,241.1,8.64,14.8,3.9,8.3
01/09/2026,09:01:00,1.931,0.343,239.32,7.93,13.3,2.8,6.4
01/09/2026,09:02:00,2.064,0.359,238.98,8.74,13.0,3.0,8.8
01/09/2026,09:03:00,2.136,0.39,240.46,8.91,16.2,4.8,9.7
01/09/2026,09:04:00,1.823,0.349,240.38,7.72,11.1,3.8,10.6
01/09/2026,09:05:00,1.957,0.328,238.96,8.33,15.1,2.2,12.0
01/09/2026,09:06:00,2.066,0.38,240.41,8.7,17.8,5.2,8.1
01/09/2026,09:07:00,2.003,0.323,239.87,8.3,14.4,2.5,8.1
01/09/2026,09:08:00,2.049,0.369,239.58,8.57,12.8,2.1,11.5
01/09/2026,09:09:00,1.97,0.382,239.9,8.14,12.9,2.4,10.0
01/09/2026,09:10:00,2.025,0.373,238.42,8.29,12.2,4.0,11.5
01/09/2026,09:11:00,2.005,0.343,239.71,8.51,11.8,4.9,13.1
01/09/2026,09:12:00,2.111,0.345,239.62,8.8,13.2,4.0,7.0
01/09/2026,09:13:00,2.037,0.306,240.49,8.24,14.3,2.9,10.6
01/09/2026,09:14:00,2.043,0.353,239.98,8.59,16.1,2.6,7.6
01/09/2026,09:15:00,1.982,0.31,240.53,8.21,8.9,4.7,12.3
01/09/2026,09:16:00,1.976,0.317,238.29,7.98,7.8,3.6,6.3
01/09/2026,09:17:00,1.979,0.308,239.48,8.06,15.9,4.2,11.0
01/09/2026,09:18:00,2.045,0.334,240.45,8.4,12.7,3.6,7.8
01/09/2026,09:19:00,1.979,0.337,239.84,8.28,12.7,4.2,10.2
01/09/2026,09:20:00,2.035,0.351,240.64,8.57,13.4,4.4,11.8
01/09/2026,09:21:00,2.177,0.346,238.77,9.23,11.9,7.0,7.6
01/09/2026,09:22:00,2.08,0.376,240.54,8.74,16.2,4.4,5.8
01/09/2026,09:23:00,1.983,0.333,239.57,8.27,13.2,3.4,8.5
01/09/2026,09:24:00,2.104,0.333,239.5,9.04,11.2,4.2,8.3
01/09/2026,09:25:00,1.975,0.343,240.7,8.31,11.3,2.8,6.3
01/09/2026,09:26:00,1.843,0.37,240.81,7.69,11.6,2.8,4.7
01/09/2026,09:27:00,1.925,0.339,240.71,8.08,10.3,5.7,11.8
01/09/2026,09:28:00,1.855,0.314,241.41,7.62,15.2,4.5,12.5
01/09/2026,09:29:00,1.975,0.299,240.86,8.19,11.9,5.6,7.9
01/09/2026,09:30:00,2.004,0.335,239.41,8.06,9.3,2.0,8.6
01/09/2026,09:31:00,2.136,0.362,240.05,8.84,12.3,2.9,11.0
01/09/2026,09:32:00,2.027,0.334,239.69,8.72,14.3,4.6,11.1
01/09/2026,09:33:00,1.982,0.296,241.36,8.23,13.5,3.1,13.2
01/09/2026,09:34:00,2.065,0.327,240.7,8.59,9.8,2.4,10.7
01/09/2026,09:35:00,1.821,0.355,239.79,7.74,9.0,2.9,7.1
01/09/2026,09:36:00,2.015,0.378,240.53,8.43,14.0,3.9,11.1
01/09/2026,09:37:00,2.057,0.325,239.04,8.49,7.8,4.9,7.9
01/09/2026,09:38:00,1.876,0.342,240.07,7.82,11.7,6.6,9.3
01/09/2026,09:39:00,2.085,0.321,239.23,8.54,9.8,3.0,11.9
01/09/2026,09:40:00,2.019,0.377,238.7,8.49,13.4,3.1,7.5
01/09/2026,09:41:00,1.958,0.341,240.42,8.02,8.6,2.6,9.3
01/09/2026,09:42:00,2.04,0.369,240.5,8.62,9.1,5.2,6.8
01/09/2026,09:43:00,2.17,0.318,240.17,8.96,11.8,4.7,7.3
01/09/2026,09:44:00,2.002,0.357,239.72,8.23,12.1,3.3,8.3
01/09/2026,09:45:00,2.006,0.341,238.95,8.38,13.1,3.5,13.1
01/09/2026,09:46:00,1.948,0.355,239.02,8.21,11.3,4.4,9.6
01/09/2026,09:47:00,1.916,0.353,239.14,7.83,10.9,4.5,15.4
01/09/2026,09:48:00,2.049,0.348,239.65,8.47,12.3,3.3,11.7
01/09/2026,09:49:00,1.913,0.315,240.56,7.97,7.3,4.9,11.8
01/09/2026,09:50:00,1.986,0.358,240.54,8.46,8.2,2.9,7.2
01/09/2026,09:51:00,1.941,0.331,238.63,7.75,7.3,4.8,9.3
01/09/2026,09:52:00,2.016,0.32,239.29,8.52,4.5,4.5,7.2
01/09/2026,09:53:00,2.003,0.317,239.27,8.32,11.4,5.3,9.0
01/09/2026,09:54:00,2.059,0.31,237.99,8.58,12.5,6.4,8.7
01/09/2026,09:55:00,1.934,0.319,240.15,7.95,10.7,4.3,9.7
01/09/2026,09:56:00,1.951,0.362,239.57,8.09,10.3,4.8,11.6
01/09/2026,09:57:00,1.894,0.332,239.66,7.99,9.6,2.3,9.2
01/09/2026,09:58:00,1.935,0.319,240.67,7.96,9.5,7.5,11.7
01/09/2026,09:59:00,2.0,0.36,239.78,8.59,12.7,2.5,6.6
01/09/2026,10:00:00,2.029,0.323,239.41,8.57,12.3,4.8,10.8
01/09/2026,10:01:00,1.893,0.33,240.11,7.91,8.0,1.7,8.9
01/09/2026,10:02:00,2.035,0.34,240.44,8.44,11.3,3.9,10.5
01/09/2026,10:03:00,2.073,0.368,239.9,8.82,11.4,7.3,11.8
01/09/2026,10:04:00,1.996,0.3,240.16,8.51,10.2,6.5,6.8
01/09/2026,10:05:00,2.112,0.332,239.57,8.64,9.6,6.4,13.2
01/09/2026,10:06:00,1.899,0.287,239.61,7.82,9.4,4.9,9.5
01/09/2026,10:07:00,1.86,0.317,239.74,7.85,5.7,7.3,14.1
01/09/2026,10:08:00,1.816,0.348,239.12,7.74,5.4,5.5,10.2
01/09/2026,10:09:00,2.077,0.337,239.24,8.64,10.1,6.1,12.9
01/09/2026,10:10:00,2.008,0.328,240.6,8.24,6.2,8.6,10.2
01/09/2026,10:11:00,1.95,0.356,241.03,8.1,5.6,6.6,10.7
01/09/2026,10:12:00,1.976,0.364,240.73,8.43,4.1,5.2,10.3
01/09/2026,10:13:00,1.862,0.321,238.68,7.81,7.3,5.9,9.6
01/09/2026,10:14:00,2.147,0.375,238.61,8.81,8.9,7.1,9.6
01/09/2026,10:15:00,1.96,0.308,238.76,8.23,9.0,6.1,10.6
01/09/2026,10:16:00,1.957,0.369,239.68,8.28,9.7,6.4,11.4
01/09/2026,10:17:00,2.005,0.394,237.61,8.42,7.1,7.0,10.7
01/09/2026,10:18:00,1.984,0.351,239.16,8.49,8.1,8.7,11.3
01/09/2026,10:19:00,1.963,0.283,240.55,8.29,9.5,4.2,6.9
01/09/2026,10:20:00,1.88,0.312,240.24,7.82,8.6,6.4,12.2
01/09/2026,10:21:00,1.98,0.353,239.19,8.28,6.5,6.1,8.6
01/09/2026,10:22:00,2.092,0.34,239.23,8.47,8.2,5.0,6.6
01/09/2026,10:23:00,2.048,0.378,239.93,8.72,3.5,4.7,14.3
01/09/2026,10:24:00,2.066,0.363,240.18,8.55,7.4,7.7,13.4
01/09/2026,10:25:00,1.897,0.31,239.14,7.87,6.1,4.2,10.3
01/09/2026,10:26:00,1.857,0.324,239.34,7.68,10.3,3.7,12.7
01/09/2026,10:27:00,1.925,0.309,239.1,8.12,5.3,4.9,9.6
01/09/2026,10:28:00,1.938,0.328,238.56,7.96,7.4,3.3,9.3
01/09/2026,10:29:00,2.02,0.329,239.33,8.29,6.2,4.5,9.1
01/09/2026,10:30:00,1.796,0.345,239.27,7.5,5.9,4.3,9.0
01/09/2026,10:31:00,2.053,0.399,238.58,8.51,7.7,5.8,9.8
01/09/2026,10:32:00,1.916,0.294,239.91,8.04,6.0,7.6,8.9
01/09/2026,10:33:00,1.894,0.279,239.79,7.81,10.5,4.9,4.2
01/09/2026,10:34:00,1.846,0.315,239.93,7.93,2.8,6.9,10.1
01/09/2026,10:35:00,1.793,0.277,238.9,7.61,8.0,6.7,8.3
01/09/2026,10:36:00,1.99,0.34,238.04,8.46,6.5,2.9,11.2
01/09/2026,10:37:00,1.929,0.35,239.75,7.96,6.5,5.1,10.0
01/09/2026,10:38:00,1.819,0.356,238.95,7.97,7.1,5.3,11.9
01/09/2026,10:39:00,1.817,0.323,238.78,7.54,8.4,6.3,10.6
01/09/2026,10:40:00,1.893,0.322,238.52,7.83,6.9,6.6,7.8
01/09/2026,10:41:00,2.052,0.297,239.2,8.68,8.3,6.3,7.8
01/09/2026,10:42:00,1.896,0.328,240.49,7.92,6.3,4.7,7.9
01/09/2026,10:43:00,1.796,0.317,239.02,7.39,4.1,5.1,8.7
01/09/2026,10:44:00,1.895,0.343,238.6,8.27,6.0,4.0,9.1
01/09/2026,10:45:00,1.892,0.309,239.82,8.04,8.4,6.0,12.7
01/09/2026,10:46:00,1.697,0.293,239.47,7.09,5.2,5.5,11.1
01/09/2026,10:47:00,1.907,0.292,237.86,8.38,3.8,6.7,6.6
01/09/2026,10:48:00,1.892,0.27,239.8,8.01,7.1,6.9,8.8
01/09/2026,10:49:00,1.965,0.308,240.82,8.16,6.5,5.6,10.6
01/09/2026,10:50:00,2.056,0.307,237.5,9.0,4.3,6.4,8.5
01/09/2026,10:51:00,1.997,0.348,238.45,8.47,5.3,5.7,10.9
01/09/2026,10:52:00,1.884,0.313,237.31,8.03,5.3,4.6,8.9
01/09/2026,10:53:00,1.816,0.304,239.25,7.53,5.6,5.0,10.5
01/09/2026,10:54:00,2.109,0.328,239.99,8.79,6.9,3.1,9.5
01/09/2026,10:55:00,1.907,0.248,239.36,7.9,4.7,5.6,11.0
01/09/2026,10:56:00,1.902,0.366,240.25,8.13,6.9,5.3,14.0
01/09/2026,10:57:00,1.897,0.303,239.85,7.67,4.4,4.7,12.8
01/09/2026,10:58:00,1.914,0.319,240.45,8.16,8.7,7.2,8.5
01/09/2026,10:59:00,1.885,0.29,240.07,7.72,8.7,6.8,16.4
01/09/2026,11:00:00,1.85,0.346,238.97,7.73,3.6,6.9,13.5
01/09/2026,11:01:00,1.851,0.326,239.29,7.69,2.8,7.0,9.4
01/09/2026,11:02:00,1.891,0.306,238.63,7.85,7.1,6.1,9.0
01/09/2026,11:03:00,1.849,0.312,239.07,7.84,5.6,6.1,11.6
01/09/2026,11:04:00,1.834,0.362,239.26,7.66,6.2,7.3,12.5
01/09/2026,11:05:00,1.898,0.326,239.15,7.84,3.7,7.0,14.8
01/09/2026,11:06:00,1.868,0.32,240.14,7.8,4.7,7.5,12.1
01/09/2026,11:07:00,2.007,0.317,238.97,8.3,4.2,6.1,9.5
01/09/2026,11:08:00,1.674,0.253,238.54,6.94,5.5,4.9,9.9
01/09/2026,11:09:00,1.972,0.333,238.58,8.04,2.4,6.5,12.4
01/09/2026,11:10:00,1.983,0.346,239.64,8.21,4.6,5.5,8.0
01/09/2026,11:11:00,1.716,0.333,238.19,7.28,2.3,7.1,14.3
01/09/2026,11:12:00,1.853,0.266,239.02,7.76,3.7,6.6,9.8
01/09/2026,11:13:00,1.85,0.294,240.09,7.98,4.5,6.3,13.1
01/09/2026,11:14:00,1.766,0.297,239.35,7.77,5.6,5.7,13.7
01/09/2026,11:15:00,1.815,0.318,239.09,7.52,5.8,7.6,17.8
01/09/2026,11:16:00,1.787,0.311,239.11,7.35,6.1,7.5,10.4
01/09/2026,11:17:00,2.015,0.339,238.41,8.62,1.5,5.5,10.5
01/09/2026,11:18:00,1.948,0.344,238.52,8.22,7.0,4.7,10.4
01/09/2026,11:19:00,1.973,0.314,238.98,8.43,3.1,6.5,11.5
01/09/2026,11:20:00,1.928,0.355,239.3,8.12,3.3,7.8,9.7
01/09/2026,11:21:00,1.779,0.324,239.77,7.39,4.9,4.6,13.8
01/09/2026,11:22:00,1.826,0.311,239.16,7.61,3.6,6.9,13.4
01/09/2026,11:23:00,1.906,0.369,240.04,8.0,5.0,5.2,10.6
01/09/2026,11:24:00,1.767,0.351,240.21,7.33,5.3,5.0,9.6
01/09/2026,11:25:00,1.921,0.354,239.63,8.2,2.7,7.5,10.2
01/09/2026,11:26:00,1.843,0.246,239.93,7.49,3.8,7.1,10.2
01/09/2026,11:27:00,1.831,0.359,238.37,7.86,3.8,6.1,12.3
01/09/2026,11:28:00,1.916,0.35,238.25,7.76,6.0,7.3,11.6
01/09/2026,11:29:00,1.894,0.377,239.41,7.93,3.1,7.2,13.0
01/09/2026,11:30:00,1.828,0.35,238.1,7.63,3.0,4.4,14.5
01/09/2026,11:31:00,1.948,0.373,238.83,7.93,2.0,6.4,11.9
01/09/2026,11:32:00,1.767,0.334,239.57,7.07,2.2,8.1,12.6
01/09/2026,11:33:00,1.901,0.362,240.01,7.76,1.2,6.9,16.7
01/09/2026,11:34:00,1.898,0.378,238.84,7.95,2.5,2.9,12.5
01/09/2026,11:35:00,1.824,0.324,238.56,7.56,7.1,4.9,10.2
01/09/2026,11:36:00,1.874,0.286,239.23,7.68,5.2,7.6,11.1
01/09/2026,11:37:00,1.746,0.302,238.25,7.53,6.4,5.6,7.6
01/09/2026,11:38:00,1.919,0.34,238.87,7.85,1.9,7.7,12.5
01/09/2026,11:39:00,1.828,0.321,238.98,7.75,0.0,8.9,10.1
01/09/2026,11:40:00,1.8,0.285,238.96,7.4,4.4,6.0,9.4
01/09/2026,11:41:00,1.924,0.29,239.04,7.88,7.4,5.5,9.4
01/09/2026,11:42:00,1.782,0.295,238.38,7.38,2.7,5.0,13.9
01/09/2026,11:43:00,1.724,0.327,238.45,7.32,3.9,7.3,10.8
01/09/2026,11:44:00,1.711,0.345,238.43,6.97,0.5,5.5,13.0
01/09/2026,11:45:00,1.882,0.349,237.82,7.96,3.7,5.7,12.2
01/09/2026,11:46:00,1.729,0.334,239.18,7.09,3.3,4.8,11.8
01/09/2026,11:47:00,1.971,0.334,239.56,8.11,0.0,5.7,10.6
01/09/2026,11:48:00,1.662,0.256,239.49,7.0,1.5,5.3,12.5
01/09/2026,11:49:00,1.962,0.324,238.74,8.55,1.3,3.7,10.5
01/09/2026,11:50:00,1.842,0.315,238.35,7.59,0.3,5.1,11.8
01/09/2026,11:51:00,1.816,0.305,239.44,7.69,2.0,7.2,13.9
01/09/2026,11:52:00,1.778,0.315,239.36,7.38,4.5,8.0,14.3
01/09/2026,11:53:00,1.852,0.333,239.06,7.67,2.2,6.1,10.5
01/09/2026,11:54:00,1.815,0.339,240.12,7.72,5.7,6.2,12.3
01/09/2026,11:55:00,1.905,0.322,238.87,7.85,2.7,6.6,12.7
01/09/2026,11:56:00,1.824,0.271,238.71,7.47,4.0,8.7,12.0
01/09/2026,11:57:00,1.825,0.307,238.6,7.72,4.3,4.8,13.2
01/09/2026,11:58:00,1.782,0.315,237.78,7.73,6.4,4.5,13.2
01/09/2026,11:59:00,1.804,0.347,239.33,7.65,1.9,6.1,15.5
01/09/2026,12:00:00,1.832,0.306,238.79,7.46,4.2,6.6,16.2
01/09/2026,12:01:00,1.668,0.313,239.22,6.88,1.4,6.1,11.1
01/09/2026,12:02:00,1.695,0.311,240.14,7.21,6.7,4.3,15.2
01/09/2026,12:03:00,1.861,0.324,238.58,8.04,1.1,7.2,12.5
01/09/2026,12:04:00,1.813,0.341,237.21,7.68,4.0,5.9,11.1
01/09/2026,12:05:00,1.783,0.297,239.17,7.37,6.3,6.8,12.9
01/09/2026,12:06:00,1.797,0.301,238.95,7.77,0.8,8.1,11.0
01/09/2026,12:07:00,1.821,0.318,238.31,7.63,4.3,4.1,11.5
01/09/2026,12:08:00,1.748,0.294,239.1,7.22,1.2,3.8,9.1
01/09/2026,12:09:00,1.727,0.32,239.37,7.1,7.8,6.8,11.7
01/09/2026,12:10:00,1.803,0.299,238.15,7.39,0.0,3.4,13.6
01/09/2026,12:11:00,1.707,0.311,238.6,7.58,0.1,5.5,13.2
01/09/2026,12:12:00,1.816,0.315,239.84,7.79,0.8,5.2,12.4
01/09/2026,12:13:00,1.645,0.303,238.29,6.81,0.9,6.4,15.4
01/09/2026,12:14:00,1.862,0.312,238.84,8.05,4.1,5.1,16.3
01/09/2026,12:15:00,1.815,0.309,236.95,7.74,6.6,6.6,12.7
01/09/2026,12:16:00,1.795,0.318,237.74,7.62,5.3,4.5,15.1
01/09/2026,12:17:00,1.851,0.327,238.89,7.64,3.5,4.3,12.4
01/09/2026,12:18:00,1.904,0.328,239.63,7.87,3.0,5.9,11.8
01/09/2026,12:19:00,1.85,0.365,237.81,7.77,1.8,6.0,13.7
01/09/2026,12:20:00,1.619,0.27,238.82,6.48,3.8,6.2,11.5
01/09/2026,12:21:00,1.662,0.298,238.5,6.89,2.5,7.7,6.4
01/09/2026,12:22:00,1.712,0.266,239.42,7.15,3.3,7.5,11.1
01/09/2026,12:23:00,1.762,0.321,237.9,7.6,1.5,6.4,8.3
01/09/2026,12:24:00,1.799,0.288,239.05,7.43,0.5,6.8,10.8
01/09/2026,12:25:00,1.697,0.297,238.28,7.24,3.0,6.1,10.5
01/09/2026,12:26:00,1.768,0.303,238.89,7.09,2.9,7.3,10.5
01/09/2026,12:27:00,1.69,0.31,238.78,7.25,1.7,6.2,9.4
01/09/2026,12:28:00,1.699,0.29,238.55,6.99,1.4,5.0,9.0
01/09/2026,12:29:00,1.633,0.281,239.06,6.85,4.0,4.7,10.3
01/09/2026,12:30:00,1.67,0.336,238.75,7.05,3.8,7.2,10.9
01/09/2026,12:31:00,1.633,0.303,238.62,6.88,6.6,5.4,11.0
01/09/2026,12:32:00,1.661,0.285,238.46,6.95,5.6,8.1,12.3
01/09/2026,12:33:00,1.821,0.312,238.76,7.44,0.5,4.2,13.3
01/09/2026,12:34:00,1.658,0.34,238.86,6.81,2.4,7.2,9.5
01/09/2026,12:35:00,1.942,0.327,238.0,8.31,0.1,5.0,9.8
01/09/2026,12:36:00,1.769,0.295,238.45,7.33,0.0,6.1,15.4
01/09/2026,12:37:00,1.742,0.292,237.95,7.3,7.2,3.8,13.4
01/09/2026,12:38:00,1.656,0.285,238.66,6.71,5.8,3.1,10.0
01/09/2026,12:39:00,1.778,0.299,238.27,7.59,1.5,7.4,9.0
01/09/2026,12:40:00,1.674,0.269,239.22,6.8,5.3,4.9,10.6
01/09/2026,12:41:00,1.727,0.279,239.14,7.36,5.6,6.7,11.2
01/09/2026,12:42:00,1.919,0.31,238.02,7.9,0.0,4.5,13.2
01/09/2026,12:43:00,1.704,0.319,238.66,7.29,4.5,6.7,6.7
01/09/2026,12:44:00,1.802,0.307,239.11,7.54,1.8,4.8,9.6
01/09/2026,12:45:00,1.651,0.293,238.53,6.84,3.5,3.8,15.7
01/09/2026,12:46:00,1.702,0.336,238.14,7.39,8.8,6.1,11.8
01/09/2026,12:47:00,1.844,0.354,237.89,7.74,5.9,6.5,11.9
01/09/2026,12:48:00,1.649,0.291,239.24,6.84,2.5,6.1,10.5
01/09/2026,12:49:00,1.842,0.305,239.27,7.83,5.6,5.0,13.5
01/09/2026,12:50:00,1.751,0.289,238.49,7.12,0.0,2.9,7.8
01/09/2026,12:51:00,1.647,0.315,239.17,6.51,3.7,3.8,10.8
01/09/2026,12:52:00,1.74,0.304,236.56,7.53,3.8,4.2,7.2
01/09/2026,12:53:00,1.765,0.302,239.56,7.24,4.1,4.8,11.7
01/09/2026,12:54:00,1.734,0.288,238.52,7.4,1.7,6.6,10.8
01/09/2026,12:55:00,1.556,0.267,238.72,6.52,3.5,4.9,8.2
01/09/2026,12:56:00,1.621,0.302,238.39,6.62,4.4,2.3,14.0
01/09/2026,12:57:00,1.657,0.266,239.59,7.0,0.0,1.7,13.3
01/09/2026,12:58:00,1.668,0.325,237.87,6.95,2.1,4.1,14.0
01/09/2026,12:59:00,1.721,0.293,239.64,7.02,0.9,4.3,8.5
01/09/2026,13:00:00,1.683,0.298,238.88,6.89,4.0,5.4,9.6
01/09/2026,13:01:00,1.559,0.254,239.04,6.26,5.4,3.0,14.4
01/09/2026,13:02:00,1.694,0.303,238.37,7.17,1.5,3.1,13.6
01/09/2026,13:03:00,1.709,0.297,237.68,7.05,0.5,5.5,14.9
01/09/2026,13:04:00,1.703,0.303,239.25,7.11,2.9,6.6,11.3
01/09/2026,13:05:00,1.742,0.346,238.81,7.27,0.4,2.3,11.6
01/09/2026,13:06:00,1.719,0.311,239.54,7.04,2.2,3.8,13.2
01/09/2026,13:07:00,1.687,0.283,238.45,6.85,2.0,6.2,8.8
01/09/2026,13:08:00,1.642,0.279,238.29,7.27,3.8,6.0,12.2
01/09/2026,13:09:00,1.512,0.296,239.55,6.3,3.3,3.5,17.4
01/09/2026,13:10:00,1.676,0.334,239.92,7.26,3.0,6.2,11.0
01/09/2026,13:11:00,1.656,0.306,238.58,7.12,6.0,4.7,8.3
01/09/2026,13:12:00,1.658,0.316,238.05,6.92,3.2,5.5,12.7
01/09/2026,13:13:00,1.532,0.299,239.14,6.43,1.8,3.7,9.8
01/09/2026,13:14:00,1.545,0.321,238.39,6.5,2.1,5.0,11.6
01/09/2026,13:15:00,1.713,0.257,238.98,7.44,1.2,3.0,14.2
01/09/2026,13:16:00,1.623,0.311,238.38,6.93,0.6,3.8,13.0
01/09/2026,13:17:00,1.678,0.326,239.66,6.88,0.0,4.1,10.7
01/09/2026,13:18:00,1.623,0.261,238.07,6.87,5.0,4.7,13.7
01/09/2026,13:19:00,1.62,0.272,238.89,6.9,1.2,7.6,8.1
01/09/2026,13:20:00,1.691,0.282,238.21,6.92,3.3,7.7,12.2
01/09/2026,13:21:00,1.572,0.27,238.35,6.67,2.1,3.9,11.0
01/09/2026,13:22:00,1.618,0.282,238.26,6.99,2.6,6.3,6.6
01/09/2026,13:23:00,1.571,0.295,239.06,6.44,5.0,2.9,9.2
01/09/2026,13:24:00,1.57,0.31,239.19,6.46,3.0,4.8,11.8
01/09/2026,13:25:00,1.578,0.316,238.93,6.78,0.8,3.4,13.5
01/09/2026,13:26:00,1.617,0.273,238.47,6.73,1.6,3.7,11.9
01/09/2026,13:27:00,1.559,0.266,238.64,6.38,4.4,7.7,11.2
01/09/2026,13:28:00,1.695,0.336,239.17,7.22,3.7,3.7,13.6
01/09/2026,13:29:00,1.52,0.299,239.19,6.44,4.5,3.3,12.4
01/09/2026,13:30:00,1.574,0.291,236.65,6.67,2.2,2.8,14.0
01/09/2026,13:31:00,1.552,0.298,238.34,6.68,0.0,3.1,13.1
01/09/2026,13:32:00,1.7,0.303,238.37,7.31,3.7,2.2,10.3
01/09/2026,13:33:00,1.597,0.305,239.0,6.67,3.2,4.3,13.3
01/09/2026,13:34:00,1.662,0.291,238.48,7.26,3.3,4.3,13.9
01/09/2026,13:35:00,1.458,0.282,239.03,6.34,0.0,4.4,14.9
01/09/2026,13:36:00,1.595,0.254,237.77,6.41,1.4,4.0,10.7
01/09/2026,13:37:00,1.643,0.28,238.7,6.73,0.9,3.2,11.0
01/09/2026,13:38:00,1.576,0.272,239.15,6.25,3.5,3.1,13.8
01/09/2026,13:39:00,1.652,0.289,237.49,6.91,3.6,4.1,13.7
01/09/2026,13:40:00,1.523,0.26,240.28,6.16,2.7,3.8,10.7
01/09/2026,13:41:00,1.674,0.288,239.35,6.87,4.7,3.0,10.3
01/09/2026,13:42:00,1.743,0.271,238.52,7.47,5.7,3.4,10.9
01/09/2026,13:43:00,1.528,0.297,237.93,6.16,3.5,5.8,12.0
01/09/2026,13:44:00,1.519,0.28,238.39,6.39,4.1,6.3,9.9
01/09/2026,13:45:00,1.668,0.258,238.57,7.01,1.7,3.4,12.7
01/09/2026,13:46:00,1.676,0.28,238.82,7.0,1.3,2.7,8.0
01/09/2026,13:47:00,1.505,0.289,239.56,6.3,4.8,3.6,10.0
01/09/2026,13:48:00,1.511,0.268,238.18,6.01,1.0,5.1,12.2
01/09/2026,13:49:00,1.52,0.265,238.9,6.24,4.2,3.6,9.8
01/09/2026,13:50:00,1.432,0.27,237.6,6.26,6.2,4.0,10.9
01/09/2026,13:51:00,1.464,0.284,238.22,5.97,4.1,2.7,11.5
01/09/2026,13:52:00,1.455,0.239,238.77,6.34,2.7,2.0,16.5
01/09/2026,13:53:00,1.472,0.29,238.99,5.95,0.1,4.5,8.9
01/09/2026,13:54:00,1.528,0.263,237.98,6.19,3.2,3.7,12.3
01/09/2026,13:55:00,1.547,0.285,238.2,6.35,4.9,4.3,9.6
01/09/2026,13:56:00,1.65,0.297,239.53,7.06,2.5,1.2,9.5
01/09/2026,13:57:00,1.444,0.26,239.32,5.95,4.9,5.8,9.9
01/09/2026,13:58:00,1.601,0.266,238.65,6.76,3.6,3.7,11.5
01/09/2026,13:59:00,1.503,0.273,236.94,6.35,3.4,1.0,15.0
01/09/2026,14:00:00,1.514,0.322,240.26,6.29,2.2,4.6,14.4
01/09/2026,14:01:00,1.57,0.254,238.49,6.77,0.0,2.8,10.8
01/09/2026,14:02:00,1.424,0.313,238.28,6.09,2.0,3.3,11.2
01/09/2026,14:03:00,1.542,0.279,238.13,6.3,2.0,2.6,13.1
01/09/2026,14:04:00,1.523,0.284,238.76,6.34,4.1,3.1,11.9
01/09/2026,14:05:00,1.547,0.258,238.77,6.74,2.9,3.1,10.4
01/09/2026,14:06:00,1.528,0.264,239.17,6.44,5.1,1.0,13.3
01/09/2026,14:07:00,1.7,0.291,237.85,6.92,3.5,4.3,15.4
01/09/2026,14:08:00,1.45,0.248,238.28,5.87,1.9,3.3,14.1
01/09/2026,14:09:00,1.457,0.27,239.92,6.21,1.3,3.7,14.8
01/09/2026,14:10:00,1.448,0.264,238.66,6.17,1.8,4.1,11.5
01/09/2026,14:11:00,1.451,0.32,238.38,5.95,3.3,3.2,9.4
01/09/2026,14:12:00,1.443,0.244,237.84,6.18,2.2,3.4,7.4
01/09/2026,14:13:00,1.587,0.293,238.85,6.88,0.8,1.1,7.3
01/09/2026,14:14:00,1.604,0.299,239.22,6.92,5.0,1.9,11.4
01/09/2026,14:15:00,1.443,0.246,239.11,6.27,3.3,3.0,12.9
01/09/2026,14:16:00,1.42,0.288,238.32,6.04,3.6,3.2,13.7
01/09/2026,14:17:00,1.523,0.273,238.75,6.35,1.4,3.4,12.3
01/09/2026,14:18:00,1.439,0.21,239.67,5.94,1.0,4.7,10.2
01/09/2026,14:19:00,1.532,0.3,239.25,6.4,2.7,2.7,13.2
01/09/2026,14:20:00,1.496,0.252,237.95,6.16,0.0,3.3,9.2
01/09/2026,14:21:00,1.357,0.237,236.72,5.68,4.7,2.9,9.4
01/09/2026,14:22:00,1.601,0.309,238.71,6.9,1.7,2.4,13.2
01/09/2026,14:23:00,1.619,0.286,239.06,6.53,2.6,2.5,9.1
01/09/2026,14:24:00,1.425,0.294,237.74,5.76,4.0,1.7,10.1
01/09/2026,14:25:00,1.442,0.303,238.5,6.17,2.7,2.5,9.7
01/09/2026,14:26:00,1.494,0.263,238.32,6.22,0.8,2.4,12.2
01/09/2026,14:27:00,1.497,0.299,238.58,5.98,6.2,2.5,13.1
01/09/2026,14:28:00,1.521,0.264,238.13,6.38,0.1,0.4,13.2
01/09/2026,14:29:00,1.628,0.351,239.41,6.77,0.0,2.5,10.5
01/09/2026,14:30:00,1.452,0.257,238.61,6.02,5.0,1.4,11.4
01/09/2026,14:31:00,1.401,0.294,237.9,5.99,0.3,2.5,13.4
01/09/2026,14:32:00,1.353,0.283,239.16,5.46,5.8,1.1,10.6
01/09/2026,14:33:00,1.404,0.276,237.63,5.91,4.0,2.6,9.8
01/09/2026,14:34:00,1.459,0.258,239.41,6.06,3.8,2.1,10.4
01/09/2026,14:35:00,1.604,0.289,239.21,6.71,2.2,1.7,10.5
01/09/2026,14:36:00,1.418,0.216,239.49,5.66,1.7,2.8,11.9
01/09/2026,14:37:00,1.476,0.283,238.41,6.11,2.6,2.9,11.8
01/09/2026,14:38:00,1.456,0.283,238.17,6.12,1.6,2.3,11.5
01/09/2026,14:39:00,1.551,0.289,238.58,6.58,5.8,3.1,10.1
01/09/2026,14:40:00,1.657,0.225,238.46,7.23,1.9,1.8,9.8
01/09/2026,14:41:00,1.412,0.238,238.07,6.05,4.4,2.9,13.3
01/09/2026,14:42:00,1.414,0.251,238.14,6.01,5.4,2.3,12.6
01/09/2026,14:43:00,1.536,0.292,238.27,6.64,1.7,1.0,10.9
01/09/2026,14:44:00,1.507,0.288,237.71,6.29,4.2,1.2,11.7
01/09/2026,14:45:00,1.599,0.288,239.01,6.92,1.7,3.8,14.5
01/09/2026,14:46:00,1.497,0.296,238.5,6.45,3.1,4.3,11.7
01/09/2026,14:47:00,1.421,0.245,238.32,5.9,2.6,3.2,11.8
01/09/2026,14:48:00,1.497,0.295,237.76,6.58,2.1,1.5,15.2
01/09/2026,14:49:00,1.538,0.296,237.73,6.53,3.9,4.0,14.2
01/09/2026,14:50:00,1.514,0.291,239.9,6.64,1.1,3.0,10.4
01/09/2026,14:51:00,1.489,0.274,238.1,6.3,5.5,2.6,14.2
01/09/2026,14:52:00,1.533,0.33,238.97,6.33,1.5,4.5,11.5
01/09/2026,14:53:00,1.541,0.297,238.66,6.34,1.1,1.0,9.5
01/09/2026,14:54:00,1.557,0.263,236.61,6.53,3.2,3.1,14.7
01/09/2026,14:55:00,1.498,0.286,239.81,6.16,2.9,1.0,10.3
01/09/2026,14:56:00,1.433,0.291,239.03,6.19,4.4,1.3,10.7
01/09/2026,14:57:00,1.458,0.26,238.02,6.12,3.9,5.4,11.0
01/09/2026,14:58:00,1.543,0.312,238.54,6.22,0.5,2.7,16.4
01/09/2026,14:59:00,1.381,0.275,237.75,5.84,5.7,4.4,9.8
01/09/2026,15:00:00,1.475,0.218,239.84,6.17,3.2,2.7,10.6
01/09/2026,15:01:00,1.414,0.277,237.93,5.87,4.3,2.5,11.1
01/09/2026,15:02:00,1.448,0.264,238.2,6.12,8.2,1.1,13.0
01/09/2026,15:03:00,1.548,0.299,238.06,6.5,6.4,3.2,11.7
01/09/2026,15:04:00,1.461,0.299,238.63,6.22,4.3,2.0,10.4
01/09/2026,15:05:00,1.45,0.279,239.53,6.14,1.2,2.0,13.3
01/09/2026,15:06:00,1.338,0.302,239.83,5.63,1.2,1.5,14.9
01/09/2026,15:07:00,1.506,0.276,238.3,6.13,6.3,1.7,8.3
01/09/2026,15:08:00,1.499,0.295,238.85,6.59,3.2,1.9,10.4
01/09/2026,15:09:00,1.62,0.315,238.64,6.56,3.7,2.0,13.0
01/09/2026,15:10:00,1.423,0.268,237.9,5.96,1.8,1.8,9.2
01/09/2026,15:11:00,1.466,0.295,240.29,5.94,5.0,0.0,11.6
01/09/2026,15:12:00,1.469,0.261,239.55,6.19,6.4,2.5,14.7
01/09/2026,15:13:00,1.576,0.279,238.73,6.62,7.2,1.6,13.3
01/09/2026,15:14:00,1.442,0.24,239.71,5.99,3.3,0.0,13.1
01/09/2026,15:15:00,1.473,0.283,239.45,6.38,5.5,0.0,13.6
01/09/2026,15:16:00,1.5,0.288,238.66,6.45,4.0,1.1,12.7
01/09/2026,15:17:00,1.467,0.306,238.84,6.09,6.0,3.4,11.2
01/09/2026,15:18:00,1.417,0.29,239.67,6.03,4.3,2.5,14.1
01/09/2026,15:19:00,1.469,0.269,237.95,6.41,2.7,0.8,10.9
01/09/2026,15:20:00,1.541,0.255,239.79,6.59,7.0,1.4,11.6
01/09/2026,15:21:00,1.374,0.276,238.46,5.74,4.6,3.1,8.3
01/09/2026,15:22:00,1.467,0.304,239.69,5.88,3.7,0.8,10.9
01/09/2026,15:23:00,1.402,0.287,238.62,5.92,4.8,0.2,12.2
01/09/2026,15:24:00,1.554,0.314,238.87,6.61,3.0,2.8,12.1
01/09/2026,15:25:00,1.338,0.255,238.61,5.49,5.3,3.1,14.1
01/09/2026,15:26:00,1.417,0.258,238.27,5.95,4.1,0.8,11.1
01/09/2026,15:27:00,1.493,0.261,238.45,6.25,3.0,2.2,11.2
01/09/2026,15:28:00,1.589,0.289,239.61,6.84,9.4,1.5,10.9
01/09/2026,15:29:00,1.46,0.273,237.03,6.44,2.6,0.8,12.6
01/09/2026,15:30:00,1.422,0.276,237.78,6.16,5.4,3.1,15.5
01/09/2026,15:31:00,1.619,0.291,238.15,6.78,4.8,0.7,7.0
01/09/2026,15:32:00,1.354,0.259,237.9,5.86,2.7,2.5,11.0
01/09/2026,15:33:00,1.295,0.236,239.72,5.5,4.1,1.6,11.3
01/09/2026,15:34:00,1.508,0.305,239.55,6.28,2.1,1.3,7.4
01/09/2026,15:35:00,1.435,0.274,239.09,6.31,9.0,0.8,11.8
01/09/2026,15:36:00,1.395,0.263,238.23,5.74,4.4,0.2,11.3
01/09/2026,15:37:00,1.535,0.266,239.61,6.5,4.6,1.1,11.2
01/09/2026,15:38:00,1.5,0.247,237.57,6.44,8.9,0.8,9.7
01/09/2026,15:39:00,1.437,0.305,240.19,5.94,3.4,1.6,12.0
01/09/2026,15:40:00,1.382,0.28,238.21,5.88,7.6,0.0,9.6
01/09/2026,15:41:00,1.556,0.246,238.51,6.66,6.3,1.2,10.3
01/09/2026,15:42:00,1.54,0.304,238.4,6.5,1.2,1.9,11.8
01/09/2026,15:43:00,1.482,0.301,237.95,6.3,4.4,0.5,14.4
01/09/2026,15:44:00,1.64,0.3,240.05,6.85,6.1,2.3,13.1
01/09/2026,15:45:00,1.409,0.309,239.26,6.01,5.3,2.5,13.6
01/09/2026,15:46:00,1.375,0.27,239.57,5.71,5.4,0.0,16.6
01/09/2026,15:47:00,1.444,0.238,237.86,6.02,4.1,0.4,13.2
01/09/2026,15:48:00,1.498,0.289,238.85,6.28,3.9,0.0,10.0
01/09/2026,15:49:00,1.524,0.289,239.09,6.55,4.8,1.9,11.0
01/09/2026,15:50:00,1.487,0.263,238.92,5.96,9.4,1.5,10.4
01/09/2026,15:51:00,1.538,0.299,237.93,6.33,3.7,0.0,12.0
01/09/2026,15:52:00,1.412,0.228,239.5,6.24,4.6,0.5,11.4
01/09/2026,15:53:00,1.63,0.32,238.83,6.87,5.7,1.7,10.3
01/09/2026,15:54:00,1.511,0.259,238.08,6.28,2.7,1.4,14.4
01/09/2026,15:55:00,1.61,0.269,237.46,6.9,6.6,2.9,14.6
01/09/2026,15:56:00,1.551,0.283,239.19,6.36,3.2,0.0,12.8
01/09/2026,15:57:00,1.563,0.298,240.48,6.18,3.6,1.3,10.2
01/09/2026,15:58:00,1.575,0.293,238.06,6.67,3.6,0.0,12.7
01/09/2026,15:59:00,1.568,0.27,238.89,6.45,2.6,1.4,11.1
01/09/2026,16:00:00,1.587,0.278,239.56,6.64,8.5,1.0,15.3
01/09/2026,16:01:00,1.645,0.269,237.9,6.96,7.0,1.6,9.8
01/09/2026,16:02:00,1.557,0.281,238.45,6.55,7.9,0.7,13.9
01/09/2026,16:03:00,1.601,0.319,238.19,6.47,7.7,2.2,13.9
01/09/2026,16:04:00,1.541,0.285,239.49,6.44,5.8,0.3,14.5
01/09/2026,16:05:00,1.667,0.321,239.73,7.02,6.1,0.0,13.0
01/09/2026,16:06:00,1.501,0.316,238.92,6.07,8.3,1.5,11.8
01/09/2026,16:07:00,1.702,0.29,238.23,6.92,9.6,3.6,17.8
01/09/2026,16:08:00,1.559,0.282,238.51,6.37,3.8,0.0,10.6
01/09/2026,16:09:00,1.451,0.328,238.38,6.2,11.4,0.0,14.2
01/09/2026,16:10:00,1.579,0.326,238.15,6.33,3.8,1.5,12.7
01/09/2026,16:11:00,1.518,0.24,238.76,6.48,5.6,2.6,13.4
01/09/2026,16:12:00,1.644,0.307,239.24,6.93,6.7,1.5,13.4
01/09/2026,16:13:00,1.528,0.283,239.19,6.35,6.9,0.4,10.3
01/09/2026,16:14:00,1.548,0.306,238.85,6.26,10.6,1.7,9.7
01/09/2026,16:15:00,1.437,0.254,238.9,5.9,8.7,1.8,9.9
01/09/2026,16:16:00,1.556,0.266,238.81,6.63,7.6,0.2,11.8
01/09/2026,16:17:00,1.402,0.251,237.96,6.08,8.9,2.2,13.3
01/09/2026,16:18:00,1.473,0.263,238.99,6.01,7.6,1.1,11.3
01/09/2026,16:19:00,1.665,0.32,238.47,7.15,5.6,0.0,9.6
01/09/2026,16:20:00,1.671,0.271,237.94,7.13,8.0,0.9,14.8
01/09/2026,16:21:00,1.647,0.282,239.15,6.88,7.2,0.4,9.5
01/09/2026,16:22:00,1.54,0.24,238.47,6.35,5.4,2.8,13.9
01/09/2026,16:23:00,1.617,0.319,239.06,6.68,9.7,0.0,11.2
01/09/2026,16:24:00,1.625,0.327,239.5,7.06,7.1,0.4,15.6
01/09/2026,16:25:00,1.537,0.276,238.25,6.48,5.0,1.4,11.8
01/09/2026,16:26:00,1.755,0.303,238.98,7.54,5.4,4.2,9.1
01/09/2026,16:27:00,1.709,0.316,237.66,7.23,8.5,3.6,12.9
01/09/2026,16:28:00,1.626,0.332,240.0,6.71,9.6,1.0,11.1
01/09/2026,16:29:00,1.651,0.308,237.98,7.02,8.5,1.5,14.8
01/09/2026,16:30:00,1.67,0.283,238.58,7.32,8.6,1.8,13.8
01/09/2026,16:31:00,1.495,0.239,239.88,6.13,6.0,0.0,11.7
01/09/2026,16:32:00,1.643,0.269,238.79,7.02,7.9,1.0,10.9
01/09/2026,16:33:00,1.613,0.295,238.12,6.8,7.1,2.8,10.7
01/09/2026,16:34:00,1.592,0.275,239.46,6.43,7.5,1.2,11.9
01/09/2026,16:35:00,1.655,0.303,239.45,6.69,7.7,3.6,16.2
01/09/2026,16:36:00,1.826,0.305,238.53,7.59,6.7,0.4,12.9
01/09/2026,16:37:00,1.739,0.282,238.62,7.34,9.5,0.9,15.3
01/09/2026,16:38:00,1.647,0.268,238.69,7.03,6.1,0.9,10.0
01/09/2026,16:39:00,1.744,0.348,238.85,7.07,5.6,0.0,9.0
01/09/2026,16:40:00,1.815,0.34,237.68,7.74,6.7,2.4,11.2
01/09/2026,16:41:00,1.782,0.357,238.88,7.44,10.1,0.6,14.8
01/09/2026,16:42:00,1.719,0.32,240.26,7.15,9.1,1.3,12.7
01/09/2026,16:43:00,1.667,0.289,238.39,7.08,4.9,0.2,15.3
01/09/2026,16:44:00,1.78,0.347,238.62,7.72,9.7,3.2,16.2
01/09/2026,16:45:00,1.762,0.311,238.21,7.44,8.5,2.6,11.3
01/09/2026,16:46:00,1.807,0.322,239.47,7.34,7.8,1.0,15.3
01/09/2026,16:47:00,1.792,0.314,239.89,7.44,8.2,0.0,16.5
01/09/2026,16:48:00,1.831,0.246,239.88,7.76,6.1,1.9,15.8
01/09/2026,16:49:00,1.71,0.345,238.19,7.31,9.2,2.4,10.0
01/09/2026,16:50:00,1.863,0.336,239.42,7.88,6.4,0.0,9.5
01/09/2026,16:51:00,1.78,0.322,240.08,7.34,8.3,0.8,12.6
01/09/2026,16:52:00,1.936,0.331,239.44,7.88,8.4,1.1,12.7
01/09/2026,16:53:00,1.72,0.311,239.42,7.27,10.7,2.4,15.5
01/09/2026,16:54:00,1.92,0.315,238.76,7.86,9.3,0.7,11.6
01/09/2026,16:55:00,1.803,0.332,239.25,7.64,10.7,2.2,14.6
01/09/2026,16:56:00,1.741,0.276,239.97,7.36,7.0,0.0,11.4
01/09/2026,16:57:00,1.76,0.316,239.34,7.29,9.2,0.0,14.5
01/09/2026,16:58:00,1.78,0.328,238.25,7.45,10.6,3.3,12.8
01/09/2026,16:59:00,1.845,0.316,238.81,7.76,12.1,0.0,14.6
01/09/2026,17:00:00,1.859,0.332,239.98,7.66,7.4,0.0,13.1
01/09/2026,17:01:00,1.778,0.289,239.37,7.22,8.1,1.9,9.1
01/09/2026,17:02:00,1.828,0.295,239.23,7.63,10.8,0.2,15.1
01/09/2026,17:03:00,2.007,0.347,238.77,8.42,13.1,0.2,16.5
01/09/2026,17:04:00,1.98,0.355,239.99,8.46,10.5,0.7,12.2
01/09/2026,17:05:00,1.883,0.279,240.33,7.72,7.8,0.0,15.8
01/09/2026,17:06:00,1.858,0.336,240.06,7.9,7.9,2.4,12.7
01/09/2026,17:07:00,1.871,0.311,240.19,7.62,10.5,1.1,11.1
01/09/2026,17:08:00,1.917,0.325,238.94,7.82,11.0,0.0,12.8
01/09/2026,17:09:00,1.792,0.282,238.84,7.46,9.9,0.0,13.8
01/09/2026,17:10:00,1.86,0.302,239.09,7.64,8.3,0.0,11.3
01/09/2026,17:11:00,1.754,0.335,239.24,7.13,12.7,0.0,17.2
01/09/2026,17:12:00,1.926,0.332,240.22,8.31,9.9,1.2,10.9
01/09/2026,17:13:00,1.952,0.325,240.04,8.06,11.7,1.2,13.1
01/09/2026,17:14:00,1.868,0.321,239.61,8.14,7.2,1.7,12.3
01/09/2026,17:15:00,2.039,0.357,238.24,8.41,13.2,1.8,17.3
01/09/2026,17:16:00,1.822,0.33,238.06,7.4,9.5,1.7,11.1
01/09/2026,17:17:00,1.81,0.315,239.42,7.75,13.7,2.9,16.3
01/09/2026,17:18:00,1.952,0.362,239.88,8.03,12.3,2.4,14.9
01/09/2026,17:19:00,2.024,0.367,239.21,8.48,8.3,2.1,11.8
01/09/2026,17:20:00,2.082,0.36,240.61,8.45,11.7,1.2,13.8
01/09/2026,17:21:00,1.917,0.331,238.52,8.03,14.6,1.8,14.2
01/09/2026,17:22:00,2.047,0.362,238.44,8.38,10.2,0.3,15.9
01/09/2026,17:23:00,1.965,0.344,238.83,8.21,14.8,0.6,13.2
01/09/2026,17:24:00,1.961,0.362,238.81,8.14,12.3,3.1,16.1
01/09/2026,17:25:00,2.052,0.369,239.68,8.6,14.3,0.1,14.8
01/09/2026,17:26:00,2.041,0.319,239.02,8.63,12.0,0.0,15.7
01/09/2026,17:27:00,1.869,0.297,238.24,7.88,11.6,0.4,12.8
01/09/2026,17:28:00,2.12,0.337,239.96,8.9,15.6,0.2,14.3
01/09/2026,17:29:00,2.12,0.379,238.11,8.89,13.4,0.3,15.1
01/09/2026,17:30:00,1.966,0.297,238.6,8.18,11.6,1.2,15.1
01/09/2026,17:31:00,2.055,0.356,238.22,8.7,13.0,1.2,14.8
01/09/2026,17:32:00,2.07,0.357,239.51,8.63,11.1,2.0,19.6
01/09/2026,17:33:00,2.058,0.376,239.5,8.58,12.5,3.7,16.3
01/09/2026,17:34:00,2.0,0.345,240.72,8.37,14.8,0.4,16.6
01/09/2026,17:35:00,1.998,0.306,240.03,8.17,12.1,0.8,15.6
01/09/2026,17:36:00,2.057,0.323,240.4,8.77,10.8,0.0,16.3
01/09/2026,17:37:00,2.16,0.33,239.6,8.98,10.7,0.0,15.6
01/09/2026,17:38:00,2.116,0.341,238.72,8.88,12.9,0.7,19.2
01/09/2026,17:39:00,2.05,0.341,239.51,8.55,11.2,1.5,15.1
01/09/2026,17:40:00,2.149,0.329,239.84,9.06,10.0,1.5,17.1
01/09/2026,17:41:00,1.866,0.361,239.92,7.83,10.6,1.6,19.9
01/09/2026,17:42:00,2.193,0.33,239.11,9.17,15.4,2.5,16.8
01/09/2026,17:43:00,1.969,0.37,239.79,8.43,12.9,3.1,14.7
01/09/2026,17:44:00,2.087,0.38,238.8,8.26,13.3,0.5,13.8
01/09/2026,17:45:00,2.033,0.366,238.73,8.7,11.4,0.0,14.3
01/09/2026,17:46:00,2.026,0.326,238.69,8.63,12.2,1.7,16.3
01/09/2026,17:47:00,2.23,0.376,239.5,9.04,12.2,2.1,19.4
01/09/2026,17:48:00,2.107,0.321,238.66,8.97,13.0,1.0,16.9
01/09/2026,17:49:00,2.179,0.384,239.2,9.27,10.3,0.6,14.7
01/09/2026,17:50:00,2.155,0.357,240.13,9.06,15.9,0.2,14.9
01/09/2026,17:51:00,2.204,0.354,238.79,9.0,13.8,0.8,15.3
01/09/2026,17:52:00,2.179,0.331,239.16,9.21,14.3,1.7,12.7
01/09/2026,17:53:00,2.078,0.287,239.58,8.82,15.8,0.0,14.7
01/09/2026,17:54:00,2.267,0.346,239.71,9.37,15.7,0.0,14.6
01/09/2026,17:55:00,2.155,0.386,239.19,9.08,13.0,1.6,21.9
01/09/2026,17:56:00,2.077,0.339,240.1,8.6,15.4,0.0,17.9
01/09/2026,17:57:00,2.175,0.357,239.97,9.19,15.5,1.0,13.5
01/09/2026,17:58:00,2.336,0.397,240.36,9.67,15.0,1.0,12.4
01/09/2026,17:59:00,2.291,0.42,239.52,9.48,16.6,0.8,13.1
01/09/2026,18:00:00,2.202,0.397,239.22,9.2,16.2,0.0,19.1
01/09/2026,18:01:00,2.209,0.341,239.11,9.04,16.1,3.1,13.0
01/09/2026,18:02:00,2.219,0.318,239.81,9.23,17.5,1.3,19.6
01/09/2026,18:03:00,2.418,0.449,239.34,10.16,14.9,0.2,16.6
01/09/2026,18:04:00,2.289,0.431,239.21,9.7,15.0,1.3,15.6
01/09/2026,18:05:00,2.3,0.381,239.31,9.65,16.6,3.2,13.6
01/09/2026,18:06:00,2.355,0.351,239.15,9.63,14.7,0.9,18.9
01/09/2026,18:07:00,2.299,0.4,239.78,9.79,16.1,2.8,17.4
01/09/2026,18:08:00,2.266,0.369,238.66,9.71,14.1,0.0,18.2
01/09/2026,18:09:00,2.278,0.371,239.87,9.51,10.8,0.0,15.7
01/09/2026,18:10:00,2.295,0.398,240.14,9.44,16.6,0.0,17.8
01/09/2026,18:11:00,2.304,0.385,239.26,9.55,12.4,3.4,19.6
01/09/2026,18:12:00,2.373,0.355,241.02,9.81,14.2,0.0,17.7
01/09/2026,18:13:00,2.325,0.371,239.7,9.74,17.3,1.0,14.1
01/09/2026,18:14:00,2.387,0.403,238.6,9.96,17.4,3.1,17.6
01/09/2026,18:15:00,2.328,0.392,239.51,9.59,18.2,2.1,18.1
01/09/2026,18:16:00,2.348,0.388,239.75,9.95,11.9,1.3,20.2
01/09/2026,18:17:00,2.188,0.386,240.03,9.16,16.6,2.5,17.8
01/09/2026,18:18:00,2.428,0.382,239.55,9.98,15.5,0.0,19.0
01/09/2026,18:19:00,2.389,0.391,239.03,10.04,18.1,1.5,18.0
01/09/2026,18:20:00,2.448,0.309,238.98,10.27,19.2,0.7,13.6
01/09/2026,18:21:00,2.143,0.346,239.29,8.85,13.7,0.6,18.5
01/09/2026,18:22:00,2.549,0.425,239.37,10.83,16.4,1.1,17.0
01/09/2026,18:23:00,2.377,0.375,238.97,9.97,18.1,2.3,21.1
01/09/2026,18:24:00,2.483,0.386,239.26,10.35,15.8,2.9,13.6
01/09/2026,18:25:00,2.318,0.352,240.25,9.64,20.1,0.5,14.3
01/09/2026,18:26:00,2.457,0.42,240.95,10.26,15.9,0.0,18.4
01/09/2026,18:27:00,2.33,0.393,240.33,9.68,16.2,0.0,20.2
01/09/2026,18:28:00,2.37,0.405,240.72,9.83,14.7,3.3,16.6
01/09/2026,18:29:00,2.58,0.366,240.5,10.89,17.2,2.7,16.6
01/09/2026,18:30:00,2.418,0.386,240.41,9.84,10.9,0.0,17.4
01/09/2026,18:31:00,2.456,0.388,239.6,10.06,16.6,3.0,15.9
01/09/2026,18:32:00,2.515,0.395,239.94,10.6,19.7,0.0,19.2
01/09/2026,18:33:00,2.491,0.384,239.56,10.76,14.4,1.7,15.9
01/09/2026,18:34:00,2.469,0.388,239.71,10.43,14.0,0.0,18.6
01/09/2026,18:35:00,2.493,0.42,239.91,10.67,19.6,3.6,14.1
01/09/2026,18:36:00,2.662,0.372,240.37,11.01,19.9,0.1,20.9
01/09/2026,18:37:00,2.471,0.441,240.18,10.19,14.8,0.0,12.4
01/09/2026,18:38:00,2.497,0.412,239.78,10.48,21.0,0.2,14.8
01/09/2026,18:39:00,2.571,0.407,239.94,10.86,18.5,4.2,22.1
01/09/2026,18:40:00,2.581,0.432,240.21,10.55,19.8,1.1,17.4
01/09/2026,18:41:00,2.593,0.375,240.38,10.76,16.2,0.0,15.8
01/09/2026,18:42:00,2.555,0.39,238.86,10.69,20.8,0.0,14.4
01/09/2026,18:43:00,2.418,0.387,239.18,10.01,17.4,0.0,16.3
01/09/2026,18:44:00,2.646,0.452,240.72,10.91,17.4,1.5,17.9
01/09/2026,18:45:00,2.429,0.39,239.91,10.25,19.0,0.0,18.4
01/09/2026,18:46:00,2.55,0.417,239.66,10.71,17.3,2.2,18.0
01/09/2026,18:47:00,2.471,0.382,239.78,10.42,15.1,1.8,13.4
01/09/2026,18:48:00,2.531,0.416,239.79,10.61,18.5,0.7,17.7
01/09/2026,18:49:00,2.568,0.45,240.37,10.55,17.7,2.4,18.1
01/09/2026,18:50:00,2.572,0.434,239.22,10.82,16.9,2.0,18.2
01/09/2026,18:51:00,2.586,0.408,240.02,10.63,20.9,1.0,17.5
01/09/2026,18:52:00,2.686,0.439,240.18,11.14,23.3,0.0,14.7
01/09/2026,18:53:00,2.598,0.426,240.29,10.66,16.7,1.3,15.4
01/09/2026,18:54:00,2.547,0.418,240.18,10.51,19.0,1.3,20.1
01/09/2026,18:55:00,2.648,0.446,240.39,11.03,17.9,1.4,15.8
01/09/2026,18:56:00,2.671,0.448,239.64,11.08,23.3,0.9,15.9
01/09/2026,18:57:00,2.482,0.395,239.39,10.24,19.8,1.2,16.9
01/09/2026,18:58:00,2.633,0.432,241.78,11.06,20.7,1.2,14.9
01/09/2026,18:59:00,2.646,0.408,239.86,11.01,21.3,2.6,19.0
01/09/2026,19:00:00,2.57,0.385,239.95,10.63,19.3,0.0,14.8
01/09/2026,19:01:00,2.71,0.418,240.56,11.1,18.7,0.0,20.0
01/09/2026,19:02:00,2.594,0.409,241.21,10.47,22.1,0.9,14.7
01/09/2026,19:03:00,2.621,0.373,239.72,10.9,20.7,0.0,17.1
01/09/2026,19:04:00,2.603,0.434,239.41,10.67,17.5,1.1,18.5
01/09/2026,19:05:00,2.624,0.346,239.25,11.07,17.8,0.0,19.5
01/09/2026,19:06:00,2.54,0.473,241.24,10.53,18.5,0.0,17.3
01/09/2026,19:07:00,2.518,0.44,239.41,10.75,21.7,3.5,16.3
01/09/2026,19:08:00,2.766,0.425,240.12,11.55,22.4,0.5,21.0
01/09/2026,19:09:00,2.576,0.409,239.47,10.65,23.8,0.0,18.3
01/09/2026,19:10:00,2.57,0.416,239.14,10.46,18.1,0.7,17.6
01/09/2026,19:11:00,2.482,0.383,239.96,10.46,19.9,2.2,14.0
01/09/2026,19:12:00,2.608,0.418,239.52,10.69,18.8,2.4,18.5
01/09/2026,19:13:00,2.558,0.403,239.7,10.61,19.3,0.0,18.1
01/09/2026,19:14:00,2.8,0.434,241.6,11.84,21.6,0.0,15.1
01/09/2026,19:15:00,2.754,0.435,240.5,11.54,19.7,1.1,16.4
01/09/2026,19:16:00,2.623,0.382,240.86,10.95,22.4,0.8,18.4
01/09/2026,19:17:00,2.862,0.444,240.79,12.03,18.8,0.0,19.2
01/09/2026,19:18:00,2.765,0.436,240.15,11.65,21.4,0.0,16.0
01/09/2026,19:19:00,2.665,0.423,239.92,11.34,19.0,0.0,16.0
01/09/2026,19:20:00,2.495,0.394,240.42,10.29,16.3,0.0,18.5
01/09/2026,19:21:00,2.882,0.474,240.37,11.94,18.0,0.2,16.5
01/09/2026,19:22:00,2.592,0.402,239.86,10.67,20.3,2.4,17.9
01/09/2026,19:23:00,2.575,0.415,240.36,10.71,23.9,0.0,22.3
01/09/2026,19:24:00,2.793,0.468,239.78,11.63,19.2,2.2,18.3
01/09/2026,19:25:00,2.91,0.447,240.16,11.85,19.8,0.8,20.7
01/09/2026,19:26:00,2.829,0.445,240.06,11.69,21.2,0.6,15.7
01/09/2026,19:27:00,2.767,0.43,239.41,11.77,19.0,0.0,16.8
01/09/2026,19:28:00,2.773,0.464,238.66,11.65,19.3,2.3,16.8
01/09/2026,19:29:00,2.797,0.429,239.66,11.78,20.4,1.0,16.1
01/09/2026,19:30:00,2.792,0.467,241.59,11.54,19.5,0.0,14.7
01/09/2026,19:31:00,2.757,0.428,240.11,11.2,16.8,1.3,19.0
01/09/2026,19:32:00,2.746,0.408,240.88,11.38,19.1,0.0,19.5
01/09/2026,19:33:00,2.736,0.445,238.86,11.61,21.6,0.9,16.5
01/09/2026,19:34:00,2.683,0.414,239.65,11.02,21.7,1.1,17.0
01/09/2026,19:35:00,2.724,0.442,239.42,11.49,23.1,2.4,18.8
01/09/2026,19:36:00,2.614,0.345,240.23,10.62,23.0,0.0,18.7
01/09/2026,19:37:00,2.744,0.429,242.07,11.34,18.7,1.5,21.0
01/09/2026,19:38:00,2.675,0.409,240.71,11.19,19.1,2.5,21.2
01/09/2026,19:39:00,2.668,0.394,241.58,11.0,19.2,4.1,17.3
01/09/2026,19:40:00,2.773,0.419,240.23,11.91,20.3,2.2,18.6
01/09/2026,19:41:00,2.872,0.43,241.37,11.82,19.4,1.3,16.6
01/09/2026,19:42:00,2.836,0.439,241.87,11.64,20.3,1.2,22.1
01/09/2026,19:43:00,2.639,0.382,240.35,11.01,18.9,2.8,19.4
01/09/2026,19:44:00,2.687,0.43,240.06,11.08,22.2,0.4,21.0
01/09/2026,19:45:00,2.843,0.475,239.52,11.65,18.8,1.8,18.0
01/09/2026,19:46:00,2.691,0.43,240.24,11.04,18.7,3.7,21.1
01/09/2026,19:47:00,2.753,0.451,240.52,11.56,21.8,0.7,20.5
01/09/2026,19:48:00,2.816,0.465,241.89,11.6,22.2,0.0,21.7
01/09/2026,19:49:00,2.696,0.454,239.57,11.51,20.3,0.0,15.9
01/09/2026,19:50:00,2.783,0.481,240.52,11.5,22.5,1.2,19.0
01/09/2026,19:51:00,2.669,0.408,239.22,11.26,22.4,0.0,21.3
01/09/2026,19:52:00,2.728,0.409,240.2,11.44,24.6,0.3,16.8
01/09/2026,19:53:00,2.803,0.456,240.72,11.58,22.2,0.4,20.0
01/09/2026,19:54:00,2.651,0.436,240.87,10.87,24.2,1.5,20.1
01/09/2026,19:55:00,2.814,0.457,240.93,11.42,20.9,0.0,20.4
01/09/2026,19:56:00,2.778,0.481,240.81,11.62,23.6,0.0,19.6
01/09/2026,19:57:00,2.824,0.439,240.94,11.9,23.6,2.6,20.3
01/09/2026,19:58:00,2.798,0.446,240.58,11.39,20.5,0.2,19.9
01/09/2026,19:59:00,2.889,0.422,239.82,11.99,19.4,1.7,21.5
01/09/2026,20:00:00,2.79,0.488,239.27,11.56,19.8,0.8,17.3
01/09/2026,20:01:00,2.746,0.421,240.19,11.51,21.6,0.8,19.6
01/09/2026,20:02:00,2.79,0.427,240.48,11.55,18.5,1.8,21.6
01/09/2026,20:03:00,2.823,0.43,241.46,11.89,19.9,0.0,17.2
01/09/2026,20:04:00,2.783,0.418,240.52,11.51,23.2,1.4,17.4
01/09/2026,20:05:00,2.782,0.416,240.46,11.38,22.1,1.5,20.0
01/09/2026,20:06:00,2.722,0.414,240.88,11.23,16.1,1.9,21.9
01/09/2026,20:07:00,2.724,0.393,240.43,11.28,18.1,0.3,18.6
01/09/2026,20:08:00,2.664,0.4,241.19,11.13,25.1,0.8,19.1
01/09/2026,20:09:00,2.916,0.499,242.02,11.99,23.1,0.0,19.7
01/09/2026,20:10:00,2.675,0.439,242.17,11.11,19.6,0.0,17.8
01/09/2026,20:11:00,2.718,0.449,240.71,11.17,17.8,1.0,23.7
01/09/2026,20:12:00,2.715,0.455,240.89,11.23,18.2,2.7,16.8
01/09/2026,20:13:00,2.842,0.487,241.77,11.64,21.7,3.2,19.0
01/09/2026,20:14:00,2.746,0.385,240.56,11.29,24.7,0.4,19.1
01/09/2026,20:15:00,2.868,0.413,241.15,12.08,24.5,1.9,14.0
01/09/2026,20:16:00,2.712,0.405,239.89,11.2,17.5,0.6,16.9
01/09/2026,20:17:00,2.787,0.423,240.47,11.54,20.1,0.0,15.8
01/09/2026,20:18:00,2.696,0.416,241.51,11.32,18.9,1.6,20.4
01/09/2026,20:19:00,2.932,0.441,240.2,12.32,20.9,3.2,15.0
01/09/2026,20:20:00,2.663,0.425,240.62,11.31,17.9,0.3,20.8
01/09/2026,20:21:00,2.781,0.435,239.62,11.68,19.5,0.0,16.1
01/09/2026,20:22:00,2.805,0.418,242.13,11.49,18.8,0.9,20.8
01/09/2026,20:23:00,2.785,0.38,241.62,11.83,21.6,0.6,15.6
01/09/2026,20:24:00,2.734,0.403,240.87,11.44,19.5,4.2,19.6
01/09/2026,20:25:00,2.736,0.415,241.1,11.32,19.7,2.1,20.7
01/09/2026,20:26:00,2.747,0.423,241.03,11.41,21.5,1.0,19.9
01/09/2026,20:27:00,2.729,0.399,241.73,11.32,23.7,0.0,15.9
01/09/2026,20:28:00,2.815,0.426,240.41,11.67,24.6,0.6,21.1
01/09/2026,20:29:00,2.912,0.421,241.29,11.86,21.3,3.2,19.8
01/09/2026,20:30:00,2.687,0.419,241.54,11.37,20.2,0.9,13.4
01/09/2026,20:31:00,2.619,0.387,241.64,10.83,22.9,1.9,18.8
01/09/2026,20:32:00,2.718,0.405,239.22,11.39,22.6,1.3,24.7
01/09/2026,20:33:00,2.928,0.419,240.39,12.49,22.0,0.2,20.9
01/09/2026,20:34:00,2.654,0.415,240.1,10.95,17.0,3.0,17.4
01/09/2026,20:35:00,2.846,0.42,240.92,11.91,22.6,1.0,19.6
01/09/2026,20:36:00,2.845,0.464,239.42,11.76,20.8,0.0,17.5
01/09/2026,20:37:00,2.663,0.43,239.4,11.17,18.3,0.8,20.6
01/09/2026,20:38:00,2.748,0.428,242.36,11.37,18.7,2.7,16.6
01/09/2026,20:39:00,2.829,0.42,241.28,11.84,21.2,0.0,21.0
01/09/2026,20:40:00,2.664,0.429,240.94,11.24,15.0,1.2,20.3
01/09/2026,20:41:00,2.674,0.438,241.12,11.0,19.7,0.9,19.7
01/09/2026,20:42:00,2.64,0.42,240.97,11.17,18.6,0.0,22.8
01/09/2026,20:43:00,2.601,0.452,241.57,10.99,18.3,1.8,20.4
01/09/2026,20:44:00,2.625,0.427,240.44,10.88,18.9,1.1,20.4
01/09/2026,20:45:00,2.575,0.432,241.02,10.68,16.8,1.9,20.6
01/09/2026,20:46:00,2.671,0.424,241.05,11.01,21.8,2.3,19.7
01/09/2026,20:47:00,2.602,0.429,240.17,10.79,15.4,0.7,19.1
01/09/2026,20:48:00,2.677,0.401,241.8,10.89,20.0,0.1,16.5
01/09/2026,20:49:00,2.529,0.392,240.6,10.63,17.9,0.0,16.5
01/09/2026,20:50:00,2.675,0.43,,10.76,23.5,0.0,18.9
01/09/2026,20:51:00,2.71,0.434,241.01,11.14,19.5,0.8,19.3
01/09/2026,20:52:00,2.479,0.41,242.08,10.23,15.2,0.0,17.9
01/09/2026,20:53:00,2.663,0.447,240.21,11.28,20.5,1.6,16.8
01/09/2026,20:54:00,2.726,0.391,240.19,11.27,17.1,0.0,17.5
01/09/2026,20:55:00,2.525,0.379,240.32,10.57,21.2,0.0,17.7
01/09/2026,20:56:00,2.75,0.436,241.05,11.4,20.5,0.0,18.3
01/09/2026,20:57:00,2.644,0.399,242.05,11.07,22.1,1.0,17.2
01/09/2026,20:58:00,2.549,0.49,242.09,10.58,19.5,0.0,20.2
01/09/2026,20:59:00,2.595,0.424,239.36,10.97,20.7,0.0,17.4
01/09/2026,21:00:00,2.638,0.415,241.16,10.86,19.1,0.0,16.2
01/09/2026,21:01:00,2.594,0.398,238.74,10.71,17.8,0.2,17.4
01/09/2026,21:02:00,2.625,0.403,241.55,10.92,21.0,1.2,15.1
01/09/2026,21:03:00,2.502,0.401,241.79,10.27,16.4,1.6,21.9
01/09/2026,21:04:00,2.583,0.413,240.98,10.72,18.7,0.2,18.8
01/09/2026,21:05:00,2.45,0.383,241.08,10.21,17.6,0.0,17.3
01/09/2026,21:06:00,2.548,0.399,241.07,10.76,20.3,1.0,20.4
01/09/2026,21:07:00,2.478,0.431,240.48,10.42,16.7,1.5,16.8
01/09/2026,21:08:00,2.485,0.433,241.34,10.19,17.7,2.9,17.1
01/09/2026,21:09:00,2.636,0.423,240.88,10.77,18.5,2.3,15.6
01/09/2026,21:10:00,2.618,0.381,241.7,11.09,21.4,0.0,15.1
01/09/2026,21:11:00,2.573,0.422,240.97,10.44,17.3,0.6,17.5
01/09/2026,21:12:00,2.43,0.43,240.46,10.04,17.5,1.4,19.4
01/09/2026,21:13:00,2.485,0.432,239.99,10.45,15.5,0.0,15.1
01/09/2026,21:14:00,2.601,0.43,239.77,11.09,16.2,0.3,16.4
01/09/2026,21:15:00,2.508,0.437,241.99,10.34,18.9,1.7,16.4
01/09/2026,21:16:00,2.675,0.422,240.76,11.12,18.1,1.1,18.5
01/09/2026,21:17:00,2.514,0.417,241.32,10.29,18.0,0.8,15.8
01/09/2026,21:18:00,2.491,0.382,242.34,10.3,21.3,0.0,18.4
01/09/2026,21:19:00,2.444,0.401,240.71,9.98,14.4,0.0,18.3
01/09/2026,21:20:00,2.472,0.43,240.67,10.16,22.3,0.4,15.2
01/09/2026,21:21:00,2.442,0.378,241.02,10.25,20.0,0.7,15.9
01/09/2026,21:22:00,2.503,0.379,241.14,10.32,16.9,0.0,16.7
01/09/2026,21:23:00,2.516,0.404,242.44,10.51,18.3,0.9,15.5
01/09/2026,21:24:00,2.369,0.379,242.22,9.76,16.1,1.3,14.5
01/09/2026,21:25:00,2.318,0.394,241.57,9.39,18.0,0.0,19.6
01/09/2026,21:26:00,2.27,0.361,242.15,9.55,21.6,1.3,12.4
01/09/2026,21:27:00,2.45,0.437,241.02,9.97,15.9,1.2,16.8
01/09/2026,21:28:00,2.313,0.345,241.36,9.49,16.7,0.4,19.2
01/09/2026,21:29:00,2.221,0.398,240.94,9.19,15.5,0.3,14.4
01/09/2026,21:30:00,2.417,0.371,240.26,10.21,15.8,0.4,16.2
01/09/2026,21:31:00,2.578,0.364,242.01,10.57,16.1,0.0,18.0
01/09/2026,21:32:00,2.37,0.39,241.54,9.67,14.6,1.2,9.3
01/09/2026,21:33:00,2.429,0.385,241.19,10.1,16.2,0.0,15.8
01/09/2026,21:34:00,2.361,0.356,241.18,9.76,16.8,0.0,12.4
01/09/2026,21:35:00,2.339,0.339,240.13,9.67,15.8,1.4,17.9
01/09/2026,21:36:00,2.412,0.389,240.51,10.06,11.9,0.5,14.0
01/09/2026,21:37:00,2.307,0.401,241.43,9.38,16.1,0.9,19.6
01/09/2026,21:38:00,2.344,0.396,240.83,9.47,16.3,0.0,13.5
01/09/2026,21:39:00,2.34,0.382,241.05,10.03,20.1,0.1,16.6
01/09/2026,21:40:00,2.253,0.382,241.14,9.36,16.3,3.0,13.6
01/09/2026,21:41:00,2.377,0.385,240.74,9.9,18.0,0.0,15.0
01/09/2026,21:42:00,2.276,0.337,240.54,9.34,15.2,3.1,15.4
01/09/2026,21:43:00,2.221,0.331,240.1,9.38,18.6,1.1,15.4
01/09/2026,21:44:00,2.316,0.373,241.13,9.52,14.0,0.1,18.9
01/09/2026,21:45:00,2.193,0.359,241.67,8.66,16.8,0.5,18.4
01/09/2026,21:46:00,2.259,0.392,240.09,9.32,17.4,2.4,13.5
01/09/2026,21:47:00,2.247,0.389,241.23,9.27,17.0,0.0,15.2
01/09/2026,21:48:00,2.326,0.394,241.45,9.61,19.9,2.6,12.5
01/09/2026,21:49:00,2.269,0.365,240.56,9.4,14.3,1.1,11.9
01/09/2026,21:50:00,2.221,0.332,242.25,9.07,18.2,2.1,13.5
01/09/2026,21:51:00,2.28,0.384,240.99,9.35,17.6,0.0,18.6
01/09/2026,21:52:00,2.317,0.391,241.2,9.56,15.3,0.5,11.1
01/09/2026,21:53:00,2.242,0.309,241.16,9.05,18.8,0.0,16.0
01/09/2026,21:54:00,2.189,0.342,240.04,8.83,14.8,2.4,15.7
01/09/2026,21:55:00,2.075,0.332,241.99,8.59,15.0,0.0,13.0
01/09/2026,21:56:00,2.086,0.353,240.62,8.69,14.9,0.0,16.0
01/09/2026,21:57:00,2.138,0.337,241.12,9.0,12.3,0.0,15.9
01/09/2026,21:58:00,2.105,0.352,241.71,8.67,16.3,1.4,14.4
01/09/2026,21:59:00,2.131,0.35,242.32,8.61,15.9,0.9,14.1
01/09/2026,22:00:00,2.141,0.353,240.55,8.61,14.4,0.0,13.8
01/09/2026,22:01:00,2.171,0.343,240.99,8.87,18.0,1.1,12.4
01/09/2026,22:02:00,2.114,0.338,242.28,8.79,13.5,0.0,14.6
01/09/2026,22:03:00,2.15,0.331,241.64,9.11,10.9,0.0,13.0
01/09/2026,22:04:00,2.107,0.362,241.79,8.72,18.0,0.3,14.4
01/09/2026,22:05:00,1.935,0.347,240.59,7.86,16.2,2.9,12.7
01/09/2026,22:06:00,2.01,0.322,241.06,8.2,15.3,2.1,12.5
01/09/2026,22:07:00,2.065,0.386,241.21,8.43,13.3,1.4,12.7
01/09/2026,22:08:00,1.971,0.329,240.73,8.12,14.6,1.1,16.6
01/09/2026,22:09:00,2.107,0.391,240.16,8.94,11.3,0.3,10.7
01/09/2026,22:10:00,2.172,0.345,240.98,9.19,13.3,1.8,17.6
01/09/2026,22:11:00,2.139,0.306,242.29,8.8,11.8,1.5,15.3
01/09/2026,22:12:00,2.015,0.352,241.39,8.38,14.1,0.7,10.1
01/09/2026,22:13:00,2.143,0.363,242.31,8.72,15.3,1.1,12.3
01/09/2026,22:14:00,2.027,0.344,241.48,8.14,11.3,0.0,9.9
01/09/2026,22:15:00,1.979,0.321,240.82,8.49,14.8,0.2,14.8
01/09/2026,22:16:00,1.948,0.333,242.26,7.69,13.6,0.0,16.1
01/09/2026,22:17:00,1.965,0.323,241.51,7.86,14.5,0.0,13.8
01/09/2026,22:18:00,1.949,0.326,242.04,8.32,12.6,1.4,15.9
01/09/2026,22:19:00,1.985,0.359,240.62,8.25,14.4,0.0,13.6
01/09/2026,22:20:00,1.975,0.342,242.1,7.99,11.5,1.8,15.2
01/09/2026,22:21:00,1.954,0.35,242.13,8.17,9.4,2.1,13.7
01/09/2026,22:22:00,1.98,0.332,241.59,8.31,9.8,0.7,13.0
01/09/2026,22:23:00,2.032,0.335,240.82,8.24,11.6,0.0,14.6
01/09/2026,22:24:00,2.004,0.312,241.36,8.22,9.3,2.1,12.5
01/09/2026,22:25:00,1.8,0.307,241.82,7.58,15.6,1.5,16.0
01/09/2026,22:26:00,1.706,0.222,241.56,6.94,12.2,2.4,12.0
01/09/2026,22:27:00,1.977,0.322,241.82,8.22,14.1,0.0,13.9
01/09/2026,22:28:00,1.784,0.312,242.11,7.58,13.8,0.5,11.0
01/09/2026,22:29:00,1.867,0.338,240.95,7.39,12.1,0.5,9.1
01/09/2026,22:30:00,1.783,0.307,240.6,7.36,19.1,1.1,13.3
01/09/2026,22:31:00,1.723,0.316,241.38,7.18,17.8,1.6,8.4
01/09/2026,22:32:00,1.902,0.274,241.18,7.62,14.7,1.0,17.1
01/09/2026,22:33:00,1.911,0.328,241.97,7.82,10.0,2.5,11.5
01/09/2026,22:34:00,1.796,0.274,240.67,7.62,14.6,0.3,12.1
01/09/2026,22:35:00,1.626,0.265,242.14,6.61,8.1,0.0,11.5
01/09/2026,22:36:00,1.781,0.309,242.37,7.13,14.3,0.0,12.4
01/09/2026,22:37:00,1.848,0.354,241.43,7.82,6.4,0.0,12.8
01/09/2026,22:38:00,1.69,0.312,241.47,7.06,10.8,0.2,10.1
01/09/2026,22:39:00,1.814,0.318,240.89,7.52,13.7,0.5,6.3
01/09/2026,22:40:00,1.79,0.314,241.05,7.41,12.0,0.5,9.5
01/09/2026,22:41:00,1.829,0.302,241.15,7.74,8.2,1.1,10.7
01/09/2026,22:42:00,1.784,0.301,242.45,7.4,11.4,0.2,12.4
01/09/2026,22:43:00,1.689,0.313,241.39,7.09,11.8,2.2,12.1
01/09/2026,22:44:00,1.854,0.288,240.52,7.6,11.3,0.0,13.3
01/09/2026,22:45:00,1.737,0.323,241.62,6.9,10.0,0.0,8.0
01/09/2026,22:46:00,1.739,0.299,242.03,7.28,12.5,2.1,9.6
01/09/2026,22:47:00,1.659,0.32,241.43,7.04,13.0,2.0,10.5
01/09/2026,22:48:00,1.69,0.327,242.48,6.94,10.3,2.4,14.8
01/09/2026,22:49:00,1.646,0.256,242.0,6.94,13.5,1.6,17.3
01/09/2026,22:50:00,1.695,0.289,240.72,6.99,10.1,0.8,8.3
01/09/2026,22:51:00,1.838,0.299,241.07,7.61,9.4,0.5,13.6
01/09/2026,22:52:00,1.583,0.245,241.62,6.82,13.0,0.0,11.4
01/09/2026,22:53:00,1.556,0.261,240.3,6.43,12.8,1.0,12.3
01/09/2026,22:54:00,1.795,0.376,241.7,7.37,8.9,0.0,8.1
01/09/2026,22:55:00,1.652,0.314,240.23,6.6,8.5,4.0,14.0
01/09/2026,22:56:00,1.608,0.341,242.18,6.74,13.5,0.0,6.1
01/09/2026,22:57:00,1.736,0.329,242.1,7.07,9.7,0.7,8.0
01/09/2026,22:58:00,1.597,0.273,241.82,6.63,9.8,2.8,10.2
01/09/2026,22:59:00,1.784,0.304,241.0,7.35,9.2,0.3,9.5
01/09/2026,23:00:00,1.684,0.317,241.59,6.9,12.3,0.3,10.8
01/09/2026,23:01:00,1.583,0.301,241.12,6.55,13.9,0.0,9.2
01/09/2026,23:02:00,1.787,0.3,240.76,7.42,9.7,0.0,9.8
01/09/2026,23:03:00,1.558,0.249,241.24,6.64,14.3,1.5,10.2
01/09/2026,23:04:00,1.659,0.381,241.97,7.08,8.3,3.0,10.0
01/09/2026,23:05:00,1.616,0.29,241.51,6.79,8.7,0.0,10.8
01/09/2026,23:06:00,1.688,0.294,242.5,7.15,10.6,1.1,12.4
01/09/2026,23:07:00,1.701,0.307,242.02,7.16,7.5,4.3,8.7
01/09/2026,23:08:00,1.572,0.283,241.95,6.57,10.4,1.5,13.3
01/09/2026,23:09:00,1.501,0.283,240.36,6.46,8.0,2.1,10.4
01/09/2026,23:10:00,1.591,0.323,241.29,6.4,5.8,0.0,13.0
01/09/2026,23:11:00,1.493,0.276,240.74,6.1,5.4,2.8,9.4
01/09/2026,23:12:00,1.701,0.275,241.36,6.92,8.1,0.0,8.2
01/09/2026,23:13:00,1.543,0.281,241.0,6.36,9.6,0.0,10.2
01/09/2026,23:14:00,1.496,0.268,241.23,6.3,5.9,2.7,15.6
01/09/2026,23:15:00,1.533,0.32,242.23,6.16,8.9,0.0,6.9
01/09/2026,23:16:00,1.403,0.298,241.83,5.88,8.9,0.8,11.4
01/09/2026,23:17:00,1.426,0.274,242.2,5.8,8.1,2.9,10.2
01/09/2026,23:18:00,1.593,0.259,240.37,6.57,6.5,0.0,10.7
01/09/2026,23:19:00,1.437,0.242,241.54,5.98,8.8,0.5,7.1
01/09/2026,23:20:00,1.399,0.268,242.17,6.03,8.0,0.0,10.7
01/09/2026,23:21:00,1.519,0.291,242.55,6.16,10.1,0.4,10.3
01/09/2026,23:22:00,1.564,0.278,240.41,6.49,5.5,0.9,6.3
01/09/2026,23:23:00,1.52,0.27,241.25,6.14,8.3,2.5,9.8
01/09/2026,23:24:00,1.535,0.269,242.22,6.23,5.4,2.9,9.0
01/09/2026,23:25:00,1.388,0.266,241.36,5.59,7.4,1.0,8.7
01/09/2026,23:26:00,1.328,0.2,240.86,5.55,5.7,0.0,9.3
01/09/2026,23:27:00,1.556,0.259,240.41,6.53,5.9,1.7,11.7
01/09/2026,23:28:00,1.403,0.253,240.84,5.93,7.7,0.8,10.3
01/09/2026,23:29:00,1.402,0.298,240.32,5.72,6.5,0.8,7.0
01/09/2026,23:30:00,1.522,0.262,241.54,6.38,10.5,0.0,10.3
01/09/2026,23:31:00,1.454,0.279,242.13,6.02,9.9,0.0,9.1
01/09/2026,23:32:00,1.44,0.278,240.62,5.97,9.1,0.8,7.8
01/09/2026,23:33:00,1.57,0.321,241.68,6.31,9.0,0.0,6.3
01/09/2026,23:34:00,1.339,0.292,242.09,5.55,7.6,0.1,10.8
01/09/2026,23:35:00,1.459,0.274,241.5,6.07,9.9,2.7,7.7
01/09/2026,23:36:00,1.383,0.254,240.37,5.77,6.6,0.7,10.9
01/09/2026,23:37:00,1.393,0.251,241.77,5.82,11.4,2.2,6.5
01/09/2026,23:38:00,1.488,0.273,241.46,6.27,5.2,1.2,13.2
01/09/2026,23:39:00,1.4,0.257,241.39,5.64,4.8,1.6,14.6
01/09/2026,23:40:00,1.397,0.281,241.12,5.76,4.2,0.1,10.0
01/09/2026,23:41:00,1.434,0.283,241.56,6.01,4.5,2.3,11.6
01/09/2026,23:42:00,1.313,0.272,241.86,5.39,3.6,1.2,7.7
01/09/2026,23:43:00,1.269,0.284,243.17,5.36,7.2,0.5,7.4
01/09/2026,23:44:00,1.247,0.296,241.58,5.17,8.5,1.2,11.2
01/09/2026,23:45:00,1.167,0.243,242.55,4.52,6.8,0.0,8.9
01/09/2026,23:46:00,1.483,0.305,241.75,6.26,3.9,0.4,5.5
01/09/2026,23:47:00,1.225,0.238,241.43,5.06,5.7,0.7,8.6
01/09/2026,23:48:00,1.29,0.284,241.6,5.07,8.2,0.1,5.7
01/09/2026,23:49:00,1.28,0.28,240.64,5.28,5.8,2.8,8.0
01/09/2026,23:50:00,1.321,0.284,241.71,5.27,4.8,0.3,10.7
01/09/2026,23:51:00,1.356,0.265,240.1,5.76,3.4,3.5,11.5
01/09/2026,23:52:00,1.354,0.246,240.89,5.62,5.5,0.9,8.9
01/09/2026,23:53:00,1.233,0.213,241.57,4.97,4.9,0.5,11.2
01/09/2026,23:54:00,1.261,0.25,242.33,5.33,6.1,0.1,7.2
01/09/2026,23:55:00,1.292,0.293,242.49,5.4,7.1,1.3,11.9
01/09/2026,23:56:00,1.244,0.242,241.32,5.12,5.6,2.0,6.5
01/09/2026,23:57:00,1.388,0.286,241.6,5.56,6.4,0.0,6.3
01/09/2026,23:58:00,1.293,0.276,242.18,5.21,7.0,0.8,7.0
01/09/2026,23:59:00,1.308,0.25,240.55,5.31,3.5,0.0,6.4
02/09/2026,00:00:00,0.933,0.245,241.77,3.97,6.2,2.1,6.5
02/09/2026,00:01:00,0.974,0.144,240.9,3.79,0.9,2.1,8.2
02/09/2026,00:02:00,0.894,0.177,241.36,3.7,3.4,0.9,5.4
02/09/2026,00:03:00,0.776,0.17,241.16,3.18,0.1,1.1,6.1
02/09/2026,00:04:00,0.912,0.189,241.78,3.93,2.6,0.0,2.4
02/09/2026,00:05:00,0.828,0.208,241.86,3.46,2.7,0.1,5.6
02/09/2026,00:06:00,0.838,0.208,242.1,3.54,5.7,0.0,9.3
02/09/2026,00:07:00,0.927,0.221,241.72,3.76,1.9,0.2,8.5
02/09/2026,00:08:00,0.979,0.232,241.59,3.87,5.0,1.9,3.0
02/09/2026,00:09:00,0.882,0.182,242.77,3.58,3.0,2.5,4.4
02/09/2026,00:10:00,0.905,0.178,240.4,3.88,6.1,1.6,12.9
02/09/2026,00:11:00,1.016,0.232,242.65,4.3,0.0,0.4,6.3
02/09/2026,00:12:00,0.899,0.192,241.26,3.66,3.4,0.0,8.7
02/09/2026,00:13:00,1.088,0.191,241.86,4.37,0.0,0.9,8.9
02/09/2026,00:14:00,0.925,0.235,241.23,3.68,2.3,1.2,2.9
02/09/2026,00:15:00,0.739,0.224,240.97,3.05,4.4,0.5,7.0
02/09/2026,00:16:00,0.94,0.252,241.8,3.91,5.3,0.0,5.8
02/09/2026,00:17:00,0.911,0.214,242.19,3.98,3.9,1.6,9.2
02/09/2026,00:18:00,0.983,0.234,241.79,4.08,1.8,1.7,9.7
02/09/2026,00:19:00,0.934,0.246,241.07,3.97,3.5,0.0,3.6
02/09/2026,00:20:00,0.869,0.188,243.98,3.44,7.4,0.3,13.0
02/09/2026,00:21:00,0.782,0.222,242.29,3.23,2.6,1.8,5.8
02/09/2026,00:22:00,0.863,0.21,242.1,3.59,4.3,2.1,6.8
02/09/2026,00:23:00,0.812,0.22,241.2,3.35,1.5,0.9,0.0
02/09/2026,00:24:00,0.834,0.205,241.0,3.46,4.5,1.3,7.6
02/09/2026,00:25:00,0.927,0.244,241.24,3.86,4.2,1.1,0.7
02/09/2026,00:26:00,1.014,0.227,242.19,4.26,1.2,2.0,5.1
02/09/2026,00:27:00,0.912,0.172,240.74,3.96,4.0,0.0,4.2
02/09/2026,00:28:00,0.784,0.23,240.68,2.92,4.1,1.1,6.4
02/09/2026,00:29:00,0.916,0.186,241.81,3.95,3.9,0.0,5.8
02/09/2026,00:30:00,0.976,0.248,241.65,3.78,2.3,2.2,6.7
02/09/2026,00:31:00,0.831,0.197,240.89,3.5,4.9,0.0,8.1
02/09/2026,00:32:00,0.869,0.234,240.66,3.97,0.5,1.3,3.2
02/09/2026,00:33:00,0.881,0.234,242.43,3.63,2.4,0.0,5.0
02/09/2026,00:34:00,0.817,0.209,241.67,3.41,2.6,1.8,3.5
02/09/2026,00:35:00,0.932,0.225,240.46,3.83,4.7,1.4,3.4
02/09/2026,00:36:00,0.87,0.215,240.51,3.72,0.5,1.1,9.7
02/09/2026,00:37:00,0.914,0.159,241.16,3.84,2.9,3.3,2.6
02/09/2026,00:38:00,0.809,0.2,241.92,3.24,1.4,0.0,3.6
02/09/2026,00:39:00,0.845,0.174,241.82,3.48,2.6,2.0,10.2
02/09/2026,00:40:00,0.938,0.217,242.19,3.7,3.2,2.3,5.1
02/09/2026,00:41:00,0.85,0.173,240.35,3.52,0.0,2.0,5.3
02/09/2026,00:42:00,1.018,0.193,241.55,4.15,4.9,0.0,6.3
02/09/2026,00:43:00,0.848,0.242,242.39,3.52,3.3,0.5,2.7
02/09/2026,00:44:00,0.898,0.235,242.32,3.6,0.7,0.0,3.4
02/09/2026,00:45:00,0.955,0.214,241.64,3.92,1.7,0.4,4.0
02/09/2026,00:46:00,0.767,0.197,243.02,3.16,5.4,0.0,7.7
02/09/2026,00:47:00,0.739,0.183,241.8,3.07,3.2,0.3,6.9
02/09/2026,00:48:00,0.758,0.205,242.1,3.17,0.5,2.7,4.0
02/09/2026,00:49:00,0.981,0.201,241.4,4.04,0.8,0.4,5.1
02/09/2026,00:50:00,0.836,0.225,240.82,3.35,3.7,0.9,7.1
02/09/2026,00:51:00,1.085,0.224,240.75,4.52,3.9,0.0,0.2
02/09/2026,00:52:00,0.835,0.19,241.49,3.43,3.1,0.8,6.1
02/09/2026,00:53:00,0.895,0.208,241.21,3.86,1.8,1.9,7.1
02/09/2026,00:54:00,1.004,0.206,240.12,4.35,4.0,1.4,3.4
02/09/2026,00:55:00,1.041,0.233,240.63,4.12,1.8,2.6,6.8
02/09/2026,00:56:00,1.045,0.212,241.12,4.43,0.7,0.0,5.4
02/09/2026,00:57:00,0.977,0.229,241.85,4.16,5.6,0.0,9.4
02/09/2026,00:58:00,0.962,0.246,241.33,3.78,3.4,0.3,4.2
02/09/2026,00:59:00,0.928,0.193,241.28,3.93,0.8,2.8,6.7
02/09/2026,01:00:00,0.942,0.21,240.64,4.05,2.7,1.2,2.2
02/09/2026,01:01:00,0.836,0.212,241.34,3.32,2.5,0.0,5.6
02/09/2026,01:02:00,0.815,0.187,242.25,3.33,1.7,2.2,7.2
02/09/2026,01:03:00,0.88,0.217,241.43,3.67,2.9,0.9,4.2
02/09/2026,01:04:00,0.867,0.218,240.26,3.69,0.5,2.0,7.9
02/09/2026,01:05:00,0.844,0.228,240.44,3.36,4.2,2.9,7.4
02/09/2026,01:06:00,0.936,0.197,241.72,4.05,2.4,0.0,5.7
02/09/2026,01:07:00,0.957,0.191,241.15,3.66,0.0,2.9,4.8
02/09/2026,01:08:00,0.887,0.199,241.25,3.88,1.9,0.7,0.0
02/09/2026,01:09:00,0.998,0.196,240.87,4.23,1.2,0.3,4.0
02/09/2026,01:10:00,0.789,0.209,241.64,3.17,0.0,1.0,7.8
02/09/2026,01:11:00,0.865,0.175,241.08,3.72,2.1,0.0,4.8
02/09/2026,01:12:00,0.823,0.257,241.15,3.26,4.5,0.8,6.4
02/09/2026,01:13:00,0.731,0.22,240.68,3.05,2.2,0.5,4.4
02/09/2026,01:14:00,0.874,0.205,241.92,3.65,3.8,0.0,2.3
02/09/2026,01:15:00,0.871,0.226,241.11,3.65,2.4,0.0,7.0
02/09/2026,01:16:00,1.001,0.179,241.69,4.02,1.5,2.3,2.7
02/09/2026,01:17:00,0.931,0.275,240.42,3.8,0.9,0.6,4.8
02/09/2026,01:18:00,0.798,0.181,242.47,3.31,0.0,0.0,6.2
02/09/2026,01:19:00,1.029,0.22,242.14,4.14,4.3,1.4,3.9
02/09/2026,01:20:00,0.978,0.171,239.91,4.12,3.9,1.8,8.9
02/09/2026,01:21:00,0.927,0.223,240.68,3.76,1.8,0.8,9.7
02/09/2026,01:22:00,0.862,0.176,241.57,3.72,0.0,0.0,3.6
02/09/2026,01:23:00,0.804,0.199,240.31,3.58,3.4,0.0,3.7
02/09/2026,01:24:00,0.851,0.188,241.14,3.48,0.6,0.0,4.4
02/09/2026,01:25:00,0.968,0.189,241.52,4.14,2.7,2.2,7.9
02/09/2026,01:26:00,1.031,0.204,241.09,4.25,0.0,2.1,6.5
02/09/2026,01:27:00,1.004,0.226,241.59,4.02,2.6,0.0,7.1
02/09/2026,01:28:00,0.841,0.169,240.72,3.43,2.1,0.5,8.3
02/09/2026,01:29:00,0.791,0.176,239.63,3.31,0.0,1.7,3.4
02/09/2026,01:30:00,0.892,0.224,241.89,3.42,5.6,0.6,6.5
02/09/2026,01:31:00,0.739,0.254,241.88,3.15,1.8,2.0,5.5
02/09/2026,01:32:00,0.906,0.221,242.94,3.74,1.9,0.7,6.3
02/09/2026,01:33:00,0.869,0.181,239.64,3.78,3.5,1.4,7.9
02/09/2026,01:34:00,0.843,0.192,241.7,3.58,2.3,0.4,5.1
02/09/2026,01:35:00,0.753,0.191,239.79,3.16,3.1,0.0,3.9
02/09/2026,01:36:00,0.922,0.202,242.4,3.75,0.1,2.3,3.1
02/09/2026,01:37:00,0.838,0.223,241.5,3.7,2.1,0.0,9.3
02/09/2026,01:38:00,0.787,0.2,240.49,3.6,0.0,0.0,5.3
02/09/2026,01:39:00,0.651,0.201,241.7,2.64,1.9,0.7,2.4
02/09/2026,01:40:00,0.879,0.198,240.76,3.81,5.3,1.9,8.4
02/09/2026,01:41:00,1.023,0.256,241.35,4.13,0.0,0.0,1.6
02/09/2026,01:42:00,1.014,0.217,241.28,4.11,1.7,1.0,2.0
02/09/2026,01:43:00,0.844,0.177,242.35,3.43,0.0,0.0,4.7
02/09/2026,01:44:00,0.833,0.254,242.39,3.54,2.4,1.4,4.2
02/09/2026,01:45:00,0.918,0.165,240.7,3.65,3.3,3.2,6.1
02/09/2026,01:46:00,0.801,0.178,241.85,3.55,3.2,0.0,1.2
02/09/2026,01:47:00,0.905,0.193,241.36,3.89,1.2,0.0,6.1
02/09/2026,01:48:00,0.942,0.276,240.11,4.02,0.0,1.9,8.2
02/09/2026,01:49:00,0.979,0.263,240.61,4.03,0.0,4.6,3.2
02/09/2026,01:50:00,0.873,0.242,242.73,3.72,4.9,1.6,4.6
02/09/2026,01:51:00,0.865,0.196,241.33,3.15,4.2,0.0,3.6
02/09/2026,01:52:00,0.811,0.258,241.78,3.42,2.2,0.6,6.1
02/09/2026,01:53:00,0.815,0.207,240.92,3.41,2.7,0.0,3.0
02/09/2026,01:54:00,0.863,0.228,240.69,3.3,0.4,1.8,2.8
02/09/2026,01:55:00,0.911,0.214,241.08,3.84,5.0,2.2,5.1
02/09/2026,01:56:00,0.955,0.213,240.87,4.05,1.0,2.6,6.1
02/09/2026,01:57:00,0.817,0.192,240.0,3.13,3.3,0.4,5.7
02/09/2026,01:58:00,1.001,0.215,240.34,3.99,0.0,0.0,4.4
02/09/2026,01:59:00,0.86,0.218,241.53,3.87,2.1,2.7,6.9
02/09/2026,02:00:00,0.88,0.215,240.76,3.63,4.9,2.6,5.9
02/09/2026,02:01:00,0.822,0.198,241.04,3.56,0.5,0.0,2.8
02/09/2026,02:02:00,0.688,0.22,241.18,3.02,3.9,0.3,0.0
02/09/2026,02:03:00,0.953,0.14,241.23,4.01,0.3,1.8,6.5
02/09/2026,02:04:00,0.941,0.226,241.81,4.04,0.6,0.5,4.8
02/09/2026,02:05:00,0.859,0.221,240.23,3.26,2.4,0.8,3.0
02/09/2026,02:06:00,0.887,0.235,241.39,3.64,4.4,0.0,9.0
02/09/2026,02:07:00,0.923,0.209,241.52,3.36,1.8,0.0,9.0
02/09/2026,02:08:00,0.757,0.196,241.67,2.87,3.7,0.7,8.2
02/09/2026,02:09:00,0.84,0.225,239.99,3.42,4.7,0.0,5.9
02/09/2026,02:10:00,0.946,0.251,241.15,3.82,0.9,0.0,0.0
02/09/2026,02:11:00,0.782,0.186,242.16,3.24,0.0,0.4,8.0
02/09/2026,02:12:00,0.906,0.215,240.89,3.76,1.7,0.0,3.4
02/09/2026,02:13:00,0.774,0.235,241.29,3.23,5.0,0.8,4.2
02/09/2026,02:14:00,0.92,0.157,241.49,3.84,0.8,2.1,7.4
02/09/2026,02:15:00,0.88,0.188,240.22,3.71,4.5,0.4,9.9
02/09/2026,02:16:00,0.754,0.227,242.21,2.97,1.9,0.2,8.8
02/09/2026,02:17:00,0.976,0.244,241.27,3.94,6.0,2.2,5.8
02/09/2026,02:18:00,0.824,0.212,241.28,3.41,6.9,1.8,7.0
02/09/2026,02:19:00,0.818,0.187,239.75,3.41,4.5,1.8,3.0
02/09/2026,02:20:00,0.899,0.186,241.46,3.56,0.0,0.0,1.8
02/09/2026,02:21:00,0.975,0.202,241.25,4.2,0.0,0.2,7.8
02/09/2026,02:22:00,0.802,0.235,242.03,3.42,2.6,0.1,6.1
02/09/2026,02:23:00,0.889,0.191,240.67,3.56,4.3,0.0,2.2
02/09/2026,02:24:00,0.918,0.213,240.19,3.79,3.5,2.2,5.3
02/09/2026,02:25:00,0.939,0.194,240.39,4.21,1.0,0.1,6.8
02/09/2026,02:26:00,0.898,0.229,240.51,3.76,0.0,0.0,7.4
02/09/2026,02:27:00,0.855,0.189,240.07,3.62,4.3,1.1,6.8
02/09/2026,02:28:00,0.818,0.196,241.75,3.29,6.2,0.8,4.6
02/09/2026,02:29:00,0.891,0.165,241.77,3.64,1.1,0.0,3.5
02/09/2026,02:30:00,0.799,0.156,240.7,3.55,4.1,2.1,5.7
02/09/2026,02:31:00,0.651,0.178,240.55,2.72,7.7,1.5,7.2
02/09/2026,02:32:00,0.92,0.177,239.55,3.83,2.1,1.5,7.4
02/09/2026,02:33:00,0.957,0.268,241.3,3.97,2.1,1.4,8.9
02/09/2026,02:34:00,0.696,0.132,241.97,3.26,3.6,2.2,5.5
02/09/2026,02:35:00,0.805,0.177,240.36,3.35,1.9,0.6,3.0
02/09/2026,02:36:00,0.935,0.213,240.71,3.76,5.2,0.0,7.8
02/09/2026,02:37:00,1.05,0.217,241.09,4.26,1.7,0.5,5.6
02/09/2026,02:38:00,0.888,0.179,241.99,3.78,2.4,0.0,2.6
02/09/2026,02:39:00,0.828,0.175,240.91,3.22,0.0,0.0,6.8
02/09/2026,02:40:00,0.872,0.18,240.9,3.69,2.0,2.9,8.5
02/09/2026,02:41:00,0.996,0.212,240.88,4.03,0.5,0.0,6.2
02/09/2026,02:42:00,0.835,0.249,239.75,3.2,3.2,0.0,8.5
02/09/2026,02:43:00,0.823,0.201,239.73,3.29,0.0,1.7,4.3
02/09/2026,02:44:00,0.848,0.231,240.17,3.54,4.5,1.9,3.8
02/09/2026,02:45:00,0.811,0.21,241.44,3.57,0.8,0.0,7.3
02/09/2026,02:46:00,0.897,0.236,240.49,3.87,6.1,1.1,4.6
02/09/2026,02:47:00,1.018,0.152,240.34,4.19,5.3,0.1,8.1
02/09/2026,02:48:00,0.914,0.202,240.32,3.95,3.6,1.2,5.8
02/09/2026,02:49:00,0.868,0.237,240.6,3.55,0.0,0.4,8.1
02/09/2026,02:50:00,0.865,0.19,241.88,3.36,1.3,0.0,6.8
02/09/2026,02:51:00,0.764,0.236,240.58,3.18,0.7,0.2,3.4
02/09/2026,02:52:00,0.96,0.252,240.13,3.77,1.0,1.6,1.0
02/09/2026,02:53:00,0.883,0.194,240.69,3.79,5.7,3.3,7.1
02/09/2026,02:54:00,0.875,0.192,241.89,3.74,2.2,1.3,6.6
02/09/2026,02:55:00,1.145,0.212,240.3,4.63,1.2,0.3,3.2
02/09/2026,02:56:00,0.914,0.194,239.82,3.83,1.1,0.0,7.2
02/09/2026,02:57:00,0.83,0.169,240.29,3.48,1.5,0.6,8.5
02/09/2026,02:58:00,0.857,0.214,240.72,3.69,3.6,0.3,3.8
02/09/2026,02:59:00,0.983,0.182,241.11,3.89,0.0,1.2,1.1
02/09/2026,03:00:00,0.9,0.223,241.32,3.82,2.8,0.7,7.5
02/09/2026,03:01:00,0.777,0.209,239.88,3.04,3.4,1.4,8.2
02/09/2026,03:02:00,0.966,0.174,239.94,4.14,0.0,0.3,3.8
02/09/2026,03:03:00,0.839,0.239,240.37,3.65,0.0,3.0,7.1
02/09/2026,03:04:00,1.043,0.238,241.07,4.22,2.5,1.6,6.1
02/09/2026,03:05:00,0.979,0.236,239.7,4.27,5.5,0.0,5.2
02/09/2026,03:06:00,0.858,0.184,240.15,3.34,5.0,2.1,6.7
02/09/2026,03:07:00,0.996,0.235,240.15,4.31,1.4,0.0,4.3
02/09/2026,03:08:00,0.9,0.236,241.22,3.95,5.4,0.0,3.0
02/09/2026,03:09:00,0.963,0.213,240.92,4.05,2.0,0.0,6.3
02/09/2026,03:10:00,0.934,0.262,241.17,3.84,2.0,2.5,6.0
02/09/2026,03:11:00,0.828,0.2,241.47,3.47,2.8,0.6,0.0
02/09/2026,03:12:00,0.844,0.23,240.31,3.42,4.3,0.0,2.8
02/09/2026,03:13:00,0.979,0.225,239.69,4.48,1.4,1.0,3.9
02/09/2026,03:14:00,0.87,0.219,239.68,3.54,1.9,1.5,6.6
02/09/2026,03:15:00,0.865,0.162,239.22,3.81,0.2,2.9,2.1
02/09/2026,03:16:00,0.821,0.208,240.17,3.31,3.4,0.0,4.7
02/09/2026,03:17:00,0.932,0.193,240.22,4.12,4.6,2.4,9.7
02/09/2026,03:18:00,1.064,0.206,241.03,4.72,4.7,0.0,5.5
02/09/2026,03:19:00,0.814,0.241,240.48,3.44,0.0,2.0,5.7
02/09/2026,03:20:00,0.902,0.203,240.12,3.8,1.9,2.3,5.3
02/09/2026,03:21:00,1.013,0.197,240.37,4.07,5.2,2.4,7.6
02/09/2026,03:22:00,0.894,0.198,239.72,3.57,3.2,1.5,5.5
02/09/2026,03:23:00,0.938,0.18,241.16,3.93,2.8,0.0,4.9
02/09/2026,03:24:00,0.817,0.234,239.88,3.62,2.8,1.8,5.7
02/09/2026,03:25:00,0.937,0.195,239.63,3.83,3.8,0.0,8.3
02/09/2026,03:26:00,0.888,0.22,240.99,4.02,3.3,0.0,6.3
02/09/2026,03:27:00,0.983,0.252,240.81,3.99,1.6,0.2,5.5
02/09/2026,03:28:00,0.999,0.207,239.19,4.21,4.6,0.3,8.0
02/09/2026,03:29:00,1.112,0.247,240.99,4.65,0.4,1.1,4.3
02/09/2026,03:30:00,0.952,0.189,239.86,3.95,5.5,0.0,0.0
02/09/2026,03:31:00,0.933,0.273,240.11,3.58,1.0,1.2,6.4
02/09/2026,03:32:00,0.923,0.234,240.5,3.74,3.9,0.0,6.4
02/09/2026,03:33:00,0.88,0.201,240.77,3.68,2.5,0.9,4.0
02/09/2026,03:34:00,0.936,0.193,240.66,3.87,1.9,0.4,4.8
02/09/2026,03:35:00,0.886,0.203,240.31,3.78,5.6,2.1,8.2
02/09/2026,03:36:00,0.924,0.202,240.04,3.96,4.4,2.3,6.4
02/09/2026,03:37:00,1.016,0.271,240.61,4.19,2.8,0.6,8.6
02/09/2026,03:38:00,0.831,0.169,240.24,3.32,6.4,0.0,6.0
02/09/2026,03:39:00,1.004,0.224,241.57,4.39,4.9,0.0,5.1
02/09/2026,03:40:00,1.019,0.222,240.71,4.03,1.3,2.3,7.0
02/09/2026,03:41:00,0.905,0.206,239.65,3.69,0.0,0.6,6.2
02/09/2026,03:42:00,0.745,0.187,239.95,2.98,3.2,3.1,6.4
02/09/2026,03:43:00,0.867,0.201,240.31,3.72,5.7,2.0,4.9
02/09/2026,03:44:00,1.02,0.244,241.18,4.43,4.2,1.1,4.1
02/09/2026,03:45:00,0.916,0.225,241.25,3.77,6.1,1.0,4.2
02/09/2026,03:46:00,0.839,0.211,239.98,3.53,1.8,0.0,6.5
02/09/2026,03:47:00,0.879,0.13,239.59,3.73,2.8,0.0,6.8
02/09/2026,03:48:00,0.988,0.226,239.49,4.39,2.9,1.3,0.0
02/09/2026,03:49:00,0.965,0.174,240.4,3.75,3.5,0.4,3.8
02/09/2026,03:50:00,0.903,0.225,241.83,3.85,4.6,1.4,1.9
02/09/2026,03:51:00,0.894,0.244,240.59,3.77,6.4,2.1,4.3
02/09/2026,03:52:00,0.893,0.184,239.09,3.68,6.8,0.6,4.1
02/09/2026,03:53:00,0.852,0.196,239.69,3.6,6.5,0.2,5.7
02/09/2026,03:54:00,1.056,0.212,239.75,4.52,4.5,0.0,5.8
02/09/2026,03:55:00,0.902,0.239,239.6,3.85,2.5,1.9,10.1
02/09/2026,03:56:00,1.026,0.226,239.9,4.6,3.6,1.8,6.2
02/09/2026,03:57:00,1.052,0.269,240.42,4.39,4.5,3.6,6.8
02/09/2026,03:58:00,1.011,0.232,240.63,4.21,3.5,1.0,2.3
02/09/2026,03:59:00,0.898,0.214,240.91,3.7,1.4,0.7,4.7
02/09/2026,04:00:00,0.966,0.218,240.5,4.1,2.3,1.4,3.0
02/09/2026,04:01:00,0.933,0.232,238.76,3.9,5.0,0.4,6.7
02/09/2026,04:02:00,0.864,0.16,239.38,3.61,2.8,0.0,5.5
02/09/2026,04:03:00,0.964,0.218,240.0,4.02,3.4,0.9,4.6
02/09/2026,04:04:00,0.845,0.2,240.21,3.5,3.2,1.4,7.5
02/09/2026,04:05:00,1.035,0.242,240.7,4.21,1.6,1.5,4.8
02/09/2026,04:06:00,0.905,0.204,240.12,3.83,3.0,1.4,8.3
02/09/2026,04:07:00,0.959,0.189,240.11,3.95,2.5,2.2,8.3
02/09/2026,04:08:00,0.967,0.216,240.24,4.12,2.0,1.5,4.0
02/09/2026,04:09:00,0.925,0.184,239.88,3.87,1.3,1.2,7.8
02/09/2026,04:10:00,0.994,0.171,240.11,4.08,3.3,0.0,5.6
02/09/2026,04:11:00,0.911,0.228,240.83,4.02,4.7,1.1,4.5
02/09/2026,04:12:00,1.02,0.237,239.98,4.24,5.8,0.6,6.3
02/09/2026,04:13:00,0.844,0.213,240.01,3.61,0.8,0.0,1.9
02/09/2026,04:14:00,0.964,0.248,240.0,3.91,6.8,1.5,4.2
02/09/2026,04:15:00,1.11,0.217,240.92,4.31,4.2,1.5,6.3
02/09/2026,04:16:00,0.877,0.169,239.23,3.58,1.4,1.4,4.8
02/09/2026,04:17:00,0.904,0.207,241.24,3.43,2.8,1.5,7.8
02/09/2026,04:18:00,1.002,0.211,239.16,4.15,0.0,1.0,4.5
02/09/2026,04:19:00,0.977,0.196,239.52,4.3,0.5,0.5,5.7
02/09/2026,04:20:00,0.992,0.217,240.49,3.99,7.2,3.1,5.1
02/09/2026,04:21:00,1.005,0.205,240.68,3.86,2.4,1.0,2.0
02/09/2026,04:22:00,1.018,0.176,238.97,4.49,4.9,0.0,6.3
02/09/2026,04:23:00,1.058,0.216,239.18,4.35,3.6,0.0,6.1
02/09/2026,04:24:00,1.004,0.192,240.13,4.18,3.9,2.4,1.1
02/09/2026,04:25:00,0.954,0.22,241.57,4.07,4.6,0.0,0.0
02/09/2026,04:26:00,1.029,0.207,240.79,4.35,0.0,0.1,4.4
02/09/2026,04:27:00,1.129,0.263,239.74,4.82,6.6,0.0,8.1
02/09/2026,04:28:00,0.969,0.256,238.21,4.2,3.8,0.4,11.4
02/09/2026,04:29:00,0.903,0.225,239.95,3.5,3.0,1.3,1.4
02/09/2026,04:30:00,1.072,0.19,240.14,4.25,5.0,0.0,9.0
02/09/2026,04:31:00,0.976,0.255,239.61,4.25,2.6,0.0,8.0
02/09/2026,04:32:00,0.814,0.237,239.28,3.28,4.5,1.8,4.1
02/09/2026,04:33:00,1.058,0.227,239.97,4.31,3.8,4.2,9.5
02/09/2026,04:34:00,0.949,0.247,239.19,3.78,5.6,1.5,6.4
02/09/2026,04:35:00,0.987,0.205,241.16,4.03,3.8,0.0,4.9
02/09/2026,04:36:00,1.023,0.176,240.9,4.19,2.2,1.9,1.5
02/09/2026,04:37:00,1.014,0.203,240.29,4.08,5.0,3.1,5.6
02/09/2026,04:38:00,1.058,0.27,239.88,4.25,3.8,2.2,5.5
02/09/2026,04:39:00,0.969,0.179,239.35,4.09,0.7,0.0,10.3
02/09/2026,04:40:00,1.047,0.226,239.79,4.25,4.8,1.5,3.3
02/09/2026,04:41:00,0.988,0.219,240.94,4.01,3.4,0.2,3.5
02/09/2026,04:42:00,1.07,0.216,240.4,4.12,5.2,0.9,4.3
02/09/2026,04:43:00,1.063,0.216,239.92,4.72,2.8,0.3,11.2
02/09/2026,04:44:00,0.941,0.215,240.42,4.06,2.1,1.8,2.9
02/09/2026,04:45:00,1.105,0.219,240.15,4.53,6.9,0.4,8.3
02/09/2026,04:46:00,0.978,0.182,240.03,3.94,6.3,2.7,2.0
02/09/2026,04:47:00,1.088,0.236,240.43,4.53,4.7,0.8,6.3
02/09/2026,04:48:00,1.056,0.254,240.1,4.4,5.6,0.5,5.6
02/09/2026,04:49:00,1.176,0.263,240.33,4.7,6.4,1.6,3.9
02/09/2026,04:50:00,1.014,0.201,239.84,3.85,4.8,1.3,7.0
02/09/2026,04:51:00,1.007,0.19,239.54,4.12,2.4,1.6,3.6
02/09/2026,04:52:00,1.036,0.217,239.32,4.1,5.5,0.6,1.8
02/09/2026,04:53:00,1.016,0.261,239.23,4.27,6.9,2.6,4.7
02/09/2026,04:54:00,1.108,0.249,238.57,4.67,6.2,2.1,3.4
02/09/2026,04:55:00,0.917,0.228,239.04,3.69,5.1,0.8,6.0
02/09/2026,04:56:00,0.965,0.238,239.01,3.96,6.2,1.9,4.8
02/09/2026,04:57:00,0.967,0.227,239.31,4.31,4.7,0.5,8.8
02/09/2026,04:58:00,1.132,0.239,240.75,4.82,7.3,1.6,4.7
02/09/2026,04:59:00,1.196,0.26,239.54,4.92,7.9,1.9,6.0
02/09/2026,05:00:00,1.054,0.213,239.81,4.74,2.7,1.2,2.8
02/09/2026,05:01:00,1.052,0.191,239.82,4.21,7.5,0.0,4.5
02/09/2026,05:02:00,1.074,0.247,240.74,4.34,9.8,0.0,3.4
02/09/2026,05:03:00,1.165,0.271,239.21,4.85,6.5,1.2,8.0
02/09/2026,05:04:00,1.001,0.192,239.45,3.95,7.4,0.0,3.7
02/09/2026,05:05:00,1.097,0.252,239.53,4.85,4.2,2.2,4.0
02/09/2026,05:06:00,1.16,0.281,240.39,4.85,4.6,0.0,6.1
02/09/2026,05:07:00,1.125,0.235,240.53,4.56,5.2,2.5,3.8
02/09/2026,05:08:00,1.104,0.212,239.91,4.67,4.9,0.9,8.5
02/09/2026,05:09:00,1.172,0.244,240.43,4.9,3.1,0.0,9.7
02/09/2026,05:10:00,0.879,0.192,239.68,3.62,5.4,0.2,3.4
02/09/2026,05:11:00,1.153,0.223,239.43,4.64,7.5,0.6,7.3
02/09/2026,05:12:00,1.05,0.237,240.37,4.15,3.3,1.5,3.5
02/09/2026,05:13:00,0.96,0.175,239.88,4.33,6.3,0.0,4.6
02/09/2026,05:14:00,1.151,0.202,239.01,4.61,6.3,0.0,6.9
02/09/2026,05:15:00,1.224,0.247,240.22,5.35,5.5,0.4,5.7
02/09/2026,05:16:00,1.107,0.232,239.37,4.5,7.1,0.8,5.8
02/09/2026,05:17:00,1.198,0.252,239.27,5.12,7.0,1.8,7.8
02/09/2026,05:18:00,1.254,0.297,240.12,5.29,5.5,1.2,7.8
02/09/2026,05:19:00,1.234,0.251,239.43,5.26,8.4,0.3,5.5
02/09/2026,05:20:00,1.264,0.267,239.75,5.38,7.5,1.2,4.0
02/09/2026,05:21:00,1.196,0.219,239.94,4.74,9.6,1.1,5.4
02/09/2026,05:22:00,1.147,0.257,238.92,4.7,6.4,0.5,3.2
02/09/2026,05:23:00,1.017,0.209,239.73,4.04,5.9,1.0,7.1
02/09/2026,05:24:00,1.129,0.237,240.39,4.73,6.2,0.0,5.0
02/09/2026,05:25:00,1.086,0.228,238.77,4.35,9.0,2.1,3.0
02/09/2026,05:26:00,1.331,0.286,239.75,5.25,6.5,1.6,8.4
02/09/2026,05:27:00,1.148,0.205,238.85,4.77,6.6,2.8,5.4
02/09/2026,05:28:00,1.176,0.184,240.13,4.56,10.8,0.0,3.8
02/09/2026,05:29:00,1.214,0.24,240.12,5.1,4.3,1.6,7.9
02/09/2026,05:30:00,1.178,0.253,239.16,4.74,7.7,0.0,8.2
02/09/2026,05:31:00,1.314,0.262,240.94,5.33,7.0,0.0,1.2
02/09/2026,05:32:00,1.133,0.267,240.16,4.38,6.6,0.6,7.8
02/09/2026,05:33:00,1.203,0.255,239.88,5.26,5.3,0.1,5.7
02/09/2026,05:34:00,1.133,0.222,239.83,4.5,6.0,2.2,7.5
02/09/2026,05:35:00,1.091,0.173,240.05,4.49,6.5,2.4,5.3
02/09/2026,05:36:00,1.152,0.232,238.66,4.56,8.4,2.5,6.2
02/09/2026,05:37:00,1.202,0.27,239.49,4.9,9.2,1.6,4.7
02/09/2026,05:38:00,1.176,0.231,239.61,5.17,4.0,1.7,7.6
02/09/2026,05:39:00,1.159,0.24,239.06,4.89,5.2,0.0,3.9
02/09/2026,05:40:00,1.107,0.243,239.65,4.51,8.8,2.7,7.7
02/09/2026,05:41:00,1.217,0.221,240.18,5.06,9.0,2.5,5.8
02/09/2026,05:42:00,1.108,0.249,239.02,4.55,4.9,0.0,7.1
02/09/2026,05:43:00,1.294,0.296,239.27,5.39,9.7,1.5,3.2
02/09/2026,05:44:00,1.245,0.245,238.72,5.33,8.0,0.2,6.3
02/09/2026,05:45:00,1.126,0.207,238.04,4.68,9.6,3.3,6.6
02/09/2026,05:46:00,1.223,0.245,239.83,5.13,6.4,0.0,9.5
02/09/2026,05:47:00,1.192,0.187,239.26,5.02,5.4,1.0,6.9
02/09/2026,05:48:00,1.283,0.262,239.3,5.31,7.7,1.1,4.1
02/09/2026,05:49:00,1.37,0.276,238.57,5.63,7.8,0.8,4.0
02/09/2026,05:50:00,1.117,0.276,239.13,4.59,7.8,3.7,7.1
02/09/2026,05:51:00,1.281,0.249,240.02,5.44,7.7,3.1,4.2
02/09/2026,05:52:00,1.264,0.262,239.24,5.4,12.0,0.0,4.3
02/09/2026,05:53:00,1.336,0.239,239.25,5.41,5.3,1.5,3.5
02/09/2026,05:54:00,1.304,0.248,239.37,5.41,7.1,0.9,5.7
02/09/2026,05:55:00,1.232,0.21,238.35,5.06,8.0,2.0,5.9
02/09/2026,05:56:00,1.272,0.248,239.65,5.43,8.9,1.2,4.7
02/09/2026,05:57:00,1.239,0.241,238.33,5.13,10.4,0.0,9.1
02/09/2026,05:58:00,1.394,0.275,238.54,6.17,10.8,0.0,6.7
02/09/2026,05:59:00,1.315,0.242,238.46,5.55,11.3,0.4,9.3
02/09/2026,06:00:00,1.47,0.278,239.06,6.33,10.2,0.8,5.7
02/09/2026,06:01:00,1.318,0.25,238.93,5.37,5.8,1.2,3.8
02/09/2026,06:02:00,1.272,0.244,239.17,5.32,6.0,0.2,3.2
02/09/2026,06:03:00,1.213,0.248,238.53,5.18,11.7,3.2,5.1
02/09/2026,06:04:00,1.195,0.244,239.86,4.83,11.7,1.6,7.1
02/09/2026,06:05:00,1.218,0.265,239.73,5.08,10.9,2.1,4.7
02/09/2026,06:06:00,1.371,0.261,239.02,5.89,8.0,0.8,7.3
02/09/2026,06:07:00,1.396,0.259,238.8,5.79,9.1,0.0,8.5
02/09/2026,06:08:00,1.234,0.244,238.72,5.04,9.0,2.1,3.6
02/09/2026,06:09:00,1.437,0.255,238.9,6.29,7.9,0.0,3.0
02/09/2026,06:10:00,1.332,0.251,238.14,5.42,10.5,0.0,7.5
02/09/2026,06:11:00,1.388,0.317,238.44,5.84,14.4,1.7,6.0
02/09/2026,06:12:00,1.511,0.258,239.7,6.2,9.2,0.0,6.1
02/09/2026,06:13:00,1.459,0.268,239.31,5.96,12.8,0.5,6.9
02/09/2026,06:14:00,1.371,0.255,240.23,5.82,8.6,1.9,2.0
02/09/2026,06:15:00,1.327,0.253,238.87,5.52,7.3,0.0,6.4
02/09/2026,06:16:00,1.231,0.239,238.82,5.22,12.5,0.0,5.8
02/09/2026,06:17:00,1.351,0.269,238.78,5.32,10.1,2.6,6.4
02/09/2026,06:18:00,1.397,0.225,238.84,5.93,13.2,0.9,3.3
02/09/2026,06:19:00,1.341,0.287,238.59,5.51,13.7,2.6,5.6
02/09/2026,06:20:00,1.415,0.286,239.24,5.63,10.3,1.8,4.3
02/09/2026,06:21:00,1.437,0.241,239.06,6.29,13.6,1.9,7.7
02/09/2026,06:22:00,1.418,0.213,238.68,6.03,9.2,1.2,5.2
02/09/2026,06:23:00,1.39,0.242,239.91,5.83,9.3,1.2,4.1
02/09/2026,06:24:00,1.461,0.269,240.35,6.26,13.3,2.5,3.2
02/09/2026,06:25:00,1.488,0.343,239.83,6.24,8.1,2.1,7.3
02/09/2026,06:26:00,1.371,0.278,239.4,5.61,11.3,0.3,7.6
02/09/2026,06:27:00,1.576,0.244,239.54,6.56,13.9,1.7,9.6
02/09/2026,06:28:00,1.461,0.258,240.3,5.98,14.1,0.2,4.7
02/09/2026,06:29:00,1.476,0.276,239.52,6.09,10.7,0.6,3.2
02/09/2026,06:30:00,1.537,0.291,238.58,6.25,13.6,1.8,5.1
02/09/2026,06:31:00,1.504,0.248,239.25,6.14,9.4,0.2,3.9
02/09/2026,06:32:00,1.567,0.285,239.41,6.68,10.4,1.2,4.0
02/09/2026,06:33:00,1.519,0.264,238.27,6.43,12.3,1.6,6.4
02/09/2026,06:34:00,1.453,0.247,238.76,6.01,12.7,0.6,7.8
02/09/2026,06:35:00,1.536,0.291,239.73,6.25,9.9,2.0,6.3
02/09/2026,06:36:00,1.421,0.29,237.67,5.92,15.8,0.5,5.6
02/09/2026,06:37:00,1.527,0.304,238.07,6.16,8.4,2.3,7.2
02/09/2026,06:38:00,1.521,0.297,238.81,6.39,12.4,1.3,4.9
02/09/2026,06:39:00,1.513,0.269,239.18,6.47,12.7,1.3,8.6
02/09/2026,06:40:00,1.524,0.301,237.98,6.76,8.9,0.0,12.0
02/09/2026,06:41:00,1.389,0.274,238.83,5.65,15.1,0.8,4.0
02/09/2026,06:42:00,1.501,0.284,239.72,6.4,11.1,1.4,8.1
02/09/2026,06:43:00,1.558,0.272,238.96,6.41,12.8,2.4,8.1
02/09/2026,06:44:00,1.569,0.276,239.56,6.38,13.4,0.7,6.6
02/09/2026,06:45:00,1.479,0.279,238.48,6.03,9.9,2.5,8.2
02/09/2026,06:46:00,1.668,0.361,238.33,7.02,10.7,0.2,6.2
02/09/2026,06:47:00,1.503,0.288,239.48,6.14,16.1,1.6,6.8
02/09/2026,06:48:00,1.655,0.283,239.14,6.83,12.9,0.5,5.6
02/09/2026,06:49:00,1.617,0.273,238.05,6.73,7.7,3.2,5.7
02/09/2026,06:50:00,1.536,0.272,238.31,6.33,12.5,2.9,6.8
02/09/2026,06:51:00,1.735,0.363,239.96,7.11,13.2,1.5,6.3
02/09/2026,06:52:00,1.503,0.27,238.21,5.94,13.7,0.5,3.1
02/09/2026,06:53:00,1.677,0.324,239.51,7.01,9.4,0.0,6.5
02/09/2026,06:54:00,1.689,0.293,238.51,7.09,13.4,1.7,4.9
02/09/2026,06:55:00,1.56,0.294,238.84,6.41,11.8,1.5,4.2
02/09/2026,06:56:00,1.73,0.327,239.04,7.29,14.0,2.3,7.5
02/09/2026,06:57:00,1.604,0.278,237.36,6.97,14.7,0.0,3.3
02/09/2026,06:58:00,1.652,0.282,237.8,6.95,14.5,1.4,4.8
02/09/2026,06:59:00,1.655,0.34,238.88,7.13,16.6,1.8,3.1
02/09/2026,07:00:00,1.628,0.32,238.31,7.17,18.2,0.1,4.5
02/09/2026,07:01:00,1.71,0.325,239.51,7.52,11.6,1.4,10.7
02/09/2026,07:02:00,1.715,0.325,237.68,7.04,13.2,0.3,3.8
02/09/2026,07:03:00,1.518,0.294,239.2,6.17,15.5,0.2,5.1
02/09/2026,07:04:00,1.769,0.363,237.83,7.37,13.8,0.6,8.6
02/09/2026,07:05:00,1.538,0.286,238.55,6.47,8.7,0.9,6.5
02/09/2026,07:06:00,1.76,0.326,238.04,7.63,13.8,2.9,5.3
02/09/2026,07:07:00,1.773,0.277,240.11,7.48,16.8,0.9,4.1
02/09/2026,07:08:00,1.602,0.272,237.84,6.56,11.6,0.2,7.1
02/09/2026,07:09:00,1.663,0.269,238.69,6.87,14.8,2.4,4.9
02/09/2026,07:10:00,1.613,0.325,237.56,6.78,10.6,2.7,10.5
02/09/2026,07:11:00,1.691,0.239,239.88,6.82,16.3,2.4,5.1
02/09/2026,07:12:00,1.689,0.293,239.04,7.07,15.1,3.1,9.4
02/09/2026,07:13:00,1.782,0.239,238.85,7.28,13.5,1.6,7.7
02/09/2026,07:14:00,1.831,0.299,239.78,7.39,13.8,1.6,7.7
02/09/2026,07:15:00,1.843,0.309,238.85,7.58,11.7,0.5,5.5
02/09/2026,07:16:00,1.692,0.338,238.89,7.15,16.8,3.2,4.8
02/09/2026,07:17:00,1.727,0.317,238.83,7.29,13.2,1.3,5.3
02/09/2026,07:18:00,1.614,0.273,239.13,6.77,15.9,1.0,8.2
02/09/2026,07:19:00,1.69,0.329,238.38,7.24,13.0,0.9,7.1
02/09/2026,07:20:00,1.838,0.321,238.57,7.84,19.4,2.3,1.8
02/09/2026,07:21:00,1.895,0.328,239.28,7.95,18.2,1.5,3.1
02/09/2026,07:22:00,1.673,0.271,238.91,7.01,19.2,1.7,5.7
02/09/2026,07:23:00,1.73,0.283,238.63,7.27,19.5,1.0,7.2
02/09/2026,07:24:00,1.78,0.293,237.72,7.47,13.9,1.2,5.6
02/09/2026,07:25:00,1.81,0.318,239.75,7.22,13.5,1.3,5.0
02/09/2026,07:26:00,1.729,0.309,238.23,7.43,19.3,3.3,3.9
02/09/2026,07:27:00,1.833,0.359,239.38,7.71,15.0,0.0,8.1
02/09/2026,07:28:00,1.766,0.322,238.81,7.21,17.0,2.1,6.4
02/09/2026,07:29:00,1.808,0.249,237.78,7.82,14.1,2.9,9.9
02/09/2026,07:30:00,1.858,0.33,239.56,7.67,14.2,0.0,3.4
02/09/2026,07:31:00,1.82,0.282,238.85,7.6,17.1,1.5,7.8
02/09/2026,07:32:00,1.789,0.291,239.61,7.62,11.6,2.8,7.5
02/09/2026,07:33:00,1.82,0.298,238.54,7.66,17.1,0.6,8.2
02/09/2026,07:34:00,1.827,0.303,239.16,7.84,16.6,1.9,8.1
02/09/2026,07:35:00,1.809,0.283,237.43,7.57,14.5,0.4,5.2
02/09/2026,07:36:00,1.823,0.324,238.31,7.9,15.7,1.7,6.0
02/09/2026,07:37:00,1.976,0.302,237.76,8.2,16.0,3.3,6.8
02/09/2026,07:38:00,1.898,0.337,238.39,8.16,16.2,3.9,4.2
02/09/2026,07:39:00,1.834,0.376,238.98,7.33,17.1,2.0,8.7
02/09/2026,07:40:00,1.918,0.297,238.22,7.89,14.1,0.0,1.1
02/09/2026,07:41:00,1.84,0.314,239.24,7.74,21.2,1.3,4.0
02/09/2026,07:42:00,1.965,0.273,238.04,8.19,15.4,0.0,2.9
02/09/2026,07:43:00,1.905,0.321,239.25,7.95,15.6,1.3,9.0
02/09/2026,07:44:00,1.871,0.341,239.55,7.82,19.7,3.0,7.1
02/09/2026,07:45:00,1.92,0.348,239.34,7.84,12.2,0.0,5.5
02/09/2026,07:46:00,1.762,0.313,238.38,7.23,19.7,1.5,6.9
02/09/2026,07:47:00,1.802,0.338,237.13,7.63,16.1,0.7,7.3
02/09/2026,07:48:00,1.801,0.38,239.02,7.43,14.8,4.1,4.0
02/09/2026,07:49:00,1.912,0.372,238.52,8.22,13.7,2.3,7.1
02/09/2026,07:50:00,2.043,0.332,237.92,8.56,13.4,2.9,9.8
02/09/2026,07:51:00,2.086,0.314,238.22,8.87,15.3,2.2,10.2
02/09/2026,07:52:00,1.963,0.325,239.61,8.26,16.5,2.8,8.7
02/09/2026,07:53:00,1.956,0.311,237.8,8.13,17.2,3.3,7.4
02/09/2026,07:54:00,1.775,0.324,238.93,7.13,16.5,1.9,8.9
02/09/2026,07:55:00,1.879,0.296,238.75,8.05,15.0,1.2,8.4
02/09/2026,07:56:00,1.863,0.322,238.34,7.67,18.7,0.7,4.5
02/09/2026,07:57:00,1.88,0.347,239.04,7.8,21.3,4.2,4.9
02/09/2026,07:58:00,1.92,0.328,239.73,7.98,19.0,3.0,8.4
02/09/2026,07:59:00,1.899,0.304,238.38,7.96,15.3,0.0,5.5
02/09/2026,08:00:00,1.781,0.343,238.41,7.62,17.0,1.7,4.8
02/09/2026,08:01:00,2.003,0.293,239.01,8.38,17.1,2.5,9.9
02/09/2026,08:02:00,1.86,0.315,239.22,7.76,19.2,4.2,7.2
02/09/2026,08:03:00,1.968,0.335,238.48,8.4,15.3,0.6,7.0
02/09/2026,08:04:00,2.118,0.355,238.36,8.97,14.1,2.6,4.5
02/09/2026,08:05:00,1.881,0.33,237.02,7.83,18.3,1.6,6.2
02/09/2026,08:06:00,1.755,0.326,238.02,7.2,16.8,0.5,6.4
02/09/2026,08:07:00,1.937,0.332,237.77,8.03,13.8,3.9,5.2
02/09/2026,08:08:00,2.051,0.337,239.04,8.57,17.4,0.9,4.6
02/09/2026,08:09:00,2.122,0.344,238.39,8.72,19.6,3.4,11.1
02/09/2026,08:10:00,1.87,0.309,238.36,7.86,14.5,0.1,10.4
02/09/2026,08:11:00,2.011,0.361,238.55,8.41,14.1,1.6,7.1
02/09/2026,08:12:00,1.936,0.316,237.94,7.76,16.0,3.0,4.4
02/09/2026,08:13:00,1.967,0.357,239.64,8.0,17.3,3.2,3.6
02/09/2026,08:14:00,2.19,0.363,239.46,8.71,15.7,2.8,6.4
02/09/2026,08:15:00,1.86,0.31,239.68,7.71,18.1,3.5,2.5
02/09/2026,08:16:00,2.003,0.356,239.02,8.54,16.4,1.9,6.5
02/09/2026,08:17:00,2.022,0.324,238.52,8.19,17.8,4.1,3.0
02/09/2026,08:18:00,2.073,0.365,239.67,8.45,14.3,2.8,7.3
02/09/2026,08:19:00,1.996,0.345,238.06,8.36,13.3,3.3,8.0
02/09/2026,08:20:00,2.015,0.327,237.93,8.31,15.1,2.8,7.1
02/09/2026,08:21:00,1.961,0.349,238.11,8.08,13.0,3.0,12.4
02/09/2026,08:22:00,2.016,0.356,238.9,8.52,16.5,1.1,7.2
02/09/2026,08:23:00,1.969,0.365,238.0,8.2,11.6,1.2,11.4
02/09/2026,08:24:00,2.047,0.37,238.42,8.36,14.7,1.8,8.3
02/09/2026,08:25:00,1.97,0.349,237.41,7.98,15.0,3.1,12.1
02/09/2026,08:26:00,2.031,0.316,238.86,8.83,13.5,1.7,3.8
02/09/2026,08:27:00,2.0,0.401,237.46,8.59,14.9,2.1,5.4
02/09/2026,08:28:00,2.094,0.316,237.87,8.73,15.5,2.4,7.1
02/09/2026,08:29:00,2.001,0.364,239.37,8.37,18.0,4.4,11.3
02/09/2026,08:30:00,1.865,0.335,239.35,7.72,13.3,3.4,7.3
02/09/2026,08:31:00,2.109,0.324,238.78,8.91,16.1,0.7,6.3
02/09/2026,08:32:00,1.937,0.329,238.71,7.98,16.5,2.8,9.2
02/09/2026,08:33:00,1.958,0.333,238.14,8.14,15.3,2.3,9.9
02/09/2026,08:34:00,1.964,0.368,237.97,8.32,14.3,2.4,6.2
02/09/2026,08:35:00,2.122,0.337,238.26,9.13,12.9,2.7,6.4
02/09/2026,08:36:00,1.842,0.315,237.45,7.87,19.0,4.2,11.7
02/09/2026,08:37:00,2.265,0.313,238.69,9.68,15.3,1.7,10.7
02/09/2026,08:38:00,2.1,0.395,238.54,8.75,14.5,3.0,11.3
02/09/2026,08:39:00,2.034,0.317,237.86,8.46,19.3,3.2,10.1
02/09/2026,08:40:00,2.012,0.35,239.61,8.11,15.4,2.5,6.2
02/09/2026,08:41:00,2.04,0.342,238.93,8.55,20.0,2.0,8.0
02/09/2026,08:42:00,2.06,0.345,238.99,8.68,12.1,1.9,5.8
02/09/2026,08:43:00,2.07,0.369,238.16,8.65,14.4,2.3,10.3
02/09/2026,08:44:00,2.064,0.389,238.5,8.54,12.1,3.9,7.0
02/09/2026,08:45:00,2.027,0.35,238.94,8.67,14.5,2.5,4.4
02/09/2026,08:46:00,2.004,0.357,238.61,8.49,14.4,2.8,8.5
02/09/2026,08:47:00,2.008,0.349,239.62,8.58,13.7,1.5,10.7
02/09/2026,08:48:00,2.005,0.366,238.36,8.27,14.7,2.4,5.2
02/09/2026,08:49:00,2.112,0.342,238.15,8.76,13.7,3.3,8.0
02/09/2026,08:50:00,2.069,0.375,238.95,8.84,14.2,0.9,7.1
02/09/2026,08:51:00,1.786,0.342,237.62,7.51,12.9,4.4,10.5
02/09/2026,08:52:00,2.074,0.376,239.15,8.59,17.2,2.3,3.9
02/09/2026,08:53:00,2.038,0.328,237.59,8.5,12.1,5.4,10.9
02/09/2026,08:54:00,2.021,0.338,238.95,8.45,14.6,3.7,6.9
02/09/2026,08:55:00,1.991,0.345,238.05,8.51,11.8,0.8,8.1
02/09/2026,08:56:00,2.112,0.319,238.83,8.82,12.4,3.6,10.3
02/09/2026,08:57:00,2.098,0.392,239.14,8.89,12.6,2.8,11.7
02/09/2026,08:58:00,1.96,0.335,238.61,8.29,13.7,3.6,8.6
02/09/2026,08:59:00,2.054,0.354,237.66,8.51,14.3,5.4,6.9
02/09/2026,09:00:00,1.944,0.319,237.87,8.04,11.6,4.2,7.4
02/09/2026,09:01:00,1.911,0.296,237.99,7.96,12.9,3.1,11.1
02/09/2026,09:02:00,1.971,0.321,237.17,8.11,11.7,1.6,6.7
02/09/2026,09:03:00,2.09,0.356,239.29,8.66,11.6,4.5,9.3
02/09/2026,09:04:00,2.097,0.368,238.58,9.02,15.8,4.1,8.7
02/09/2026,09:05:00,2.061,0.351,237.71,8.67,10.7,5.0,10.3
02/09/2026,09:06:00,2.078,0.358,239.52,8.56,13.6,3.3,8.8
02/09/2026,09:07:00,2.061,0.339,238.01,8.95,16.8,3.9,7.8
02/09/2026,09:08:00,1.968,0.349,238.68,8.11,15.7,3.2,7.6
02/09/2026,09:09:00,2.053,0.383,237.92,8.49,14.1,3.7,7.6
02/09/2026,09:10:00,2.082,0.367,237.09,8.97,13.1,1.6,5.8
02/09/2026,09:11:00,2.078,0.37,237.55,8.85,14.5,4.0,9.9
02/09/2026,09:12:00,2.112,0.361,238.19,8.85,13.7,4.1,9.3
02/09/2026,09:13:00,2.073,0.311,239.13,8.79,15.8,3.0,5.6
02/09/2026,09:14:00,2.044,0.319,238.75,8.61,12.6,4.5,8.0
02/09/2026,09:15:00,2.101,0.363,238.6,8.63,14.8,4.9,8.3
02/09/2026,09:16:00,2.012,0.341,237.1,8.13,12.1,5.6,7.6
02/09/2026,09:17:00,1.943,0.344,239.4,8.03,16.4,2.4,8.7
02/09/2026,09:18:00,2.0,0.382,238.66,8.54,12.2,4.7,8.7
02/09/2026,09:19:00,1.953,0.352,238.43,8.13,9.2,5.6,11.0
02/09/2026,09:20:00,1.958,0.366,239.3,8.25,12.6,3.4,9.0
02/09/2026,09:21:00,1.999,0.342,239.38,8.38,13.9,5.7,10.3
02/09/2026,09:22:00,1.947,0.313,239.32,7.88,15.5,3.0,6.0
02/09/2026,09:23:00,1.984,0.337,238.34,8.27,10.2,4.0,6.7
02/09/2026,09:24:00,1.857,0.303,237.81,7.86,8.6,1.7,6.1
02/09/2026,09:25:00,2.024,0.382,239.21,8.34,13.0,1.6,8.3
02/09/2026,09:26:00,2.007,0.361,237.56,8.39,12.9,2.0,9.3
02/09/2026,09:27:00,1.94,0.346,239.88,8.15,9.0,5.9,12.8
02/09/2026,09:28:00,2.057,0.378,238.54,8.64,11.1,3.1,7.4
02/09/2026,09:29:00,2.079,0.299,237.78,8.9,11.1,3.1,11.1
02/09/2026,09:30:00,1.874,0.34,237.66,7.94,13.3,4.7,7.4
02/09/2026,09:31:00,1.941,0.3,237.63,8.02,10.7,3.2,9.3
02/09/2026,09:32:00,1.939,0.333,238.62,8.05,10.6,5.8,8.9
02/09/2026,09:33:00,1.924,0.323,238.52,8.07,11.6,6.6,7.3
02/09/2026,09:34:00,2.065,0.364,237.66,8.89,8.5,1.4,7.5
02/09/2026,09:35:00,1.982,0.344,238.28,8.25,15.0,5.0,12.9
02/09/2026,09:36:00,1.975,0.371,237.57,8.05,13.0,1.6,8.2
02/09/2026,09:37:00,1.835,0.305,238.95,7.75,9.6,2.6,11.6
02/09/2026,09:38:00,2.045,0.363,238.5,8.46,8.7,5.0,10.9
02/09/2026,09:39:00,1.894,0.331,238.27,7.76,8.8,3.2,8.1
02/09/2026,09:40:00,1.997,0.299,237.64,8.41,12.0,4.8,9.4
02/09/2026,09:41:00,2.013,0.319,238.33,8.59,8.7,4.5,9.7
02/09/2026,09:42:00,2.099,0.348,238.25,8.72,10.2,2.3,10.6
02/09/2026,09:43:00,1.884,0.354,238.77,7.96,7.2,5.4,8.6
02/09/2026,09:44:00,1.746,0.321,238.66,7.42,11.6,4.9,6.2
02/09/2026,09:45:00,2.001,0.311,239.1,8.49,11.6,4.6,8.0
02/09/2026,09:46:00,2.129,0.352,238.21,8.83,10.0,3.7,12.1
02/09/2026,09:47:00,2.083,0.4,237.25,8.61,10.6,5.1,9.5
02/09/2026,09:48:00,2.0,0.343,239.25,8.21,11.8,3.0,8.7
02/09/2026,09:49:00,1.942,0.325,237.9,8.28,10.4,3.3,6.4
02/09/2026,09:50:00,2.045,0.358,237.78,8.7,11.6,5.1,12.4
02/09/2026,09:51:00,1.901,0.347,238.53,7.83,7.6,6.1,9.2
02/09/2026,09:52:00,2.016,0.331,238.78,8.76,10.6,4.1,12.1
02/09/2026,09:53:00,2.017,0.355,238.19,8.31,10.1,5.4,11.2
02/09/2026,09:54:00,2.06,0.339,238.19,8.8,12.1,5.1,11.5
02/09/2026,09:55:00,2.195,0.381,238.3,9.44,9.7,5.4,13.4
02/09/2026,09:56:00,2.004,0.345,239.57,8.38,9.3,3.9,10.0
02/09/2026,09:57:00,1.931,0.344,238.57,7.98,8.3,4.7,9.5
02/09/2026,09:58:00,1.969,0.317,237.9,8.16,12.3,4.8,13.3
02/09/2026,09:59:00,1.828,0.299,237.91,7.64,4.6,6.9,11.7
02/09/2026,10:00:00,1.913,0.353,238.41,8.18,10.2,3.5,8.3
02/09/2026,10:01:00,1.934,0.33,238.75,7.92,9.1,3.2,12.2
02/09/2026,10:02:00,1.924,0.338,238.93,7.78,8.7,8.9,13.2
02/09/2026,10:03:00,1.977,0.33,238.68,8.34,8.3,5.4,4.9
02/09/2026,10:04:00,1.897,0.35,238.01,8.06,8.8,5.8,7.2
02/09/2026,10:05:00,2.052,0.331,238.3,8.9,9.8,5.9,8.2
02/09/2026,10:06:00,1.961,0.332,239.12,7.99,7.2,6.1,11.6
02/09/2026,10:07:00,1.959,0.355,237.8,8.22,8.9,6.3,11.7
02/09/2026,10:08:00,1.932,0.361,238.28,8.28,9.3,6.2,11.2
02/09/2026,10:09:00,1.969,0.323,239.03,8.26,6.6,6.6,12.0
02/09/2026,10:10:00,2.022,0.392,239.23,8.42,9.4,5.4,7.6
02/09/2026,10:11:00,1.885,0.334,238.48,8.02,9.1,6.6,7.4
02/09/2026,10:12:00,1.901,0.302,238.33,7.89,6.7,7.7,12.8
02/09/2026,10:13:00,1.928,0.341,237.7,8.24,5.8,5.5,10.3
02/09/2026,10:14:00,1.843,0.312,239.0,7.52,6.5,5.9,12.8
02/09/2026,10:15:00,1.884,0.337,239.55,7.64,8.3,4.6,8.6
02/09/2026,10:16:00,1.91,0.328,240.43,7.9,7.8,5.1,7.8
02/09/2026,10:17:00,2.017,0.344,238.91,8.06,10.7,5.8,7.4
02/09/2026,10:18:00,1.967,0.313,238.61,8.26,7.1,4.9,12.0
02/09/2026,10:19:00,1.96,0.36,238.0,7.98,6.0,5.5,12.7
02/09/2026,10:20:00,2.012,0.312,237.33,8.52,9.0,5.9,11.4
02/09/2026,10:21:00,1.931,0.304,238.78,8.12,5.7,7.4,9.2
02/09/2026,10:22:00,1.972,0.346,240.3,8.2,6.0,4.4,11.7
02/09/2026,10:23:00,1.932,0.372,239.55,8.13,5.9,6.1,11.6
02/09/2026,10:24:00,1.96,0.326,239.44,8.22,1.4,4.7,5.8
02/09/2026,10:25:00,1.891,0.344,238.84,7.87,8.5,6.5,9.5
02/09/2026,10:26:00,1.741,0.336,238.92,7.56,9.2,6.7,10.9
02/09/2026,10:27:00,1.924,0.351,236.98,8.18,9.0,7.8,12.8
02/09/2026,10:28:00,2.048,0.338,239.21,8.68,10.9,5.1,10.2
02/09/2026,10:29:00,2.007,0.314,238.28,8.58,10.1,5.8,10.7
02/09/2026,10:30:00,2.009,0.286,238.2,8.53,6.3,6.7,10.3
02/09/2026,10:31:00,2.029,0.337,238.46,8.82,9.2,6.5,11.0
02/09/2026,10:32:00,1.936,0.362,238.45,8.14,6.7,2.5,7.4
02/09/2026,10:33:00,1.944,0.305,238.2,8.16,6.0,4.8,9.1
02/09/2026,10:34:00,1.877,0.343,238.71,7.77,5.2,6.5,5.6
02/09/2026,10:35:00,1.9,0.304,238.32,7.94,6.2,5.5,9.5
02/09/2026,10:36:00,1.974,0.339,238.78,8.16,7.3,6.8,11.6
02/09/2026,10:37:00,2.019,0.36,237.67,8.6,9.7,7.1,8.8
02/09/2026,10:38:00,1.911,0.313,238.57,7.87,8.0,5.5,10.0
02/09/2026,10:39:00,1.885,0.33,237.96,7.93,4.9,6.6,11.4
02/09/2026,10:40:00,1.92,0.32,238.28,8.14,4.3,7.7,16.6
02/09/2026,10:41:00,1.966,0.354,238.83,8.26,7.5,7.2,10.4
02/09/2026,10:42:00,1.802,0.322,237.62,7.45,8.1,4.9,12.2
02/09/2026,10:43:00,1.732,0.309,238.17,7.38,8.7,5.7,10.2
02/09/2026,10:44:00,1.871,0.363,239.15,7.81,5.6,5.9,11.4
02/09/2026,10:45:00,1.816,0.334,237.76,7.21,7.0,4.7,10.6
02/09/2026,10:46:00,1.872,0.307,240.0,7.65,7.7,7.3,9.7
02/09/2026,10:47:00,1.899,0.326,239.6,8.14,3.3,5.1,10.2
02/09/2026,10:48:00,1.874,0.323,238.42,8.08,6.5,5.8,13.4
02/09/2026,10:49:00,2.025,0.345,238.22,8.58,7.7,7.4,11.3
02/09/2026,10:50:00,1.934,0.395,238.92,8.21,6.8,5.4,8.1
02/09/2026,10:51:00,1.931,0.341,237.77,8.0,5.6,5.6,9.8
02/09/2026,10:52:00,1.955,0.284,237.38,8.2,10.9,6.5,8.8
02/09/2026,10:53:00,1.813,0.304,238.47,7.79,9.5,5.5,12.8
02/09/2026,10:54:00,1.986,0.29,238.7,8.38,5.6,8.1,9.1
02/09/2026,10:55:00,1.896,0.319,238.87,7.95,5.1,4.9,12.7
02/09/2026,10:56:00,1.954,0.285,238.37,8.17,6.9,3.1,13.0
02/09/2026,10:57:00,1.814,0.296,239.7,7.74,5.3,7.2,11.1
02/09/2026,10:58:00,1.774,0.275,237.77,7.63,7.9,5.6,12.0
02/09/2026,10:59:00,1.962,0.345,238.02,8.34,2.8,5.1,9.7
02/09/2026,11:00:00,1.926,0.331,239.17,8.06,4.8,6.6,12.7
02/09/2026,11:01:00,1.822,0.326,238.02,7.6,6.6,6.7,8.1
02/09/2026,11:02:00,1.824,0.316,238.0,7.77,7.2,5.2,9.9
02/09/2026,11:03:00,1.982,0.303,238.93,8.13,2.2,7.7,10.2
02/09/2026,11:04:00,1.796,0.328,238.11,7.41,3.2,7.3,13.1
02/09/2026,11:05:00,2.021,0.391,238.76,8.25,1.7,8.7,14.7
02/09/2026,11:06:00,1.816,0.328,238.37,7.81,3.2,5.6,9.9
02/09/2026,11:07:00,1.938,0.322,238.26,8.03,2.4,6.4,10.7
02/09/2026,11:08:00,1.86,0.287,237.4,7.89,6.0,6.5,8.4
02/09/2026,11:09:00,1.933,0.309,238.97,8.07,5.3,5.8,10.8
02/09/2026,11:10:00,1.84,0.332,238.01,8.17,4.5,6.7,13.4
02/09/2026,11:11:00,1.869,0.351,238.77,7.89,4.8,6.9,7.1
02/09/2026,11:12:00,1.884,0.333,238.53,7.62,7.1,6.9,11.1
02/09/2026,11:13:00,1.799,0.336,238.75,7.71,2.6,5.8,12.6
02/09/2026,11:14:00,1.938,0.35,238.8,8.06,0.8,6.0,11.2
02/09/2026,11:15:00,1.836,0.333,239.04,7.65,6.0,5.5,10.6
02/09/2026,11:16:00,1.857,0.306,238.4,7.69,3.8,5.3,13.0
02/09/2026,11:17:00,1.795,0.32,239.79,7.51,2.5,6.2,9.3
02/09/2026,11:18:00,1.668,0.279,237.63,7.05,5.6,8.2,9.4
02/09/2026,11:19:00,1.856,0.323,238.77,7.68,0.5,8.9,7.0
02/09/2026,11:20:00,2.063,0.356,239.52,8.54,2.7,8.0,11.8
02/09/2026,11:21:00,1.932,0.374,239.28,8.09,0.0,5.7,11.6
02/09/2026,11:22:00,1.866,0.291,238.27,7.48,4.8,6.8,9.9
02/09/2026,11:23:00,1.845,0.333,238.39,7.52,7.4,3.6,9.2
02/09/2026,11:24:00,1.867,0.361,238.25,8.09,3.1,6.1,11.1
02/09/2026,11:25:00,1.907,0.348,239.39,8.02,2.6,5.8,11.4
02/09/2026,11:26:00,1.768,0.333,238.45,7.33,7.7,8.7,8.5
02/09/2026,11:27:00,1.95,0.349,239.16,7.9,5.4,6.6,6.9
02/09/2026,11:28:00,1.917,0.362,239.17,8.01,8.9,6.4,7.4
02/09/2026,11:29:00,1.915,0.303,240.65,8.11,4.4,6.2,8.0
02/09/2026,11:30:00,1.892,0.292,239.22,8.3,4.5,5.9,8.6
02/09/2026,11:31:00,1.857,0.323,238.43,8.07,6.9,7.0,11.1
02/09/2026,11:32:00,1.907,0.275,237.99,7.88,3.7,5.4,11.4
02/09/2026,11:33:00,1.899,0.359,238.82,7.88,4.4,7.0,10.9
02/09/2026,11:34:00,1.822,0.349,238.94,7.41,0.0,8.2,12.1
02/09/2026,11:35:00,1.803,0.306,237.48,7.47,7.4,6.4,12.2
02/09/2026,11:36:00,1.856,0.313,238.53,7.75,4.6,5.9,12.0
02/09/2026,11:37:00,1.97,0.335,239.25,8.18,3.6,6.2,11.5
02/09/2026,11:38:00,1.745,0.311,238.67,7.62,5.6,7.8,9.0
02/09/2026,11:39:00,1.726,0.31,239.73,7.0,1.4,6.5,8.4
02/09/2026,11:40:00,1.855,0.337,237.97,7.79,2.6,5.5,10.1
02/09/2026,11:41:00,1.844,0.317,239.54,7.39,4.8,7.3,13.8
02/09/2026,11:42:00,1.852,0.346,239.71,7.78,3.8,5.3,16.5
02/09/2026,11:43:00,1.856,0.334,239.75,7.54,4.6,6.0,12.6
02/09/2026,11:44:00,1.817,0.303,237.99,7.8,4.1,6.6,12.2
02/09/2026,11:45:00,1.953,0.368,239.31,8.12,4.9,5.2,13.7
02/09/2026,11:46:00,1.704,0.27,238.63,6.93,0.9,3.9,14.7
02/09/2026,11:47:00,1.764,0.309,238.12,7.09,6.1,6.8,9.4
02/09/2026,11:48:00,1.82,0.343,238.82,7.47,2.6,3.4,17.8
02/09/2026,11:49:00,1.695,0.285,238.49,7.14,3.6,5.0,14.9
02/09/2026,11:50:00,1.811,0.325,239.77,7.62,2.3,7.2,8.4
02/09/2026,11:51:00,1.956,0.348,239.49,8.09,2.9,6.8,9.2
02/09/2026,11:52:00,1.823,0.297,238.33,7.79,3.9,6.0,17.6
02/09/2026,11:53:00,1.838,0.319,238.64,7.53,4.9,5.0,13.7
02/09/2026,11:54:00,1.717,0.302,238.89,6.75,5.2,5.6,10.1
02/09/2026,11:55:00,1.767,0.298,239.11,7.43,4.2,6.9,11.6
02/09/2026,11:56:00,1.784,0.372,239.87,7.63,2.2,6.0,13.1
02/09/2026,11:57:00,1.787,0.295,239.66,7.65,4.1,4.6,13.4
02/09/2026,11:58:00,1.913,0.355,239.22,7.8,3.8,5.0,14.5
02/09/2026,11:59:00,1.854,0.313,239.01,7.67,3.4,5.6,12.0
02/09/2026,12:00:00,1.718,0.279,237.95,7.33,4.3,6.6,12.1
02/09/2026,12:01:00,1.825,0.322,240.11,7.51,0.7,6.3,10.7
02/09/2026,12:02:00,1.843,0.337,238.9,7.73,0.0,4.5,9.5
02/09/2026,12:03:00,1.893,0.35,240.3,7.77,5.6,7.8,9.4
02/09/2026,12:04:00,1.926,0.37,239.36,7.88,2.9,5.1,11.2
02/09/2026,12:05:00,1.716,0.38,240.65,7.0,4.0,6.6,12.3
02/09/2026,12:06:00,1.731,0.314,239.66,7.36,1.4,4.8,8.3
02/09/2026,12:07:00,1.693,0.287,238.24,7.11,5.7,9.3,16.1
02/09/2026,12:08:00,1.773,0.324,238.82,7.61,3.8,7.8,10.0
02/09/2026,12:09:00,1.827,0.313,239.14,7.72,2.8,5.0,9.7
02/09/2026,12:10:00,1.866,0.347,238.66,8.06,3.7,6.1,11.5
02/09/2026,12:11:00,1.779,0.281,239.01,7.57,0.0,4.7,6.4
02/09/2026,12:12:00,1.758,0.37,238.32,7.49,3.8,5.5,12.4
02/09/2026,12:13:00,1.793,0.337,239.29,7.48,6.0,6.5,9.4
02/09/2026,12:14:00,1.712,0.263,239.46,7.6,3.7,7.0,7.4
02/09/2026,12:15:00,1.944,0.316,238.6,8.17,3.4,4.3,11.9
02/09/2026,12:16:00,1.646,0.318,240.67,6.54,2.4,4.9,11.9
02/09/2026,12:17:00,1.788,0.344,239.36,7.51,5.2,7.1,15.9
02/09/2026,12:18:00,1.933,0.3,238.75,7.95,5.5,7.6,12.0
02/09/2026,12:19:00,1.769,0.33,238.19,7.58,2.1,4.9,12.0
02/09/2026,12:20:00,1.751,0.261,239.38,7.42,3.7,7.1,11.7
02/09/2026,12:21:00,1.736,0.306,239.17,7.23,3.4,4.2,6.0
02/09/2026,12:22:00,1.747,0.337,239.9,7.15,3.8,5.4,11.8
02/09/2026,12:23:00,1.87,0.311,239.26,7.84,1.4,4.3,11.5
02/09/2026,12:24:00,1.58,0.252,238.53,6.53,5.2,5.2,11.3
02/09/2026,12:25:00,1.878,0.329,240.55,7.92,4.0,8.2,9.8
02/09/2026,12:26:00,1.639,0.282,239.69,6.92,5.3,5.7,12.9
02/09/2026,12:27:00,1.729,0.323,239.22,7.67,0.7,5.3,9.5
02/09/2026,12:28:00,1.714,0.284,239.52,7.09,0.8,5.0,13.2
02/09/2026,12:29:00,1.793,0.296,239.74,7.43,7.0,5.3,12.5
02/09/2026,12:30:00,1.616,0.243,238.42,6.75,5.2,4.6,14.8
02/09/2026,12:31:00,1.778,0.318,239.53,7.41,1.2,5.8,10.7
02/09/2026,12:32:00,1.901,0.324,239.12,8.1,4.6,5.6,14.6
02/09/2026,12:33:00,1.628,0.266,239.79,6.75,1.9,5.0,12.2
02/09/2026,12:34:00,1.749,0.315,238.93,7.62,0.0,4.9,11.5
02/09/2026,12:35:00,1.679,0.327,239.03,7.11,0.0,5.8,9.8
02/09/2026,12:36:00,1.763,0.306,240.63,7.26,2.8,4.6,12.6
02/09/2026,12:37:00,1.728,0.314,240.33,7.08,5.9,5.2,10.7
02/09/2026,12:38:00,1.673,0.308,237.17,7.21,5.8,4.9,11.7
02/09/2026,12:39:00,1.761,0.281,240.3,7.33,5.3,2.6,13.4
02/09/2026,12:40:00,1.864,0.375,239.44,7.79,4.4,6.6,11.7
02/09/2026,12:41:00,1.702,0.292,239.01,7.03,3.4,3.0,12.4
02/09/2026,12:42:00,1.772,0.329,238.8,7.41,5.1,3.1,15.1
02/09/2026,12:43:00,1.609,0.312,238.85,6.64,0.0,6.5,13.0
02/09/2026,12:44:00,1.633,0.292,239.05,7.04,4.7,3.9,10.2
02/09/2026,12:45:00,1.745,0.325,238.74,7.42,0.5,2.6,10.9
02/09/2026,12:46:00,1.823,0.325,238.59,7.62,0.9,7.0,12.1
02/09/2026,12:47:00,1.731,0.272,238.82,7.22,4.1,4.4,16.4
02/09/2026,12:48:00,1.674,0.293,239.78,7.0,4.6,6.8,8.8
02/09/2026,12:49:00,1.697,0.288,239.6,7.08,1.5,4.0,12.2
02/09/2026,12:50:00,1.594,0.28,239.96,6.5,4.0,3.1,14.8
02/09/2026,12:51:00,1.74,0.276,239.53,6.98,3.9,4.8,13.1
02/09/2026,12:52:00,1.76,0.339,238.67,7.25,2.1,3.6,11.5
02/09/2026,12:53:00,1.651,0.338,239.94,6.86,3.0,5.7,8.0
02/09/2026,12:54:00,1.647,0.322,238.9,6.78,6.9,6.0,15.1
02/09/2026,12:55:00,1.703,0.336,240.07,7.22,2.1,6.3,10.7
02/09/2026,12:56:00,1.644,0.289,238.81,6.85,2.2,4.6,9.7
02/09/2026,12:57:00,1.671,0.285,239.15,7.27,3.0,6.8,12.3
02/09/2026,12:58:00,1.842,0.302,239.38,7.61,2.3,3.8,14.9
02/09/2026,12:59:00,1.651,0.314,240.12,6.9,4.3,5.2,12.7
02/09/2026,13:00:00,1.64,0.302,239.78,6.8,5.6,4.8,11.0
02/09/2026,13:01:00,1.614,0.292,239.68,6.8,2.2,7.5,12.3
02/09/2026,13:02:00,1.723,0.339,240.99,7.31,1.0,6.5,12.1
02/09/2026,13:03:00,1.646,0.308,238.39,7.0,6.6,4.9,10.8
02/09/2026,13:04:00,1.606,0.272,238.96,6.42,2.9,5.1,11.9
02/09/2026,13:05:00,1.761,0.294,238.94,7.44,0.0,6.8,10.0
02/09/2026,13:06:00,1.766,0.329,238.46,7.25,6.4,3.8,9.6
02/09/2026,13:07:00,1.602,0.318,239.21,6.65,4.9,2.1,13.0
02/09/2026,13:08:00,1.498,0.294,240.2,6.34,5.9,3.5,10.9
02/09/2026,13:09:00,1.725,0.354,239.31,7.04,5.6,4.2,11.7
02/09/2026,13:10:00,1.587,0.331,239.5,6.8,8.0,6.5,10.1
02/09/2026,13:11:00,1.703,0.315,238.54,7.08,0.6,6.0,10.6
02/09/2026,13:12:00,1.479,0.257,239.19,6.51,1.1,4.6,10.7
02/09/2026,13:13:00,1.705,0.272,239.44,7.13,1.7,5.2,10.5
02/09/2026,13:14:00,1.534,0.274,240.22,6.64,1.6,3.7,10.9
02/09/2026,13:15:00,1.687,0.321,238.6,7.25,2.9,7.3,12.2
02/09/2026,13:16:00,1.627,0.341,239.47,6.7,1.7,6.1,14.9
02/09/2026,13:17:00,1.547,0.296,240.55,6.24,0.3,4.6,13.5
02/09/2026,13:18:00,1.588,0.32,239.49,6.65,0.9,4.4,11.1
02/09/2026,13:19:00,1.673,0.295,238.33,6.93,2.1,5.4,10.4
02/09/2026,13:20:00,1.624,0.31,240.71,6.98,5.0,4.3,7.9
02/09/2026,13:21:00,1.66,0.32,240.34,6.87,1.5,2.0,10.3
02/09/2026,13:22:00,1.768,0.263,240.44,7.31,4.3,6.4,9.4
02/09/2026,13:23:00,1.482,0.268,238.62,6.0,0.0,5.8,11.9
02/09/2026,13:24:00,1.734,0.332,240.91,7.26,0.0,4.8,15.5
02/09/2026,13:25:00,1.611,0.3,239.32,6.55,2.4,3.7,10.9
02/09/2026,13:26:00,1.528,0.253,239.51,6.45,1.5,4.3,8.6
02/09/2026,13:27:00,1.491,0.218,239.38,6.31,0.9,0.8,11.4
02/09/2026,13:28:00,1.579,0.28,240.55,6.45,0.7,2.8,10.8
02/09/2026,13:29:00,1.666,0.298,239.77,7.09,1.3,6.5,14.6
02/09/2026,13:30:00,1.579,0.267,240.24,6.53,0.7,4.8,7.7
02/09/2026,13:31:00,1.708,0.308,239.96,6.9,0.9,1.6,9.6
02/09/2026,13:32:00,1.468,0.289,239.85,6.35,0.0,3.0,13.5
02/09/2026,13:33:00,1.581,0.306,239.26,6.47,0.0,1.5,8.4
02/09/2026,13:34:00,1.479,0.219,241.2,6.21,0.0,3.0,13.1
02/09/2026,13:35:00,1.606,0.26,238.92,6.78,7.6,3.8,10.4
02/09/2026,13:36:00,1.645,0.29,240.24,6.91,2.6,6.1,14.1
02/09/2026,13:37:00,1.538,0.299,240.22,6.46,5.8,5.0,11.7
02/09/2026,13:38:00,1.361,0.276,240.78,5.51,2.4,3.5,11.5
02/09/2026,13:39:00,1.582,0.302,240.95,6.82,2.5,3.6,13.1
02/09/2026,13:40:00,1.599,0.282,239.89,6.81,3.4,2.8,11.9
02/09/2026,13:41:00,1.594,0.283,240.36,6.7,4.0,5.2,9.1
02/09/2026,13:42:00,1.658,0.281,241.24,6.67,0.3,5.4,10.7
02/09/2026,13:43:00,1.471,0.296,239.96,5.98,2.0,2.0,8.2
02/09/2026,13:44:00,1.609,0.27,239.27,6.82,3.4,1.5,9.9
02/09/2026,13:45:00,1.647,0.319,239.76,6.57,0.0,3.3,7.1
02/09/2026,13:46:00,1.407,0.274,239.12,5.94,5.4,3.4,17.0
02/09/2026,13:47:00,1.573,0.288,240.3,6.34,4.9,4.0,11.8
02/09/2026,13:48:00,1.504,0.264,240.8,6.12,0.0,1.5,13.0
02/09/2026,13:49:00,1.536,0.25,239.97,6.19,1.0,2.7,10.0
02/09/2026,13:50:00,1.568,0.272,238.93,6.6,3.0,3.5,13.0
02/09/2026,13:51:00,1.499,0.272,240.79,6.39,4.5,2.5,13.5
02/09/2026,13:52:00,1.481,0.219,238.84,6.25,5.9,4.6,13.9
02/09/2026,13:53:00,1.536,0.279,239.01,6.49,1.5,5.9,11.6
02/09/2026,13:54:00,1.444,0.296,239.98,6.04,7.5,2.8,14.0
02/09/2026,13:55:00,1.442,0.287,240.28,6.1,2.7,4.6,10.5
02/09/2026,13:56:00,1.581,0.277,240.41,6.64,2.4,3.0,12.6
02/09/2026,13:57:00,1.432,0.273,240.08,5.56,4.0,2.2,11.9
02/09/2026,13:58:00,1.575,0.275,241.37,6.66,3.5,2.4,9.2
02/09/2026,13:59:00,1.557,0.291,240.19,6.6,3.4,4.3,7.8
02/09/2026,14:00:00,1.38,0.304,240.87,5.67,6.9,2.5,11.2
02/09/2026,14:01:00,1.461,0.3,240.71,5.77,3.4,2.7,11.2
02/09/2026,14:02:00,1.609,0.306,239.26,6.76,0.9,1.8,11.2
02/09/2026,14:03:00,1.433,0.26,240.06,6.02,1.2,4.1,14.1
02/09/2026,14:04:00,1.472,0.295,241.67,6.03,5.9,3.8,14.8
02/09/2026,14:05:00,1.544,0.243,239.84,6.47,4.3,5.1,13.3
02/09/2026,14:06:00,1.568,0.282,239.73,6.7,0.0,3.9,13.1
02/09/2026,14:07:00,1.483,0.293,240.33,6.53,0.0,3.7,11.6
02/09/2026,14:08:00,1.454,0.293,239.89,6.08,3.0,3.9,12.2
02/09/2026,14:09:00,1.613,0.31,239.67,6.78,4.2,2.8,12.8
02/09/2026,14:10:00,1.637,0.304,239.89,6.7,1.6,3.2,12.1
02/09/2026,14:11:00,1.574,0.284,241.24,6.45,0.0,4.2,13.1
02/09/2026,14:12:00,1.501,0.294,240.15,6.23,0.7,1.9,11.9
02/09/2026,14:13:00,1.427,0.247,239.33,6.14,6.3,5.2,10.7
02/09/2026,14:14:00,1.424,0.25,239.21,6.08,4.0,3.8,12.4
02/09/2026,14:15:00,1.53,0.285,241.82,6.62,5.0,5.6,11.3
02/09/2026,14:16:00,1.52,0.287,240.13,6.11,5.4,1.4,15.0
02/09/2026,14:17:00,1.597,0.246,240.59,6.44,1.8,1.4,10.9
02/09/2026,14:18:00,1.536,0.296,239.76,6.57,2.3,3.3,18.1
02/09/2026,14:19:00,1.362,0.283,240.53,5.88,2.7,3.0,15.4
02/09/2026,14:20:00,1.564,0.286,241.34,6.49,3.9,2.2,9.3
02/09/2026,14:21:00,1.399,0.327,239.87,5.16,5.3,1.1,14.6
02/09/2026,14:22:00,1.446,0.256,240.65,5.9,6.8,2.4,11.5
02/09/2026,14:23:00,1.496,0.27,239.36,6.3,4.7,3.0,13.1
02/09/2026,14:24:00,1.634,0.286,241.76,6.62,4.8,1.0,15.3
02/09/2026,14:25:00,1.721,0.305,240.54,7.18,7.0,2.2,10.1
02/09/2026,14:26:00,1.52,0.274,240.07,6.62,2.7,3.2,10.8
02/09/2026,14:27:00,1.455,0.239,240.16,6.27,5.6,3.7,13.5
02/09/2026,14:28:00,1.511,0.268,240.02,6.42,4.3,2.3,11.0
02/09/2026,14:29:00,1.538,0.282,240.07,6.4,4.4,1.6,6.9
02/09/2026,14:30:00,1.44,0.304,238.68,5.96,2.8,2.7,13.9
02/09/2026,14:31:00,1.608,0.348,240.34,6.81,0.4,2.3,12.6
02/09/2026,14:32:00,1.482,0.311,240.31,6.17,3.9,0.6,11.8
02/09/2026,14:33:00,1.502,0.261,240.76,6.25,4.0,1.9,12.1
02/09/2026,14:34:00,1.514,0.264,240.06,6.08,2.1,1.7,16.7
02/09/2026,14:35:00,1.494,0.275,239.9,6.12,3.1,2.5,14.0
02/09/2026,14:36:00,1.526,0.328,240.44,6.46,1.5,1.5,9.9
02/09/2026,14:37:00,1.409,0.265,239.32,5.72,1.6,1.7,12.1
02/09/2026,14:38:00,1.412,0.236,240.56,5.91,2.4,2.2,14.4
02/09/2026,14:39:00,1.368,0.252,239.16,5.78,0.7,3.2,14.4
02/09/2026,14:40:00,1.49,0.298,241.26,6.25,2.2,2.5,8.5
02/09/2026,14:41:00,1.517,0.299,240.96,6.38,4.8,5.8,10.7
02/09/2026,14:42:00,1.49,0.274,239.84,6.31,6.3,0.7,9.3
02/09/2026,14:43:00,1.587,0.307,240.96,6.49,7.6,3.5,13.2
02/09/2026,14:44:00,1.452,0.217,240.58,5.81,2.7,2.2,9.8
02/09/2026,14:45:00,1.505,0.283,239.81,6.14,5.9,0.5,15.3
02/09/2026,14:46:00,1.363,0.285,239.11,5.81,4.2,1.8,14.7
02/09/2026,14:47:00,1.419,0.249,240.75,5.71,3.0,0.3,11.3
02/09/2026,14:48:00,1.505,0.26,239.98,6.12,4.3,2.3,9.1
02/09/2026,14:49:00,1.517,0.235,241.31,6.13,5.8,1.8,10.1
02/09/2026,14:50:00,1.425,0.311,240.56,5.65,2.6,1.3,12.8
02/09/2026,14:51:00,1.442,0.255,240.07,5.84,2.5,0.8,13.7
02/09/2026,14:52:00,1.326,0.265,241.83,5.63,2.8,3.5,11.8
02/09/2026,14:53:00,1.419,0.285,240.98,5.78,2.4,1.9,6.2
02/09/2026,14:54:00,1.518,0.32,238.03,6.12,6.1,2.4,13.4
02/09/2026,14:55:00,1.493,0.275,240.25,6.14,2.2,2.3,7.4
02/09/2026,14:56:00,1.486,0.265,239.63,6.28,2.5,2.2,7.2
02/09/2026,14:57:00,1.45,0.278,240.05,5.77,4.3,1.6,14.1
02/09/2026,14:58:00,1.447,0.306,240.51,6.16,4.2,4.0,9.3
02/09/2026,14:59:00,1.393,0.263,240.87,5.57,3.0,4.9,12.4
02/09/2026,15:00:00,1.502,0.256,240.81,6.18,7.2,3.9,12.1
02/09/2026,15:01:00,1.479,0.239,241.39,6.07,2.6,2.0,10.1
02/09/2026,15:02:00,1.485,0.248,241.09,6.08,3.5,1.9,12.3
02/09/2026,15:03:00,1.404,0.29,241.06,5.81,0.0,3.4,10.7
02/09/2026,15:04:00,1.274,0.245,240.8,5.41,3.3,0.9,12.0
02/09/2026,15:05:00,1.534,0.269,241.57,6.34,1.3,4.1,11.0
02/09/2026,15:06:00,1.408,0.251,240.45,5.77,2.1,2.9,10.8
02/09/2026,15:07:00,1.378,0.267,240.48,5.8,0.1,1.5,10.5
02/09/2026,15:08:00,1.503,0.274,239.36,6.31,2.2,2.2,9.9
02/09/2026,15:09:00,1.416,0.263,241.44,5.76,3.9,2.7,13.8
02/09/2026,15:10:00,1.533,0.318,240.65,6.38,3.6,1.3,10.9
02/09/2026,15:11:00,1.498,0.318,242.77,6.06,3.2,3.2,9.4
02/09/2026,15:12:00,1.503,0.24,240.44,6.12,3.5,3.4,11.0
02/09/2026,15:13:00,1.34,0.269,240.79,5.69,3.1,1.4,10.8
02/09/2026,15:14:00,1.547,0.266,241.12,6.48,4.1,1.1,11.1
02/09/2026,15:15:00,1.472,0.27,239.97,6.25,4.0,1.6,13.5
02/09/2026,15:16:00,1.422,0.278,241.0,5.99,4.8,0.2,10.6
02/09/2026,15:17:00,1.464,0.27,240.78,5.95,3.8,0.0,11.1
02/09/2026,15:18:00,1.311,0.263,240.55,5.6,3.4,1.1,13.4
02/09/2026,15:19:00,1.486,0.295,241.59,6.11,5.9,0.4,13.0
02/09/2026,15:20:00,1.372,0.272,240.14,5.85,5.5,4.0,10.5
02/09/2026,15:21:00,1.347,0.246,240.98,5.57,4.3,1.1,14.1
02/09/2026,15:22:00,1.335,0.244,241.81,5.57,6.8,2.2,14.0
02/09/2026,15:23:00,1.547,0.25,240.3,6.49,4.6,0.8,13.9
02/09/2026,15:24:00,1.409,0.248,240.6,5.98,4.1,3.9,12.7
02/09/2026,15:25:00,1.583,0.339,242.45,6.28,4.4,1.4,11.6
02/09/2026,15:26:00,1.418,0.25,241.15,5.65,4.9,0.0,9.7
02/09/2026,15:27:00,1.326,0.229,240.47,5.61,2.7,2.5,9.0
02/09/2026,15:28:00,1.375,0.273,241.4,5.75,0.9,1.9,11.9
02/09/2026,15:29:00,1.564,0.285,240.44,6.39,5.2,3.1,12.1
02/09/2026,15:30:00,1.454,0.27,239.75,6.12,6.3,1.3,11.5
02/09/2026,15:31:00,1.424,0.306,241.81,5.68,2.7,1.7,11.8
02/09/2026,15:32:00,1.483,0.292,240.09,6.66,6.9,0.0,15.1
02/09/2026,15:33:00,1.511,0.268,242.58,6.43,1.5,2.6,15.7
02/09/2026,15:34:00,1.562,0.277,240.53,6.59,3.7,1.6,9.7
02/09/2026,15:35:00,1.591,0.278,242.37,6.57,8.3,1.3,12.7
02/09/2026,15:36:00,1.448,0.296,239.93,5.94,5.6,1.2,12.2
02/09/2026,15:37:00,1.372,0.257,241.61,5.48,4.3,1.1,13.6
02/09/2026,15:38:00,1.447,0.229,241.25,5.98,5.5,2.6,16.0
02/09/2026,15:39:00,1.503,0.279,241.49,6.09,7.4,0.2,17.0
02/09/2026,15:40:00,1.407,0.23,241.59,5.7,2.2,2.4,13.7
02/09/2026,15:41:00,1.409,0.324,240.57,5.65,7.7,0.0,12.3
02/09/2026,15:42:00,1.516,0.258,240.01,6.35,4.1,0.0,11.4
02/09/2026,15:43:00,1.486,0.274,240.9,6.11,6.6,3.2,17.7
02/09/2026,15:44:00,1.495,0.286,241.1,6.28,4.0,0.1,10.5
02/09/2026,15:45:00,1.434,0.265,240.62,6.03,8.6,1.5,14.0
02/09/2026,15:46:00,1.479,0.27,241.15,6.17,5.2,1.0,11.7
02/09/2026,15:47:00,1.425,0.282,241.19,6.31,2.7,1.8,9.3
02/09/2026,15:48:00,1.573,0.327,240.33,6.67,6.3,1.4,16.0
02/09/2026,15:49:00,1.587,0.31,241.25,6.39,8.0,2.7,8.4
02/09/2026,15:50:00,1.359,0.3,240.79,5.71,7.8,0.0,7.6
02/09/2026,15:51:00,1.435,0.246,240.5,5.96,5.7,2.2,13.8
02/09/2026,15:52:00,1.392,0.275,241.54,5.56,7.2,1.2,11.6
02/09/2026,15:53:00,1.463,0.279,240.45,5.87,4.8,0.0,13.3
02/09/2026,15:54:00,1.511,0.29,240.68,6.34,6.8,0.6,12.3
02/09/2026,15:55:00,1.404,0.303,241.06,5.93,6.4,0.0,13.7
02/09/2026,15:56:00,1.449,0.268,241.98,5.83,0.0,0.0,11.7
02/09/2026,15:57:00,1.446,0.263,241.16,6.14,3.8,0.7,14.4
02/09/2026,15:58:00,1.546,0.299,241.4,6.45,6.2,2.8,14.5
02/09/2026,15:59:00,1.538,0.24,240.83,6.56,6.2,1.7,15.8
02/09/2026,16:00:00,1.477,0.271,240.99,6.29,5.9,2.9,15.2
02/09/2026,16:01:00,1.552,0.283,241.01,6.42,6.2,1.3,12.2
02/09/2026,16:02:00,1.498,0.257,241.26,6.45,8.4,3.2,14.0
02/09/2026,16:03:00,1.523,0.309,240.85,6.15,6.8,3.1,13.4
02/09/2026,16:04:00,1.682,0.275,242.0,7.31,1.5,0.0,13.4
02/09/2026,16:05:00,1.659,0.296,240.81,6.76,10.1,1.3,9.6
02/09/2026,16:06:00,1.451,0.281,239.88,6.04,2.4,0.3,14.2
02/09/2026,16:07:00,1.625,0.329,243.0,6.6,8.2,1.0,13.9
02/09/2026,16:08:00,1.627,0.295,240.86,6.7,3.2,3.3,16.6
02/09/2026,16:09:00,1.473,0.3,242.01,6.53,9.2,0.3,15.2
02/09/2026,16:10:00,1.634,0.314,242.08,6.68,5.9,0.0,12.9
02/09/2026,16:11:00,1.696,0.307,241.77,7.14,7.3,0.0,12.4
02/09/2026,16:12:00,1.487,0.251,240.97,6.13,2.6,0.6,10.4
02/09/2026,16:13:00,1.507,0.245,241.32,6.38,8.1,6.0,16.7
02/09/2026,16:14:00,1.666,0.303,240.23,6.85,7.5,3.0,10.3
02/09/2026,16:15:00,1.61,0.28,242.52,6.68,7.9,0.0,8.6
02/09/2026,16:16:00,1.636,0.319,240.54,6.9,8.7,1.1,14.7
02/09/2026,16:17:00,1.623,0.313,240.96,6.63,7.2,0.3,12.9
02/09/2026,16:18:00,1.631,0.291,241.21,7.18,6.5,2.4,13.4
02/09/2026,16:19:00,1.498,0.251,241.07,6.32,5.3,0.0,13.2
02/09/2026,16:20:00,1.692,0.316,240.69,7.0,6.1,0.0,10.5
02/09/2026,16:21:00,1.706,0.279,242.14,6.94,9.5,0.3,13.6
02/09/2026,16:22:00,1.599,0.273,241.83,6.62,5.4,0.2,12.1
02/09/2026,16:23:00,1.618,0.27,241.4,6.52,3.5,1.9,11.9
02/09/2026,16:24:00,1.503,0.277,240.9,6.51,5.2,0.6,16.0
02/09/2026,16:25:00,1.671,0.33,241.93,6.97,8.5,2.4,14.7
02/09/2026,16:26:00,1.68,0.302,240.86,6.96,6.7,0.0,7.9
02/09/2026,16:27:00,1.634,0.285,242.29,6.9,8.6,2.2,13.4
02/09/2026,16:28:00,1.734,0.27,241.27,7.08,3.5,0.0,15.3
02/09/2026,16:29:00,1.622,0.308,242.06,6.53,1.6,1.8,10.3
02/09/2026,16:30:00,1.698,0.284,241.13,7.02,8.1,0.4,11.1
02/09/2026,16:31:00,1.576,0.292,241.26,6.55,9.7,2.2,15.3
02/09/2026,16:32:00,1.661,0.29,242.07,6.94,4.3,0.0,12.1
02/09/2026,16:33:00,1.654,0.319,242.76,6.59,8.8,0.0,8.8
02/09/2026,16:34:00,1.691,0.299,242.32,6.91,10.2,2.5,15.8
02/09/2026,16:35:00,1.648,0.296,241.84,6.35,7.9,0.8,12.8
02/09/2026,16:36:00,1.672,0.313,241.65,6.74,9.8,0.0,14.0
02/09/2026,16:37:00,1.754,0.363,240.88,7.39,8.4,0.1,13.1
02/09/2026,16:38:00,1.658,0.321,241.45,7.01,7.6,1.5,15.7
02/09/2026,16:39:00,1.569,0.286,240.61,6.35,9.8,0.0,10.9
02/09/2026,16:40:00,1.843,0.321,241.52,7.58,12.1,2.5,14.8
02/09/2026,16:41:00,1.819,0.305,241.57,7.53,7.2,2.4,16.2
02/09/2026,16:42:00,1.61,0.27,239.89,6.87,8.2,1.9,10.4
02/09/2026,16:43:00,1.774,0.299,241.29,7.58,6.5,2.3,11.8
02/09/2026,16:44:00,1.684,0.283,241.56,7.0,8.8,0.3,17.0
02/09/2026,16:45:00,1.751,0.326,241.22,7.22,8.3,2.9,15.8
02/09/2026,16:46:00,1.759,0.284,241.53,7.07,11.0,2.4,11.7
02/09/2026,16:47:00,1.722,0.34,240.35,7.18,11.6,0.8,10.8
02/09/2026,16:48:00,1.684,0.321,240.75,7.31,10.4,0.0,14.1
02/09/2026,16:49:00,1.697,0.304,242.02,7.21,11.0,0.0,14.3
02/09/2026,16:50:00,1.685,0.302,241.3,7.01,7.5,2.2,13.4
02/09/2026,16:51:00,1.697,0.29,241.54,7.07,7.1,0.0,18.7
02/09/2026,16:52:00,1.764,0.318,240.92,7.22,9.9,0.0,15.1
02/09/2026,16:53:00,1.718,0.333,241.32,7.07,9.2,1.6,11.8
02/09/2026,16:54:00,1.836,0.303,239.7,7.68,13.2,0.0,16.0
02/09/2026,16:55:00,1.906,0.29,241.91,7.9,5.4,4.1,13.9
02/09/2026,16:56:00,1.747,0.327,242.59,7.35,10.6,1.2,12.3
02/09/2026,16:57:00,1.818,0.326,240.58,7.7,10.6,2.9,15.8
02/09/2026,16:58:00,1.845,0.293,240.67,7.74,8.0,2.3,17.1
02/09/2026,16:59:00,1.849,0.304,241.64,7.5,7.7,0.0,14.3
02/09/2026,17:00:00,1.823,0.297,242.37,7.38,9.0,1.9,11.7
02/09/2026,17:01:00,1.883,0.308,241.34,7.67,6.5,0.9,14.2
02/09/2026,17:02:00,1.868,0.316,240.48,7.8,12.7,0.8,11.8
02/09/2026,17:03:00,1.737,0.302,241.2,6.9,15.3,0.9,14.5
02/09/2026,17:04:00,1.912,0.313,240.63,7.94,9.3,2.3,15.7
02/09/2026,17:05:00,1.92,0.311,240.89,8.18,8.8,3.1,9.7
02/09/2026,17:06:00,1.794,0.31,241.15,7.54,7.5,0.0,15.6
02/09/2026,17:07:00,1.864,0.328,240.71,7.69,8.0,1.0,13.3
02/09/2026,17:08:00,1.922,0.323,240.82,7.88,9.1,2.7,12.9
02/09/2026,17:09:00,1.857,0.352,241.42,7.81,12.8,0.6,11.2
02/09/2026,17:10:00,1.966,0.349,241.52,8.19,16.8,1.2,11.8
02/09/2026,17:11:00,2.076,0.309,240.38,8.6,9.1,1.2,18.1
02/09/2026,17:12:00,1.831,0.333,241.66,7.49,8.8,3.6,16.1
02/09/2026,17:13:00,1.79,0.33,241.12,7.43,8.3,1.9,17.1
02/09/2026,17:14:00,1.931,0.321,241.89,7.94,11.6,3.6,12.4
02/09/2026,17:15:00,1.971,0.299,241.94,8.27,11.5,3.2,18.3
02/09/2026,17:16:00,1.902,0.328,241.01,8.08,11.1,0.6,14.3
02/09/2026,17:17:00,2.043,0.345,241.83,8.24,10.1,1.3,12.7
02/09/2026,17:18:00,1.827,0.291,240.81,7.4,13.8,3.5,12.1
02/09/2026,17:19:00,1.996,0.303,242.33,8.44,12.7,0.0,12.2
02/09/2026,17:20:00,1.899,0.326,240.84,7.91,12.7,1.9,12.9
02/09/2026,17:21:00,2.092,0.345,241.65,8.49,12.0,1.9,12.6
02/09/2026,17:22:00,2.12,0.344,241.28,8.93,11.0,0.5,16.6
02/09/2026,17:23:00,1.906,0.327,240.7,7.97,10.0,0.4,20.4
02/09/2026,17:24:00,1.931,0.304,242.05,8.31,12.6,0.6,14.1
02/09/2026,17:25:00,2.05,0.335,240.99,8.47,12.5,1.8,14.2
02/09/2026,17:26:00,1.957,0.348,240.23,8.31,12.9,2.8,10.7
02/09/2026,17:27:00,1.992,0.33,239.41,8.1,8.7,1.8,12.7
02/09/2026,17:28:00,2.004,0.299,240.81,8.53,12.6,0.0,11.3
02/09/2026,17:29:00,1.856,0.311,242.39,7.8,11.3,2.8,16.6
02/09/2026,17:30:00,2.015,0.315,242.31,8.56,10.3,2.4,19.1
02/09/2026,17:31:00,1.968,0.343,240.93,8.34,13.6,0.5,12.5
02/09/2026,17:32:00,1.991,0.347,241.17,8.24,12.6,0.0,14.5
02/09/2026,17:33:00,2.153,0.317,241.11,8.75,17.0,0.0,14.4
02/09/2026,17:34:00,1.944,0.352,240.51,7.99,13.3,2.3,16.5
02/09/2026,17:35:00,2.117,0.326,240.78,8.53,11.9,0.0,15.3
02/09/2026,17:36:00,2.036,0.383,242.13,8.27,12.3,2.3,19.8
02/09/2026,17:37:00,2.043,0.344,241.8,8.51,10.3,0.3,13.5
02/09/2026,17:38:00,2.136,0.325,241.64,8.83,15.2,1.2,17.2
02/09/2026,17:39:00,2.107,0.324,240.52,8.73,13.4,0.0,13.9
02/09/2026,17:40:00,2.133,0.365,241.52,8.71,13.5,0.0,11.7
02/09/2026,17:41:00,2.172,0.351,239.84,8.79,10.8,0.0,18.4
02/09/2026,17:42:00,2.075,0.347,242.05,8.6,14.6,0.0,19.4
02/09/2026,17:43:00,2.06,0.387,241.64,8.58,11.3,1.8,16.3
02/09/2026,17:44:00,2.029,0.326,240.52,8.29,12.1,1.2,14.0
02/09/2026,17:45:00,2.057,0.348,242.6,8.4,13.6,3.4,12.9
02/09/2026,17:46:00,2.366,0.419,240.21,10.08,12.2,1.5,16.7
02/09/2026,17:47:00,2.237,0.375,241.84,9.42,11.9,0.0,10.8
02/09/2026,17:48:00,2.036,0.304,241.86,8.2,13.5,2.4,17.5
02/09/2026,17:49:00,2.046,0.358,240.6,8.49,15.7,0.2,14.7
02/09/2026,17:50:00,2.197,0.335,241.45,9.32,15.5,0.2,14.6
02/09/2026,17:51:00,2.21,0.4,240.33,9.16,15.2,0.8,13.3
02/09/2026,17:52:00,2.217,0.345,239.48,9.22,14.9,2.9,12.5
02/09/2026,17:53:00,2.16,0.433,240.73,9.14,13.0,2.2,15.6
02/09/2026,17:54:00,2.177,0.398,241.05,9.18,16.3,2.2,16.2
02/09/2026,17:55:00,2.221,0.347,241.93,9.32,10.7,3.4,15.6
02/09/2026,17:56:00,2.209,0.366,241.53,9.11,15.1,2.1,18.2
02/09/2026,17:57:00,2.031,0.363,241.55,8.51,16.0,0.0,16.0
02/09/2026,17:58:00,2.198,0.383,240.77,9.35,14.2,1.5,17.5
02/09/2026,17:59:00,2.155,0.37,241.11,8.93,13.0,2.9,12.7
02/09/2026,18:00:00,2.244,0.401,240.83,9.26,14.5,0.0,15.0
02/09/2026,18:01:00,2.476,0.394,240.63,10.47,13.1,0.8,19.3
02/09/2026,18:02:00,2.274,0.364,241.07,9.74,15.8,0.0,18.2
02/09/2026,18:03:00,2.226,0.359,241.54,9.53,16.7,1.0,16.8
02/09/2026,18:04:00,2.332,0.401,241.09,9.62,15.8,2.3,15.3
02/09/2026,18:05:00,2.304,0.386,241.26,9.51,15.8,2.6,14.1
02/09/2026,18:06:00,2.306,0.384,241.98,9.38,16.6,0.6,15.0
02/09/2026,18:07:00,2.328,0.399,241.14,9.67,16.9,1.7,17.6
02/09/2026,18:08:00,2.451,0.343,240.56,10.03,13.7,0.0,11.9
02/09/2026,18:09:00,2.203,0.372,241.89,9.03,12.2,0.0,20.2
02/09/2026,18:10:00,2.338,0.386,241.68,9.78,16.0,2.3,19.0
02/09/2026,18:11:00,2.233,0.41,241.73,9.3,17.3,0.0,19.0
02/09/2026,18:12:00,2.359,0.345,241.93,9.48,12.4,0.0,17.7
02/09/2026,18:13:00,2.248,0.409,241.82,9.53,15.8,1.7,16.6
02/09/2026,18:14:00,2.295,0.377,241.52,9.34,18.0,1.1,17.3
02/09/2026,18:15:00,2.311,0.39,243.17,9.36,15.6,0.0,15.7
02/09/2026,18:16:00,2.42,0.432,240.6,9.87,18.9,1.5,21.2
02/09/2026,18:17:00,2.422,0.405,241.09,9.95,18.6,0.0,16.2
02/09/2026,18:18:00,2.255,0.381,242.18,9.18,15.7,1.0,15.5
02/09/2026,18:19:00,2.366,0.39,241.6,9.66,15.4,0.0,16.0
02/09/2026,18:20:00,2.312,0.365,242.03,9.18,15.5,0.0,15.0
02/09/2026,18:21:00,2.274,0.372,241.62,9.43,16.6,0.0,18.4
02/09/2026,18:22:00,2.364,0.366,242.46,9.79,14.0,0.3,15.5
02/09/2026,18:23:00,2.363,0.383,240.79,10.15,13.7,2.4,16.4
02/09/2026,18:24:00,2.589,0.352,242.44,10.75,12.0,0.3,19.7
02/09/2026,18:25:00,2.436,0.403,242.32,9.98,16.6,0.3,19.1
02/09/2026,18:26:00,2.297,0.373,240.65,9.37,20.8,0.0,14.6
02/09/2026,18:27:00,2.369,0.376,241.94,9.78,12.8,0.0,19.4
02/09/2026,18:28:00,2.502,0.406,241.47,10.43,16.5,0.0,13.7
02/09/2026,18:29:00,2.594,0.375,241.07,10.68,16.5,1.1,13.6
02/09/2026,18:30:00,2.306,0.425,240.18,9.61,16.7,4.0,16.2
02/09/2026,18:31:00,2.289,0.372,240.79,9.79,19.6,2.1,17.6
02/09/2026,18:32:00,2.595,0.408,241.99,10.67,15.4,1.6,16.5
02/09/2026,18:33:00,2.482,0.374,242.07,9.97,13.3,3.4,18.0
02/09/2026,18:34:00,2.388,0.387,241.35,10.02,16.2,1.4,16.2
02/09/2026,18:35:00,2.506,0.435,242.07,10.4,16.0,2.2,12.5
02/09/2026,18:36:00,2.258,0.397,242.16,9.07,13.0,1.1,16.7
02/09/2026,18:37:00,2.476,0.418,241.6,10.31,18.0,1.4,13.8
02/09/2026,18:38:00,2.507,0.415,240.99,10.25,15.2,0.0,17.1
02/09/2026,18:39:00,2.561,0.398,241.8,10.66,17.5,0.4,14.4
02/09/2026,18:40:00,2.412,0.353,241.84,10.26,17.0,0.1,18.3
02/09/2026,18:41:00,2.505,0.396,241.97,10.33,15.6,0.0,20.2
02/09/2026,18:42:00,2.43,0.386,242.1,10.2,19.6,0.0,13.4
02/09/2026,18:43:00,2.53,0.43,240.54,10.33,17.4,2.7,12.8
02/09/2026,18:44:00,2.443,0.401,241.13,9.9,18.1,0.3,16.6
02/09/2026,18:45:00,2.488,0.439,240.16,10.66,19.2,0.6,19.8
02/09/2026,18:46:00,2.446,0.423,242.01,10.15,18.7,3.8,17.7
02/09/2026,18:47:00,2.583,0.399,241.34,10.8,18.5,1.8,16.4
02/09/2026,18:48:00,2.605,0.368,241.79,10.95,16.6,0.8,15.0
02/09/2026,18:49:00,2.523,0.437,240.45,10.41,16.1,2.2,19.0
02/09/2026,18:50:00,2.55,0.44,242.47,10.64,18.7,0.0,20.8
02/09/2026,18:51:00,2.436,0.358,240.65,10.22,16.5,0.3,13.3
02/09/2026,18:52:00,2.533,0.442,242.02,10.27,20.1,0.3,18.1
02/09/2026,18:53:00,2.558,0.416,241.56,10.81,18.3,1.1,23.1
02/09/2026,18:54:00,2.776,0.437,241.35,11.7,19.9,1.4,16.1
02/09/2026,18:55:00,2.482,0.438,241.29,10.1,16.7,0.0,17.1
02/09/2026,18:56:00,2.693,0.457,241.03,11.2,16.5,1.3,17.4
02/09/2026,18:57:00,2.66,0.436,242.38,10.94,22.2,1.6,16.6
02/09/2026,18:58:00,2.608,0.425,241.48,11.01,18.6,0.2,20.0
02/09/2026,18:59:00,2.73,0.443,240.58,11.14,20.8,0.6,21.5
02/09/2026,19:00:00,2.624,0.405,241.2,11.42,16.2,0.0,13.8
02/09/2026,19:01:00,2.631,0.414,241.56,10.87,18.5,0.0,15.6
02/09/2026,19:02:00,2.601,0.39,242.1,10.86,21.7,0.0,20.4
02/09/2026,19:03:00,2.709,0.417,241.04,11.45,16.0,1.7,19.0
02/09/2026,19:04:00,2.705,0.415,241.09,11.19,23.8,1.5,18.7
02/09/2026,19:05:00,2.572,0.393,241.48,10.64,19.7,3.3,19.3
02/09/2026,19:06:00,2.522,0.406,242.07,10.34,17.7,0.9,18.0
02/09/2026,19:07:00,2.617,0.406,240.5,10.75,20.1,0.9,18.9
02/09/2026,19:08:00,2.575,0.421,241.81,10.69,21.6,1.2,17.2
02/09/2026,19:09:00,2.639,0.376,241.13,10.92,17.8,0.0,17.4
02/09/2026,19:10:00,2.748,0.427,241.23,11.31,18.2,2.0,17.8
02/09/2026,19:11:00,2.617,0.417,242.85,10.71,20.1,1.3,17.1
02/09/2026,19:12:00,2.655,0.411,241.31,11.09,20.5,0.0,19.1
02/09/2026,19:13:00,2.668,0.416,241.97,10.91,19.3,1.3,18.7
02/09/2026,19:14:00,2.736,0.389,241.95,11.27,20.5,1.8,14.0
02/09/2026,19:15:00,2.493,0.408,240.62,10.5,21.5,0.0,17.7
02/09/2026,19:16:00,2.629,0.432,240.15,10.98,20.2,2.2,18.2
02/09/2026,19:17:00,2.699,0.436,242.01,10.99,18.5,0.2,21.6
02/09/2026,19:18:00,2.782,0.46,240.68,11.56,19.8,0.0,17.6
02/09/2026,19:19:00,2.651,0.423,240.27,11.1,23.4,2.1,18.5
02/09/2026,19:20:00,2.545,0.417,242.15,10.66,20.6,2.5,18.1
02/09/2026,19:21:00,2.749,0.434,240.71,11.31,22.5,0.0,21.2
02/09/2026,19:22:00,2.652,0.435,240.88,10.93,19.0,0.0,15.7
02/09/2026,19:23:00,2.612,0.374,242.8,10.65,20.6,2.5,16.7
02/09/2026,19:24:00,2.661,0.397,240.26,10.98,21.7,0.0,16.5
02/09/2026,19:25:00,2.7,0.464,240.54,11.28,23.2,2.6,18.5
02/09/2026,19:26:00,2.67,0.359,241.09,11.16,22.7,0.0,15.2
02/09/2026,19:27:00,2.545,0.402,241.24,10.71,18.0,2.6,21.7
02/09/2026,19:28:00,2.797,0.465,240.78,11.6,22.6,2.2,19.4
02/09/2026,19:29:00,2.831,0.437,240.59,11.55,23.7,1.5,19.8
02/09/2026,19:30:00,2.784,0.424,242.46,11.58,19.2,0.0,23.2
02/09/2026,19:31:00,2.644,0.42,241.58,10.97,18.6,0.3,17.8
02/09/2026,19:32:00,2.722,0.418,241.81,11.27,20.3,2.1,20.5
02/09/2026,19:33:00,2.74,0.43,241.3,11.16,20.8,0.0,19.9
02/09/2026,19:34:00,2.792,0.418,241.59,11.53,19.7,0.1,22.0
02/09/2026,19:35:00,2.8,0.464,242.04,11.39,18.1,1.3,20.2
02/09/2026,19:36:00,2.69,0.458,240.69,11.25,23.4,0.0,17.6
02/09/2026,19:37:00,2.758,0.428,241.57,11.35,18.8,2.5,19.6
02/09/2026,19:38:00,2.791,0.4,241.86,11.46,19.5,2.2,17.3
02/09/2026,19:39:00,2.873,0.432,242.46,11.62,20.8,1.1,17.7
02/09/2026,19:40:00,2.815,0.433,242.73,11.75,17.6,1.4,18.7
02/09/2026,19:41:00,2.824,0.451,241.42,11.66,17.5,0.1,18.4
02/09/2026,19:42:00,2.769,0.407,242.16,11.45,19.8,1.6,16.8
02/09/2026,19:43:00,2.877,0.426,239.49,11.9,22.3,0.0,13.8
02/09/2026,19:44:00,2.799,0.449,242.44,11.3,21.0,0.5,19.5
02/09/2026,19:45:00,2.699,0.447,240.85,11.13,16.6,0.2,19.6
02/09/2026,19:46:00,2.882,0.43,241.18,11.89,23.5,2.7,19.6
02/09/2026,19:47:00,2.827,0.406,241.65,11.74,22.3,2.4,23.0
02/09/2026,19:48:00,2.737,0.511,241.23,11.29,21.1,0.0,15.5
02/09/2026,19:49:00,2.735,0.448,241.48,11.22,21.1,2.5,22.3
02/09/2026,19:50:00,2.798,0.429,242.45,11.32,22.1,0.0,24.3
02/09/2026,19:51:00,2.813,0.459,241.06,11.68,25.4,3.2,22.7
02/09/2026,19:52:00,2.792,0.432,240.57,11.49,22.5,2.8,18.1
02/09/2026,19:53:00,2.802,0.458,242.59,11.75,21.4,3.7,19.9
02/09/2026,19:54:00,2.914,0.454,241.69,12.08,18.3,1.2,17.2
02/09/2026,19:55:00,2.864,0.446,242.66,11.89,21.1,0.4,17.4
02/09/2026,19:56:00,2.794,0.432,241.92,11.51,22.3,0.4,22.7
02/09/2026,19:57:00,2.855,0.406,240.38,11.91,20.6,1.3,20.4
02/09/2026,19:58:00,2.697,0.472,241.75,11.02,19.8,0.0,20.6
02/09/2026,19:59:00,2.812,0.414,240.61,11.51,21.9,0.0,16.4
02/09/2026,20:00:00,2.925,0.417,241.3,12.12,18.8,0.3,15.7
02/09/2026,20:01:00,2.763,0.426,241.24,11.54,22.5,0.9,21.2
02/09/2026,20:02:00,2.712,0.401,240.15,11.0,19.9,1.5,19.8
02/09/2026,20:03:00,2.727,0.426,240.71,11.26,16.6,1.3,18.2
02/09/2026,20:04:00,2.692,0.44,242.82,11.36,19.9,1.0,22.7
02/09/2026,20:05:00,2.716,0.451,241.44,11.32,20.7,2.3,20.2
02/09/2026,20:06:00,2.748,0.45,241.15,11.63,21.9,0.0,17.0
02/09/2026,20:07:00,2.665,0.412,242.53,10.89,21.6,0.0,14.6
02/09/2026,20:08:00,2.778,0.435,240.98,11.46,18.2,3.5,20.2
02/09/2026,20:09:00,2.848,0.452,241.19,11.95,21.0,0.0,17.8
02/09/2026,20:10:00,2.702,0.38,241.94,11.26,19.7,2.3,18.6
02/09/2026,20:11:00,2.895,0.462,240.97,12.0,20.0,1.5,18.4
02/09/2026,20:12:00,2.813,0.401,240.72,11.5,18.7,0.8,22.0
02/09/2026,20:13:00,2.853,0.493,239.66,12.08,20.6,2.0,20.7
02/09/2026,20:14:00,2.717,0.416,240.58,11.67,27.0,1.7,18.6
02/09/2026,20:15:00,2.836,0.436,240.56,11.55,24.4,0.0,18.5
02/09/2026,20:16:00,2.679,0.402,241.33,11.31,18.7,0.0,19.4
02/09/2026,20:17:00,2.836,0.425,240.79,11.71,20.8,0.2,21.7
02/09/2026,20:18:00,2.776,0.49,242.72,11.39,20.0,0.0,19.0
02/09/2026,20:19:00,2.805,0.46,240.47,11.7,20.9,0.8,17.5
02/09/2026,20:20:00,2.664,0.381,242.18,10.82,22.4,1.6,16.1
02/09/2026,20:21:00,2.685,0.46,241.35,11.12,20.3,2.3,18.5
02/09/2026,20:22:00,2.802,0.466,241.76,11.35,19.1,0.9,16.1
02/09/2026,20:23:00,2.676,0.414,241.71,11.14,22.8,0.0,19.4
02/09/2026,20:24:00,2.786,0.442,239.63,11.96,18.0,1.1,19.7
02/09/2026,20:25:00,2.637,0.416,241.17,10.84,20.9,0.7,21.3
02/09/2026,20:26:00,2.811,0.487,240.99,11.64,17.5,1.8,18.2
02/09/2026,20:27:00,2.642,0.397,240.37,10.97,18.4,0.7,20.9
02/09/2026,20:28:00,2.782,0.437,241.48,11.67,21.9,2.0,22.1
02/09/2026,20:29:00,2.785,0.423,242.36,11.55,19.0,0.5,18.7
02/09/2026,20:30:00,2.676,0.385,239.28,11.32,16.6,2.5,23.5
02/09/2026,20:31:00,2.775,0.488,240.77,11.45,18.9,1.0,21.7
02/09/2026,20:32:00,2.746,0.4,240.27,11.49,18.6,0.0,17.5
02/09/2026,20:33:00,2.678,0.427,241.19,10.6,17.7,0.4,25.0
02/09/2026,20:34:00,2.637,0.373,240.9,11.05,21.3,1.7,18.3
02/09/2026,20:35:00,2.557,0.397,240.7,10.44,17.1,0.0,21.5
02/09/2026,20:36:00,2.739,0.439,241.6,11.29,19.0,0.6,19.8
02/09/2026,20:37:00,2.582,0.389,242.26,10.77,20.4,2.2,19.0
02/09/2026,20:38:00,2.711,0.44,242.97,10.93,19.4,1.5,21.2
02/09/2026,20:39:00,2.678,0.415,240.58,11.29,19.2,0.0,18.7
02/09/2026,20:40:00,2.749,0.459,239.82,11.44,18.5,1.2,18.1
02/09/2026,20:41:00,2.666,0.454,241.48,11.26,17.5,0.0,18.2
02/09/2026,20:42:00,2.66,0.405,242.21,10.85,18.6,1.0,15.7
02/09/2026,20:43:00,2.74,0.431,241.65,11.07,21.2,2.6,20.5
02/09/2026,20:44:00,2.704,0.429,242.2,11.16,18.9,0.9,16.7
02/09/2026,20:45:00,2.698,0.439,240.91,11.29,20.1,0.0,18.6
02/09/2026,20:46:00,2.706,0.425,240.63,11.34,22.0,0.6,18.1
02/09/2026,20:47:00,2.54,0.41,241.14,10.37,20.9,1.1,19.4
02/09/2026,20:48:00,2.719,0.42,240.82,11.05,17.1,2.2,18.0
02/09/2026,20:49:00,2.703,0.427,241.51,11.14,20.5,2.2,17.4
02/09/2026,20:50:00,2.567,0.441,241.72,10.7,21.6,0.0,18.9
02/09/2026,20:51:00,2.624,0.431,241.76,10.92,18.3,0.4,18.7
02/09/2026,20:52:00,2.635,0.434,241.38,11.15,16.3,1.3,15.6
02/09/2026,20:53:00,2.622,0.433,241.19,10.82,18.5,0.0,17.6
02/09/2026,20:54:00,2.654,0.415,241.57,10.71,19.7,1.4,20.6
02/09/2026,20:55:00,2.737,0.436,239.63,11.6,20.5,0.0,23.2
02/09/2026,20:56:00,2.703,0.397,241.15,11.24,18.2,1.1,14.0
02/09/2026,20:57:00,2.506,0.432,241.03,10.44,15.1,2.1,19.5
02/09/2026,20:58:00,2.655,0.349,241.14,11.13,16.6,0.9,17.9
02/09/2026,20:59:00,2.706,0.423,240.92,11.42,19.8,1.0,16.3
02/09/2026,21:00:00,2.624,0.443,241.28,10.87,23.0,1.9,16.6
02/09/2026,21:01:00,2.675,0.387,240.57,11.3,18.9,0.2,15.5
02/09/2026,21:02:00,2.743,0.439,241.75,11.43,21.5,1.6,14.5
02/09/2026,21:03:00,2.657,0.402,241.29,10.91,16.7,0.8,18.3
02/09/2026,21:04:00,2.589,0.401,241.06,10.71,17.5,0.0,21.3
02/09/2026,21:05:00,2.647,0.441,240.46,11.1,14.0,2.0,18.1
02/09/2026,21:06:00,2.568,0.413,241.51,10.53,19.4,2.6,17.7
02/09/2026,21:07:00,2.552,0.355,241.08,10.72,16.8,2.3,15.9
02/09/2026,21:08:00,2.516,0.377,240.4,10.49,19.7,2.0,15.2
02/09/2026,21:09:00,2.662,0.444,240.88,11.11,17.4,1.5,17.2
02/09/2026,21:10:00,2.465,0.407,241.35,10.43,22.4,1.3,14.9
02/09/2026,21:11:00,2.647,0.461,241.29,11.02,21.9,0.7,19.6
02/09/2026,21:12:00,2.557,0.449,241.24,10.61,13.6,0.0,15.8
02/09/2026,21:13:00,2.399,0.379,240.96,9.94,19.4,0.0,15.1
02/09/2026,21:14:00,2.533,0.467,241.6,10.46,16.6,0.0,21.9
02/09/2026,21:15:00,2.329,0.38,241.74,9.68,19.4,0.8,19.7
02/09/2026,21:16:00,2.54,0.381,241.39,10.73,15.3,0.0,14.2
02/09/2026,21:17:00,2.554,0.391,240.45,10.53,20.8,1.3,14.8
02/09/2026,21:18:00,2.428,0.335,240.12,10.01,19.9,3.1,16.3
02/09/2026,21:19:00,2.478,0.438,240.47,10.5,15.0,0.0,16.3
02/09/2026,21:20:00,2.618,0.454,242.21,10.72,17.4,0.0,15.6
02/09/2026,21:21:00,2.413,0.364,241.03,10.05,18.0,3.6,19.5
02/09/2026,21:22:00,2.362,0.378,242.32,9.66,19.0,1.9,17.0
02/09/2026,21:23:00,2.558,0.409,240.74,10.37,17.5,0.7,16.4
02/09/2026,21:24:00,2.589,0.387,240.63,10.79,19.0,0.1,15.1
02/09/2026,21:25:00,2.425,0.347,240.76,10.24,17.2,1.6,14.1
02/09/2026,21:26:00,2.498,0.394,240.74,10.37,18.5,2.1,14.9
02/09/2026,21:27:00,2.516,0.394,240.25,10.25,14.5,0.0,14.3
02/09/2026,21:28:00,2.342,0.371,239.98,9.78,17.1,2.7,13.4
02/09/2026,21:29:00,2.355,0.388,241.13,9.65,19.4,1.3,18.5
02/09/2026,21:30:00,2.484,0.434,241.51,9.89,19.8,2.0,18.1
02/09/2026,21:31:00,2.513,0.394,242.48,10.35,17.3,2.1,15.2
02/09/2026,21:32:00,2.415,0.394,240.45,10.12,16.6,1.2,18.9
02/09/2026,21:33:00,2.292,0.393,240.5,9.71,19.5,1.4,17.2
02/09/2026,21:34:00,2.513,0.415,240.2,10.73,16.5,1.5,13.5
02/09/2026,21:35:00,2.304,0.361,241.52,9.64,18.9,0.3,12.6
02/09/2026,21:36:00,2.312,0.38,241.3,9.72,16.3,1.6,16.4
02/09/2026,21:37:00,2.358,0.397,240.11,9.63,16.5,0.5,16.8
02/09/2026,21:38:00,2.447,0.365,240.08,10.43,14.2,0.8,12.8
02/09/2026,21:39:00,2.383,0.417,241.37,10.06,13.8,2.8,14.4
02/09/2026,21:40:00,2.339,0.416,240.97,9.65,18.2,0.8,17.4
02/09/2026,21:41:00,2.335,0.362,241.22,9.78,19.6,1.3,18.9
02/09/2026,21:42:00,2.293,0.38,240.07,9.64,16.3,0.6,15.6
02/09/2026,21:43:00,2.326,0.395,239.36,9.94,15.6,0.3,15.5
02/09/2026,21:44:00,2.071,0.335,240.06,8.6,17.9,3.3,14.3
02/09/2026,21:45:00,2.241,0.381,241.14,9.18,16.5,0.0,18.5
02/09/2026,21:46:00,2.276,0.377,242.13,9.32,10.9,0.9,16.4
02/09/2026,21:47:00,2.156,0.322,240.35,9.1,17.6,0.0,13.3
02/09/2026,21:48:00,2.27,0.384,242.23,9.08,12.9,2.4,16.8
02/09/2026,21:49:00,2.215,0.338,241.21,8.73,15.5,0.7,13.5
02/09/2026,21:50:00,2.363,0.407,239.65,9.99,14.5,0.2,12.8
02/09/2026,21:51:00,2.34,0.364,240.77,9.76,14.0,0.0,13.9
02/09/2026,21:52:00,2.168,0.356,241.22,8.99,15.3,2.8,12.9
02/09/2026,21:53:00,2.185,0.397,238.9,8.95,16.9,0.0,12.8
02/09/2026,21:54:00,2.183,0.374,241.05,8.8,15.1,1.4,11.6
02/09/2026,21:55:00,2.144,0.33,241.41,8.79,17.8,2.0,13.1
02/09/2026,21:56:00,2.187,0.337,240.86,9.13,18.0,3.6,13.4
02/09/2026,21:57:00,2.102,0.337,240.53,8.65,17.9,0.1,11.5
02/09/2026,21:58:00,2.064,0.358,240.44,8.72,14.6,0.0,15.6
02/09/2026,21:59:00,2.195,0.372,240.39,8.99,13.7,0.2,10.5
02/09/2026,22:00:00,2.187,0.341,239.73,9.05,14.5,0.0,13.5
02/09/2026,22:01:00,2.064,0.318,240.06,8.7,16.7,0.0,15.7
02/09/2026,22:02:00,2.191,0.37,240.24,9.06,16.5,2.9,16.7
02/09/2026,22:03:00,2.06,0.343,240.6,8.51,9.1,0.3,12.9
02/09/2026,22:04:00,2.122,0.409,240.13,8.74,14.8,0.6,16.3
02/09/2026,22:05:00,2.159,0.36,239.9,8.88,9.4,1.6,13.2
02/09/2026,22:06:00,2.082,0.395,241.03,8.69,14.0,2.6,18.9
02/09/2026,22:07:00,2.112,0.324,240.75,8.85,12.9,0.0,10.7
02/09/2026,22:08:00,2.026,0.304,240.11,8.47,12.2,1.3,11.6
02/09/2026,22:09:00,2.043,0.317,240.83,8.39,15.5,0.0,14.1
02/09/2026,22:10:00,2.033,0.374,240.15,8.44,12.4,1.2,10.9
02/09/2026,22:11:00,1.981,0.382,240.51,8.48,13.6,1.2,12.1
02/09/2026,22:12:00,2.018,0.323,241.14,8.16,11.7,0.2,14.6
02/09/2026,22:13:00,1.9,0.316,240.02,8.2,13.6,1.1,13.9
02/09/2026,22:14:00,1.976,0.308,239.62,8.26,15.3,1.1,13.4
02/09/2026,22:15:00,1.983,0.293,240.33,8.23,11.6,0.7,13.3
02/09/2026,22:16:00,1.977,0.355,239.47,8.4,14.5,0.5,7.9
02/09/2026,22:17:00,1.969,0.342,240.22,7.89,13.3,0.0,13.6
02/09/2026,22:18:00,1.975,0.337,240.21,8.43,13.1,0.0,11.8
02/09/2026,22:19:00,2.01,0.306,238.67,8.7,12.3,0.0,12.3
02/09/2026,22:20:00,2.033,0.385,240.76,8.61,14.4,0.0,9.6
02/09/2026,22:21:00,1.902,0.316,240.25,7.6,14.1,0.1,14.5
02/09/2026,22:22:00,1.849,0.335,241.2,7.78,12.4,0.7,14.2
02/09/2026,22:23:00,1.853,0.286,240.52,7.95,13.0,0.9,10.3
02/09/2026,22:24:00,1.889,0.322,240.87,8.07,14.0,1.5,13.2
02/09/2026,22:25:00,1.891,0.334,241.18,7.63,13.5,1.0,16.4
02/09/2026,22:26:00,1.849,0.33,240.25,7.85,11.8,1.0,13.0
02/09/2026,22:27:00,1.798,0.32,240.33,7.75,14.6,1.5,8.2
02/09/2026,22:28:00,1.857,0.335,239.22,7.77,13.9,0.0,11.3
02/09/2026,22:29:00,1.899,0.3,241.19,7.66,16.4,0.0,12.8
02/09/2026,22:30:00,1.924,0.336,240.21,8.13,8.9,0.3,17.1
02/09/2026,22:31:00,1.823,0.322,239.6,7.77,13.4,0.0,9.8
02/09/2026,22:32:00,1.826,0.325,240.81,7.56,14.2,0.0,12.0
02/09/2026,22:33:00,1.776,0.315,238.76,7.26,13.8,1.5,9.9
02/09/2026,22:34:00,1.84,0.289,239.98,7.81,11.2,0.0,14.2
02/09/2026,22:35:00,1.766,0.279,240.9,7.21,8.9,3.2,11.4
02/09/2026,22:36:00,1.871,0.269,239.95,7.86,14.6,1.0,6.1
02/09/2026,22:37:00,1.674,0.321,239.75,7.21,10.5,0.0,11.2
02/09/2026,22:38:00,1.779,0.334,239.95,7.17,10.8,1.7,11.7
02/09/2026,22:39:00,1.824,0.34,238.83,7.77,15.4,0.8,12.8
02/09/2026,22:40:00,1.806,0.324,240.73,7.47,8.7,1.2,12.3
02/09/2026,22:41:00,1.998,0.286,240.13,8.3,12.8,0.2,13.3
02/09/2026,22:42:00,1.803,0.291,240.02,7.59,9.6,0.0,11.5
02/09/2026,22:43:00,1.686,0.307,240.01,6.91,9.4,0.0,11.9
02/09/2026,22:44:00,1.75,0.313,240.2,7.11,11.2,0.0,11.7
02/09/2026,22:45:00,1.608,0.287,240.64,6.41,12.2,0.0,10.7
02/09/2026,22:46:00,1.735,0.317,240.14,7.41,12.6,0.3,12.8
02/09/2026,22:47:00,1.667,0.3,239.22,6.91,12.8,0.7,13.3
02/09/2026,22:48:00,1.799,0.319,240.56,7.56,9.2,0.0,11.3
02/09/2026,22:49:00,1.673,0.285,240.5,6.88,8.2,2.0,10.3
02/09/2026,22:50:00,1.7,0.329,240.29,6.9,9.7,1.0,8.9
02/09/2026,22:51:00,1.65,0.287,240.89,6.95,11.0,4.0,12.0
02/09/2026,22:52:00,1.832,0.287,240.15,7.68,9.9,0.3,9.0
02/09/2026,22:53:00,1.659,0.28,240.9,6.85,2.9,3.7,11.5
02/09/2026,22:54:00,1.824,0.31,241.1,7.61,6.5,1.8,11.4
02/09/2026,22:55:00,1.734,0.333,240.51,7.07,9.6,0.0,13.4
02/09/2026,22:56:00,1.7,0.303,239.57,7.25,11.7,0.0,14.0
02/09/2026,22:57:00,1.683,0.297,240.0,7.21,8.1,1.2,4.2
02/09/2026,22:58:00,1.677,0.27,240.95,7.07,11.3,0.0,10.4
02/09/2026,22:59:00,1.483,0.298,239.02,6.15,6.7,0.0,6.2
02/09/2026,23:00:00,1.608,0.277,239.79,6.71,10.2,0.0,13.3
02/09/2026,23:01:00,1.69,0.3,239.81,7.28,10.1,3.6,10.6
02/09/2026,23:02:00,1.611,0.33,239.44,6.92,10.4,2.2,13.2
02/09/2026,23:03:00,1.494,0.292,240.65,6.51,7.4,0.4,11.1
02/09/2026,23:04:00,1.595,0.251,240.29,6.52,6.3,2.8,7.5
02/09/2026,23:05:00,1.728,0.263,239.52,7.08,10.7,2.4,8.3
02/09/2026,23:06:00,1.684,0.3,240.44,7.02,6.2,2.5,10.1
02/09/2026,23:07:00,1.572,0.258,239.89,6.61,7.6,0.1,11.6
02/09/2026,23:08:00,1.645,0.314,239.37,6.85,11.9,0.4,10.4
02/09/2026,23:09:00,1.532,0.285,239.49,6.34,9.3,0.0,10.6
02/09/2026,23:10:00,1.418,0.274,240.28,6.09,9.7,0.7,9.4
02/09/2026,23:11:00,1.473,0.259,240.63,6.11,10.1,0.0,12.6
02/09/2026,23:12:00,1.665,0.343,239.62,6.76,10.0,0.0,10.4
02/09/2026,23:13:00,1.511,0.352,240.33,6.12,8.7,2.3,10.1
02/09/2026,23:14:00,1.506,0.274,241.05,6.28,6.8,1.7,10.6
02/09/2026,23:15:00,1.494,0.288,239.06,6.7,13.9,0.0,9.0
02/09/2026,23:16:00,1.663,0.302,240.18,6.78,7.9,2.0,9.1
02/09/2026,23:17:00,1.634,0.29,240.5,6.75,9.1,1.2,10.9
02/09/2026,23:18:00,1.674,0.28,239.85,7.34,9.3,0.4,11.5
02/09/2026,23:19:00,1.477,0.25,240.77,6.06,7.2,2.9,11.7
02/09/2026,23:20:00,1.507,0.252,241.43,6.31,7.4,1.2,9.3
02/09/2026,23:21:00,1.355,0.273,240.13,5.92,11.1,3.1,9.9
02/09/2026,23:22:00,1.587,0.277,239.72,6.48,6.6,1.5,8.3
02/09/2026,23:23:00,1.369,0.2,240.55,5.64,8.9,1.6,11.3
02/09/2026,23:24:00,1.473,0.288,240.45,6.05,9.8,0.0,7.4
02/09/2026,23:25:00,1.361,0.262,238.09,5.49,7.5,0.1,9.9
02/09/2026,23:26:00,1.395,0.301,239.84,6.05,7.7,2.7,11.3
02/09/2026,23:27:00,1.369,0.274,239.56,5.63,9.7,2.3,9.6
02/09/2026,23:28:00,1.38,0.229,240.11,5.62,7.4,0.3,10.0
02/09/2026,23:29:00,1.379,0.21,239.69,5.69,3.5,0.0,8.7
02/09/2026,23:30:00,1.372,0.247,239.75,5.86,10.6,3.0,5.1
02/09/2026,23:31:00,1.476,0.262,239.2,6.19,5.6,2.2,7.7
02/09/2026,23:32:00,1.315,0.281,240.31,5.35,7.9,0.0,9.2
02/09/2026,23:33:00,1.414,0.27,240.95,5.93,4.8,0.0,7.6
02/09/2026,23:34:00,1.488,0.307,239.19,6.34,6.3,3.2,10.1
02/09/2026,23:35:00,1.343,0.228,238.79,5.62,6.4,0.1,5.8
02/09/2026,23:36:00,1.321,0.283,239.78,5.47,7.6,0.2,4.7
02/09/2026,23:37:00,1.353,0.28,239.73,5.8,5.4,0.0,10.4
02/09/2026,23:38:00,1.46,0.225,240.57,6.04,11.1,1.3,8.2
02/09/2026,23:39:00,1.375,0.298,238.88,6.0,7.1,0.0,9.6
02/09/2026,23:40:00,1.311,0.26,239.35,5.36,8.8,1.1,7.6
02/09/2026,23:41:00,1.387,0.276,238.22,5.7,6.9,0.0,10.0
02/09/2026,23:42:00,1.254,0.229,240.68,5.07,8.9,0.0,11.7
02/09/2026,23:43:00,1.391,0.299,239.88,5.76,2.6,0.0,11.8
02/09/2026,23:44:00,1.363,0.234,239.37,5.69,5.4,0.0,7.2
02/09/2026,23:45:00,1.3,0.277,238.76,5.25,5.7,1.7,7.6
02/09/2026,23:46:00,1.252,0.271,238.82,5.26,5.6,1.7,8.9
02/09/2026,23:47:00,1.242,0.225,239.96,5.26,7.6,0.6,12.6
02/09/2026,23:48:00,1.35,0.312,238.89,5.43,7.7,0.0,5.9
02/09/2026,23:49:00,1.4,0.274,239.73,5.76,6.3,2.6,5.9
02/09/2026,23:50:00,1.245,0.266,241.08,5.25,6.3,1.7,10.3
02/09/2026,23:51:00,1.328,0.221,239.4,5.38,11.3,0.0,6.9
02/09/2026,23:52:00,1.119,0.287,238.96,4.63,7.0,1.3,9.7
02/09/2026,23:53:00,1.233,0.217,239.89,5.3,1.8,1.2,7.0
02/09/2026,23:54:00,1.272,0.278,238.76,5.6,7.8,1.7,9.0
02/09/2026,23:55:00,1.197,0.219,240.81,5.04,7.3,4.4,7.0
02/09/2026,23:56:00,1.189,0.227,240.58,4.92,8.4,0.0,5.9
02/09/2026,23:57:00,1.206,0.264,239.48,4.96,7.3,1.5,8.4
02/09/2026,23:58:00,1.277,0.279,238.96,5.48,4.2,2.7,5.4
02/09/2026,23:59:00,1.234,0.216,239.28,5.33,7.8,3.0,9.0
03/09/2026,00:00:00,0.701,0.211,239.36,2.75,2.6,1.0,4.9
03/09/2026,00:01:00,0.71,0.211,239.83,3.1,4.5,0.0,2.4
03/09/2026,00:02:00,0.831,0.176,240.28,3.37,5.5,0.0,6.1
03/09/2026,00:03:00,0.917,0.25,238.82,3.71,2.2,1.9,6.0
03/09/2026,00:04:00,0.66,0.143,240.24,2.73,4.2,1.2,0.2
03/09/2026,00:05:00,0.84,0.185,239.96,3.65,4.5,1.0,5.3
03/09/2026,00:06:00,0.838,0.213,239.17,3.55,2.7,1.2,5.4
03/09/2026,00:07:00,0.991,0.198,238.75,4.19,6.3,2.1,5.6
03/09/2026,00:08:00,0.849,0.209,239.59,3.6,4.5,1.5,1.4
03/09/2026,00:09:00,0.911,0.215,238.76,3.88,1.2,1.3,6.2
03/09/2026,00:10:00,0.891,0.202,240.21,3.69,2.9,0.0,6.5
03/09/2026,00:11:00,0.71,0.206,238.69,3.07,4.1,2.2,3.3
03/09/2026,00:12:00,0.941,0.207,239.86,3.83,6.2,0.0,2.3
03/09/2026,00:13:00,0.897,0.213,239.41,3.85,3.6,2.1,3.2
03/09/2026,00:14:00,0.921,0.239,239.07,3.98,3.0,0.3,5.7
03/09/2026,00:15:00,1.194,0.263,239.38,5.09,4.9,1.6,2.7
03/09/2026,00:16:00,0.713,0.205,240.2,3.08,2.0,3.1,2.4
03/09/2026,00:17:00,1.018,0.193,238.6,4.34,0.4,1.7,10.0
03/09/2026,00:18:00,0.857,0.216,239.14,3.76,3.8,2.6,5.4
03/09/2026,00:19:00,0.903,0.186,238.89,3.44,1.6,0.3,4.7
03/09/2026,00:20:00,0.876,0.173,239.38,3.79,7.8,0.9,3.9
03/09/2026,00:21:00,0.846,0.2,238.92,3.84,2.9,0.3,4.5
03/09/2026,00:22:00,0.834,0.178,238.16,3.41,3.8,0.0,9.4
03/09/2026,00:23:00,0.906,0.229,238.65,3.69,1.1,2.2,7.2
03/09/2026,00:24:00,0.759,0.211,240.53,3.35,4.9,1.5,10.7
03/09/2026,00:25:00,0.94,0.165,239.55,3.79,2.3,1.4,6.3
03/09/2026,00:26:00,0.847,0.181,239.51,3.44,2.2,2.4,3.3
03/09/2026,00:27:00,0.79,0.158,239.16,3.33,2.2,0.0,6.0
03/09/2026,00:28:00,0.844,0.19,239.31,3.41,0.0,0.0,6.6
03/09/2026,00:29:00,0.981,0.229,239.04,4.23,1.9,2.4,6.8
03/09/2026,00:30:00,0.837,0.194,239.7,3.37,3.5,0.7,4.4
03/09/2026,00:31:00,0.909,0.194,239.4,3.85,0.0,1.1,9.4
03/09/2026,00:32:00,0.822,0.231,238.5,3.49,4.4,0.0,2.6
03/09/2026,00:33:00,0.941,0.155,239.49,4.18,1.9,2.7,6.1
03/09/2026,00:34:00,0.935,0.243,237.58,4.11,2.9,1.7,4.8
03/09/2026,00:35:00,1.028,0.21,239.59,4.21,0.0,0.1,3.7
03/09/2026,00:36:00,0.866,0.202,238.3,3.44,2.9,3.5,5.9
03/09/2026,00:37:00,0.934,0.199,239.22,4.03,0.3,0.0,8.2
03/09/2026,00:38:00,0.888,0.245,238.44,3.63,1.7,0.4,6.3
03/09/2026,00:39:00,0.984,0.187,239.27,4.06,0.0,2.1,6.0
03/09/2026,00:40:00,0.823,0.199,239.67,3.27,0.6,2.3,1.0
03/09/2026,00:41:00,0.94,0.226,240.31,4.01,2.1,0.0,7.4
03/09/2026,00:42:00,0.865,0.163,238.17,3.53,1.9,0.4,4.5
03/09/2026,00:43:00,0.875,0.182,239.92,3.64,4.2,1.8,6.6
03/09/2026,00:44:00,0.887,0.203,239.33,3.71,0.0,2.7,7.4
03/09/2026,00:45:00,0.9,0.186,238.91,3.8,2.3,2.6,5.8
03/09/2026,00:46:00,0.871,0.184,239.75,3.73,2.2,1.7,1.0
03/09/2026,00:47:00,0.897,0.199,239.05,3.72,1.5,0.9,8.5
03/09/2026,00:48:00,1.006,0.237,239.71,4.09,0.6,0.6,9.4
03/09/2026,00:49:00,0.959,0.207,238.5,3.74,4.6,1.4,7.2
03/09/2026,00:50:00,0.95,0.241,238.75,3.99,6.5,2.7,3.8
03/09/2026,00:51:00,0.844,0.176,239.84,3.49,0.0,0.5,8.1
03/09/2026,00:52:00,0.809,0.166,240.22,3.26,0.6,0.4,4.8
03/09/2026,00:53:00,0.957,0.263,239.15,4.01,0.4,2.3,5.3
03/09/2026,00:54:00,0.95,0.198,237.21,4.13,1.8,2.2,8.0
03/09/2026,00:55:00,0.998,0.187,239.02,4.34,4.9,0.2,6.8
03/09/2026,00:56:00,0.832,0.156,239.17,3.25,3.5,0.0,0.2
03/09/2026,00:57:00,0.862,0.23,238.98,3.55,2.1,0.0,5.9
03/09/2026,00:58:00,0.749,0.181,239.37,3.27,2.4,1.0,8.0
03/09/2026,00:59:00,0.849,0.196,238.79,3.79,1.8,0.0,2.4
03/09/2026,01:00:00,0.96,0.211,239.71,3.88,3.9,2.0,7.6
03/09/2026,01:01:00,0.843,0.226,238.3,3.74,4.1,0.0,1.7
03/09/2026,01:02:00,0.931,0.207,239.97,3.68,3.6,2.9,4.9
03/09/2026,01:03:00,0.865,0.262,240.19,3.77,0.0,0.4,6.6
03/09/2026,01:04:00,0.906,0.212,238.46,3.76,2.4,0.0,4.8
03/09/2026,01:05:00,0.788,0.221,238.45,3.54,2.0,0.1,8.0
03/09/2026,01:06:00,0.887,0.227,239.37,3.64,4.4,0.0,2.3
03/09/2026,01:07:00,0.641,0.176,238.24,2.64,2.9,2.8,7.2
03/09/2026,01:08:00,0.865,0.189,238.72,3.6,3.5,1.7,5.5
03/09/2026,01:09:00,0.75,0.198,239.83,2.9,1.4,0.9,3.5
03/09/2026,01:10:00,0.977,0.23,239.57,3.81,4.3,0.0,6.4
03/09/2026,01:11:00,0.942,0.199,240.44,4.0,4.9,0.7,5.2
03/09/2026,01:12:00,0.918,0.214,239.16,3.99,0.0,0.0,8.7
03/09/2026,01:13:00,1.002,0.251,238.61,4.29,0.0,0.0,6.7
03/09/2026,01:14:00,0.804,0.248,239.07,3.18,3.9,0.0,6.3
03/09/2026,01:15:00,1.02,0.244,238.92,4.34,2.1,1.6,3.9
03/09/2026,01:16:00,0.955,0.261,238.92,3.85,4.5,0.2,5.7
03/09/2026,01:17:00,0.861,0.188,238.99,3.67,2.9,0.6,4.1
03/09/2026,01:18:00,0.971,0.234,238.35,4.24,3.8,2.2,5.3
03/09/2026,01:19:00,0.792,0.228,239.2,3.37,0.9,1.9,8.1
03/09/2026,01:20:00,0.814,0.175,238.01,3.64,3.1,3.3,4.8
03/09/2026,01:21:00,0.832,0.188,238.48,3.47,3.1,0.0,2.2
03/09/2026,01:22:00,0.838,0.244,238.9,3.48,1.0,0.0,6.5
03/09/2026,01:23:00,0.796,0.171,237.39,3.36,4.4,2.0,7.1
03/09/2026,01:24:00,0.978,0.184,239.51,3.88,0.0,1.4,8.9
03/09/2026,01:25:00,0.86,0.241,237.52,3.56,2.8,0.9,7.3
03/09/2026,01:26:00,0.909,0.239,239.42,3.75,0.0,0.0,4.8
03/09/2026,01:27:00,0.835,0.211,238.05,3.46,0.4,1.1,6.0
03/09/2026,01:28:00,0.735,0.187,238.66,3.12,4.4,1.0,6.3
03/09/2026,01:29:00,0.902,0.197,239.3,3.55,0.2,0.0,6.4
03/09/2026,01:30:00,0.728,0.194,240.47,2.85,0.1,1.1,0.0
03/09/2026,01:31:00,0.875,0.245,239.01,3.83,3.6,0.1,4.1
03/09/2026,01:32:00,0.771,0.199,237.53,2.95,0.2,1.9,6.4
03/09/2026,01:33:00,1.04,0.279,239.58,4.43,4.4,1.2,7.8
03/09/2026,01:34:00,0.954,0.192,238.75,3.94,3.7,3.3,4.0
03/09/2026,01:35:00,0.889,0.206,238.95,3.75,0.9,0.8,4.5
03/09/2026,01:36:00,0.982,0.208,239.29,4.34,4.4,0.0,4.9
03/09/2026,01:37:00,0.813,0.17,237.33,3.41,0.0,0.0,5.1
03/09/2026,01:38:00,0.924,0.207,238.89,3.96,3.4,0.0,7.3
03/09/2026,01:39:00,0.897,0.218,238.59,3.77,0.0,1.3,3.8
03/09/2026,01:40:00,0.902,0.221,239.73,3.75,1.4,1.6,7.3
03/09/2026,01:41:00,0.983,0.272,239.38,4.07,1.5,0.0,8.5
03/09/2026,01:42:00,0.939,0.224,237.73,4.06,5.0,0.2,4.5
03/09/2026,01:43:00,0.904,0.237,239.74,3.66,1.4,0.9,4.5
03/09/2026,01:44:00,0.749,0.191,239.17,2.96,2.3,1.3,5.7
03/09/2026,01:45:00,0.804,0.238,237.77,3.39,1.5,2.1,4.1
03/09/2026,01:46:00,0.871,0.265,238.88,3.68,0.5,0.0,5.2
03/09/2026,01:47:00,0.889,0.22,239.56,3.44,0.4,0.0,2.2
03/09/2026,01:48:00,0.791,0.17,237.98,3.32,3.0,3.4,7.3
03/09/2026,01:49:00,1.074,0.215,239.79,4.3,2.4,3.1,9.1
03/09/2026,01:50:00,1.002,0.227,237.76,4.31,3.9,0.1,3.9
03/09/2026,01:51:00,0.929,0.223,238.26,3.63,1.9,2.3,1.8
03/09/2026,01:52:00,0.887,0.224,238.15,4.01,2.0,3.7,7.4
03/09/2026,01:53:00,0.864,0.215,239.77,3.55,4.0,2.5,4.5
03/09/2026,01:54:00,0.805,0.197,238.46,3.25,1.7,0.0,3.9
03/09/2026,01:55:00,0.888,0.191,237.98,3.69,0.0,0.9,5.1
03/09/2026,01:56:00,0.902,0.218,239.1,3.86,4.1,0.0,2.7
03/09/2026,01:57:00,0.782,0.24,239.25,3.4,1.1,0.0,6.5
03/09/2026,01:58:00,0.908,0.234,239.25,3.76,2.6,0.8,2.6
03/09/2026,01:59:00,0.869,0.218,238.59,3.43,1.2,1.1,2.8
03/09/2026,02:00:00,0.729,0.213,238.95,2.87,0.5,0.0,2.8
03/09/2026,02:01:00,0.813,0.188,238.31,3.45,0.0,0.0,5.8
03/09/2026,02:02:00,0.849,0.189,239.94,3.69,3.1,1.1,1.4
03/09/2026,02:03:00,1.033,0.205,239.56,4.48,0.0,1.7,10.0
03/09/2026,02:04:00,0.926,0.208,239.51,3.89,5.0,1.8,4.6
03/09/2026,02:05:00,0.775,0.182,239.3,3.38,4.5,0.5,0.7
03/09/2026,02:06:00,0.921,0.241,239.11,4.14,0.6,0.6,3.1
03/09/2026,02:07:00,0.758,0.179,237.87,3.37,5.6,1.1,6.7
03/09/2026,02:08:00,0.969,0.196,239.18,4.19,6.6,1.3,8.4
03/09/2026,02:09:00,0.845,0.25,238.81,3.42,1.9,0.7,5.8
03/09/2026,02:10:00,0.875,0.194,239.61,3.8,3.3,0.0,5.6
03/09/2026,02:11:00,0.989,0.222,239.29,4.2,2.7,2.6,2.0
03/09/2026,02:12:00,0.78,0.205,239.1,3.36,5.5,0.2,8.7
03/09/2026,02:13:00,0.771,0.164,237.53,3.43,0.0,0.0,6.6
03/09/2026,02:14:00,0.836,0.231,238.65,3.56,2.0,0.3,6.1
03/09/2026,02:15:00,0.966,0.232,238.31,4.04,4.3,0.9,5.4
03/09/2026,02:16:00,0.761,0.23,238.88,3.03,4.1,0.0,6.6
03/09/2026,02:17:00,0.656,0.162,238.41,2.71,2.4,0.1,3.6
03/09/2026,02:18:00,0.847,0.204,238.5,3.58,5.2,0.4,7.5
03/09/2026,02:19:00,0.927,0.212,239.01,3.92,2.9,1.3,7.2
03/09/2026,02:20:00,0.979,0.224,238.38,4.14,2.7,0.0,5.2
03/09/2026,02:21:00,0.846,0.165,238.77,3.69,3.8,1.2,4.8
03/09/2026,02:22:00,0.851,0.205,237.61,3.71,2.3,0.0,0.7
03/09/2026,02:23:00,0.976,0.181,238.09,4.09,2.6,3.4,1.6
03/09/2026,02:24:00,0.734,0.197,239.13,2.94,0.9,2.2,6.6
03/09/2026,02:25:00,0.853,0.149,237.8,3.64,8.3,0.4,7.4
03/09/2026,02:26:00,0.899,0.162,239.53,4.09,1.5,1.2,7.8
03/09/2026,02:27:00,0.92,0.231,239.34,3.89,3.9,0.0,2.4
03/09/2026,02:28:00,0.843,0.188,238.47,3.49,6.3,1.5,10.4
03/09/2026,02:29:00,0.887,0.182,240.75,3.77,0.0,1.9,7.6
03/09/2026,02:30:00,0.685,0.214,239.52,2.95,3.7,1.1,4.1
03/09/2026,02:31:00,0.832,0.208,237.98,3.58,2.5,2.0,5.8
03/09/2026,02:32:00,0.921,0.232,239.16,4.06,6.1,0.8,1.7
03/09/2026,02:33:00,0.806,0.193,238.68,3.44,0.7,0.7,4.0
03/09/2026,02:34:00,0.89,0.274,238.09,3.94,1.0,0.0,6.6
03/09/2026,02:35:00,0.921,0.195,237.88,3.91,2.4,1.5,5.5
03/09/2026,02:36:00,0.858,0.247,239.32,3.81,1.5,0.0,9.2
03/09/2026,02:37:00,0.899,0.206,238.2,3.96,1.6,1.3,2.1
03/09/2026,02:38:00,0.809,0.156,238.55,3.53,6.6,1.2,5.1
03/09/2026,02:39:00,0.87,0.216,237.97,3.77,2.8,2.5,2.9
03/09/2026,02:40:00,0.935,0.22,238.09,4.27,0.9,1.6,8.8
03/09/2026,02:41:00,0.899,0.182,238.52,3.93,1.7,0.0,6.0
03/09/2026,02:42:00,0.84,0.178,238.88,3.39,3.3,0.0,5.4
03/09/2026,02:43:00,0.905,0.208,236.79,3.86,3.2,0.0,5.1
03/09/2026,02:44:00,0.944,0.222,238.61,3.92,1.4,0.0,3.5
03/09/2026,02:45:00,0.723,0.125,238.07,3.35,0.0,2.1,8.0
03/09/2026,02:46:00,0.98,0.244,239.58,4.28,2.4,0.0,5.8
03/09/2026,02:47:00,0.861,0.191,240.65,3.88,2.4,2.7,5.9
03/09/2026,02:48:00,0.922,0.177,238.34,3.75,1.2,2.1,6.7
03/09/2026,02:49:00,0.984,0.242,237.38,4.31,5.1,1.0,3.5
03/09/2026,02:50:00,0.779,0.193,238.66,3.06,3.7,1.3,9.8
03/09/2026,02:51:00,0.832,0.23,238.44,3.25,2.8,0.9,8.9
03/09/2026,02:52:00,0.866,0.215,239.96,3.55,1.8,1.0,5.3
03/09/2026,02:53:00,0.827,0.199,239.74,3.67,6.0,2.3,4.7
03/09/2026,02:54:00,1.028,0.22,239.18,4.15,0.2,0.5,6.8
03/09/2026,02:55:00,0.821,0.211,238.16,3.45,1.6,1.6,7.9
03/09/2026,02:56:00,0.846,0.191,239.04,3.72,1.7,0.0,9.3
03/09/2026,02:57:00,0.907,0.187,238.75,3.92,3.2,1.5,6.8
03/09/2026,02:58:00,0.795,0.211,238.73,3.66,3.9,0.4,5.7
03/09/2026,02:59:00,0.859,0.2,237.47,3.62,0.0,1.4,5.7
03/09/2026,03:00:00,0.917,0.211,239.3,3.76,1.2,0.0,1.3
03/09/2026,03:01:00,0.865,0.231,238.63,3.46,3.5,1.4,4.5
03/09/2026,03:02:00,0.885,0.203,238.48,3.65,1.3,0.7,6.2
03/09/2026,03:03:00,0.85,0.202,238.13,3.4,1.8,2.8,0.4
03/09/2026,03:04:00,0.772,0.178,237.99,2.97,2.9,1.1,5.8
03/09/2026,03:05:00,0.919,0.221,238.77,4.14,0.6,1.4,3.6
03/09/2026,03:06:00,1.034,0.233,237.32,4.36,3.2,0.2,8.9
03/09/2026,03:07:00,0.895,0.23,239.1,4.13,3.8,1.2,4.8
03/09/2026,03:08:00,0.912,0.195,237.8,3.71,2.7,1.4,4.8
03/09/2026,03:09:00,0.95,0.203,237.1,3.94,5.5,0.3,5.1
03/09/2026,03:10:00,0.793,0.215,239.81,3.19,4.1,0.2,5.4
03/09/2026,03:11:00,1.032,0.23,237.93,4.24,2.6,0.0,7.1
03/09/2026,03:12:00,0.912,0.187,238.03,3.96,2.0,0.7,4.6
03/09/2026,03:13:00,1.027,0.256,239.33,4.38,6.2,0.0,5.5
03/09/2026,03:14:00,0.838,0.158,239.83,3.63,1.3,1.2,7.2
03/09/2026,03:15:00,1.043,0.245,237.46,4.59,2.1,0.0,5.4
03/09/2026,03:16:00,0.96,0.184,237.86,4.2,1.9,0.6,6.8
03/09/2026,03:17:00,0.942,0.26,237.91,3.81,3.5,0.0,4.4
03/09/2026,03:18:00,0.917,0.171,239.18,3.76,7.2,2.3,6.2
03/09/2026,03:19:00,0.879,0.234,239.67,3.69,3.2,0.8,8.3
03/09/2026,03:20:00,0.996,0.217,237.76,4.75,2.1,0.8,6.7
03/09/2026,03:21:00,0.912,0.2,239.51,3.92,3.1,1.6,1.3
03/09/2026,03:22:00,0.743,0.194,238.02,3.14,0.1,3.1,6.6
03/09/2026,03:23:00,0.812,0.213,238.75,3.5,2.4,0.9,2.9
03/09/2026,03:24:00,0.887,0.184,237.63,3.64,6.2,0.0,3.4
03/09/2026,03:25:00,0.927,0.191,238.43,3.93,4.1,2.3,6.5
03/09/2026,03:26:00,0.899,0.224,238.44,3.91,5.2,0.0,3.3
03/09/2026,03:27:00,1.001,0.177,238.29,4.2,4.8,0.2,3.0
03/09/2026,03:28:00,0.748,0.175,238.78,3.02,1.4,2.4,5.4
03/09/2026,03:29:00,0.917,0.286,237.81,3.84,6.6,0.4,4.1
03/09/2026,03:30:00,0.76,0.167,237.89,3.15,0.0,0.1,1.8
03/09/2026,03:31:00,0.967,0.245,238.82,3.85,3.5,1.2,6.6
03/09/2026,03:32:00,0.9,0.193,239.45,3.67,0.0,0.8,7.6
03/09/2026,03:33:00,0.941,0.226,238.49,3.74,0.0,0.0,7.4
03/09/2026,03:34:00,0.839,0.217,238.86,3.33,4.7,1.9,3.4
03/09/2026,03:35:00,1.012,0.25,239.04,4.06,1.5,2.4,6.3
03/09/2026,03:36:00,0.993,0.214,239.09,4.3,5.4,2.6,4.3
03/09/2026,03:37:00,0.958,0.265,237.84,4.25,0.0,1.5,2.6
03/09/2026,03:38:00,0.901,0.193,237.96,3.56,2.7,0.0,3.8
03/09/2026,03:39:00,0.959,0.221,238.02,4.27,0.5,0.0,0.0
03/09/2026,03:40:00,0.857,0.209,239.85,3.4,2.3,0.0,3.1
03/09/2026,03:41:00,0.983,0.19,238.86,4.23,6.0,2.1,2.2
03/09/2026,03:42:00,1.047,0.218,238.83,4.42,6.5,1.1,5.8
03/09/2026,03:43:00,1.001,0.224,238.76,4.29,4.0,0.3,6.0
03/09/2026,03:44:00,0.858,0.192,237.58,3.44,0.0,0.0,1.7
03/09/2026,03:45:00,0.947,0.275,239.86,3.67,0.6,0.0,7.2
03/09/2026,03:46:00,0.815,0.177,238.84,3.29,3.3,0.0,4.1
03/09/2026,03:47:00,0.965,0.245,239.01,4.1,1.4,2.7,3.0
03/09/2026,03:48:00,0.957,0.236,237.26,4.33,4.4,1.6,1.5
03/09/2026,03:49:00,0.772,0.192,239.05,3.07,6.4,0.0,3.6
03/09/2026,03:50:00,0.83,0.178,238.25,3.47,1.1,2.9,5.1
03/09/2026,03:51:00,0.901,0.189,237.57,3.68,1.3,0.0,7.6
03/09/2026,03:52:00,0.901,0.195,237.83,3.78,0.7,1.3,5.2
03/09/2026,03:53:00,0.829,0.155,237.61,3.2,2.6,1.3,4.7
03/09/2026,03:54:00,0.958,0.19,237.6,4.26,3.2,0.7,6.7
03/09/2026,03:55:00,0.948,0.177,238.54,3.98,3.2,0.4,5.7
03/09/2026,03:56:00,0.914,0.243,238.23,3.97,5.0,0.8,2.1
03/09/2026,03:57:00,0.87,0.22,238.73,3.61,4.0,0.4,4.4
03/09/2026,03:58:00,1.015,0.241,239.67,4.26,3.1,1.1,4.1
03/09/2026,03:59:00,1.065,0.243,238.41,4.64,3.3,1.2,5.1
03/09/2026,04:00:00,0.895,0.212,236.93,3.8,3.4,0.1,4.4
03/09/2026,04:01:00,0.886,0.243,238.33,3.74,3.2,2.2,3.6
03/09/2026,04:02:00,0.976,0.202,239.34,3.96,1.9,0.0,8.6
03/09/2026,04:03:00,0.909,0.212,238.44,3.73,0.9,1.3,5.3
03/09/2026,04:04:00,0.928,0.23,239.57,3.72,3.6,0.4,6.4
03/09/2026,04:05:00,1.0,0.187,238.82,4.07,2.4,0.0,5.1
03/09/2026,04:06:00,0.789,0.272,237.22,3.51,4.4,0.4,7.2
03/09/2026,04:07:00,1.049,0.227,238.58,4.67,3.5,0.0,5.2
03/09/2026,04:08:00,0.95,0.218,238.72,3.79,3.5,1.7,7.5
03/09/2026,04:09:00,0.913,0.241,239.26,3.88,5.4,0.7,0.0
03/09/2026,04:10:00,0.94,0.236,239.78,3.87,0.7,2.6,5.6
03/09/2026,04:11:00,0.946,0.214,239.15,4.17,7.0,0.0,6.0
03/09/2026,04:12:00,0.812,0.201,238.82,3.42,0.0,0.0,6.1
03/09/2026,04:13:00,1.072,0.191,238.99,4.48,6.4,1.3,3.0
03/09/2026,04:14:00,0.957,0.201,238.4,3.9,4.0,3.0,3.8
03/09/2026,04:15:00,0.991,0.232,237.49,3.94,2.5,1.4,3.1
03/09/2026,04:16:00,1.033,0.235,238.54,4.45,0.7,0.0,6.5
03/09/2026,04:17:00,0.877,0.236,238.77,3.73,2.4,0.0,7.4
03/09/2026,04:18:00,0.998,0.217,237.68,4.26,3.3,3.4,1.8
03/09/2026,04:19:00,0.941,0.178,239.45,3.84,4.1,0.3,5.9
03/09/2026,04:20:00,1.032,0.25,239.22,4.29,6.6,0.0,3.5
03/09/2026,04:21:00,0.796,0.231,237.56,3.47,3.9,2.4,9.2
03/09/2026,04:22:00,0.96,0.238,239.48,4.15,4.4,0.6,6.6
03/09/2026,04:23:00,0.921,0.206,238.31,3.69,4.5,0.0,4.6
03/09/2026,04:24:00,1.006,0.247,237.98,4.13,3.2,3.5,5.1
03/09/2026,04:25:00,1.011,0.307,239.28,4.02,3.5,1.6,8.3
03/09/2026,04:26:00,0.919,0.213,238.49,3.88,3.7,0.0,5.5
03/09/2026,04:27:00,0.92,0.178,239.86,3.97,5.2,2.6,1.5
03/09/2026,04:28:00,0.97,0.202,237.94,4.04,2.1,0.0,8.7
03/09/2026,04:29:00,0.909,0.225,237.32,3.73,3.0,0.0,7.2
03/09/2026,04:30:00,1.051,0.186,238.34,4.36,4.7,0.0,4.2
03/09/2026,04:31:00,0.956,0.219,239.09,4.34,1.9,3.3,6.7
03/09/2026,04:32:00,0.755,0.2,237.89,3.35,4.3,3.5,4.1
03/09/2026,04:33:00,0.96,0.254,237.61,4.15,3.0,0.1,4.0
03/09/2026,04:34:00,0.909,0.242,238.7,3.86,5.2,3.0,5.1
03/09/2026,04:35:00,0.864,0.225,237.52,3.63,7.0,0.0,6.7
03/09/2026,04:36:00,0.897,0.154,238.76,3.62,3.2,2.0,6.4
03/09/2026,04:37:00,1.008,0.244,238.31,4.07,5.8,2.6,7.5
03/09/2026,04:38:00,1.107,0.251,238.9,4.55,4.7,2.8,6.4
03/09/2026,04:39:00,1.029,0.23,237.59,4.19,3.6,0.9,8.6
03/09/2026,04:40:00,0.957,0.172,239.47,3.91,4.4,1.6,9.2
03/09/2026,04:41:00,1.045,0.206,238.43,4.37,7.0,0.0,6.1
03/09/2026,04:42:00,0.974,0.188,239.1,4.07,4.1,0.8,4.7
03/09/2026,04:43:00,0.958,0.165,239.24,3.91,7.1,0.6,5.0
03/09/2026,04:44:00,0.924,0.211,237.76,3.96,4.3,0.5,1.2
03/09/2026,04:45:00,0.878,0.185,239.19,3.64,1.8,2.3,5.4
03/09/2026,04:46:00,0.99,0.284,237.57,4.2,4.3,1.1,4.0
03/09/2026,04:47:00,1.036,0.22,237.62,4.25,1.7,3.0,3.8
03/09/2026,04:48:00,1.019,0.255,239.95,4.35,4.1,1.1,5.3
03/09/2026,04:49:00,0.996,0.18,239.36,4.08,4.0,3.7,0.8
03/09/2026,04:50:00,0.956,0.202,240.03,4.23,8.4,2.4,5.0
03/09/2026,04:51:00,1.084,0.232,238.33,4.51,8.1,0.7,5.8
03/09/2026,04:52:00,0.932,0.189,238.66,3.89,5.1,1.0,2.0
03/09/2026,04:53:00,1.103,0.222,238.96,4.7,7.4,0.0,8.4
03/09/2026,04:54:00,0.963,0.21,238.58,4.16,4.2,1.0,6.4
03/09/2026,04:55:00,0.986,0.213,238.07,4.28,2.2,0.0,8.2
03/09/2026,04:56:00,0.932,0.258,237.97,4.18,6.1,2.6,6.4
03/09/2026,04:57:00,1.012,0.231,238.75,4.34,5.8,0.4,6.2
03/09/2026,04:58:00,1.134,0.248,237.86,4.76,3.3,1.3,8.7
03/09/2026,04:59:00,1.1,0.245,237.84,4.55,3.4,0.0,8.3
03/09/2026,05:00:00,1.14,0.252,238.89,4.75,7.1,0.5,9.7
03/09/2026,05:01:00,1.107,0.231,238.55,4.86,1.9,0.3,5.1
03/09/2026,05:02:00,0.98,0.21,239.27,3.89,6.5,2.0,3.7
03/09/2026,05:03:00,1.045,0.23,238.32,4.26,4.8,1.5,2.9
03/09/2026,05:04:00,1.013,0.25,238.22,4.22,6.6,2.2,3.2
03/09/2026,05:05:00,1.185,0.27,238.92,4.83,7.5,1.4,6.9
03/09/2026,05:06:00,0.986,0.212,238.06,4.08,3.8,2.4,11.4
03/09/2026,05:07:00,1.157,0.258,238.17,5.13,3.3,1.4,8.7
03/09/2026,05:08:00,1.16,0.234,238.21,4.83,8.6,0.0,5.0
03/09/2026,05:09:00,1.238,0.249,238.49,5.25,5.6,0.7,7.1
03/09/2026,05:10:00,1.063,0.216,239.89,4.18,6.4,0.8,4.2
03/09/2026,05:11:00,1.156,0.234,237.68,4.7,7.7,0.0,4.3
03/09/2026,05:12:00,1.285,0.288,239.56,5.51,4.0,0.0,3.1
03/09/2026,05:13:00,1.057,0.229,239.17,4.67,7.8,3.5,3.3
03/09/2026,05:14:00,0.987,0.222,239.76,4.15,7.3,0.5,6.6
03/09/2026,05:15:00,0.963,0.179,240.86,3.95,9.0,0.7,8.7
03/09/2026,05:16:00,1.175,0.233,239.67,4.98,9.0,0.0,7.7
03/09/2026,05:17:00,0.971,0.21,239.32,3.67,6.3,0.0,8.6
03/09/2026,05:18:00,1.096,0.211,237.76,4.64,7.8,1.5,7.1
03/09/2026,05:19:00,1.164,0.24,237.85,4.74,6.4,0.2,5.3
03/09/2026,05:20:00,1.148,0.227,238.94,4.92,6.7,0.0,4.2
03/09/2026,05:21:00,1.171,0.243,237.5,4.6,4.2,2.5,6.7
03/09/2026,05:22:00,1.159,0.242,239.12,4.75,6.0,0.0,1.7
03/09/2026,05:23:00,1.247,0.226,237.2,5.25,3.0,0.0,4.1
03/09/2026,05:24:00,1.073,0.219,239.51,4.37,6.3,0.9,3.7
03/09/2026,05:25:00,1.099,0.234,238.48,4.55,9.3,0.0,8.1
03/09/2026,05:26:00,1.096,0.261,238.8,4.72,8.3,0.0,2.4
03/09/2026,05:27:00,1.228,0.254,238.19,5.15,7.0,0.8,7.4
03/09/2026,05:28:00,1.238,0.232,237.39,5.07,6.5,0.0,6.3
03/09/2026,05:29:00,1.206,0.255,239.58,5.18,5.9,0.0,6.3
03/09/2026,05:30:00,1.269,0.295,239.66,5.33,5.2,1.6,4.4
03/09/2026,05:31:00,1.084,0.253,238.48,4.59,8.7,2.0,2.2
03/09/2026,05:32:00,1.316,0.272,239.2,5.37,4.1,0.5,6.5
03/09/2026,05:33:00,1.309,0.275,238.46,5.11,4.1,1.7,7.3
03/09/2026,05:34:00,1.251,0.286,238.94,5.1,9.1,0.4,6.5
03/09/2026,05:35:00,1.339,0.288,239.28,5.44,7.8,0.0,5.1
03/09/2026,05:36:00,1.068,0.242,239.14,4.38,7.5,2.0,2.9
03/09/2026,05:37:00,1.163,0.266,239.7,4.73,7.9,0.7,4.0
03/09/2026,05:38:00,1.151,0.211,239.12,4.83,11.6,1.1,6.4
03/09/2026,05:39:00,1.272,0.215,238.79,5.46,7.7,0.7,3.7
03/09/2026,05:40:00,1.135,0.24,238.24,4.93,8.3,0.6,3.3
03/09/2026,05:41:00,1.284,0.256,238.44,5.51,11.9,1.1,2.2
03/09/2026,05:42:00,1.338,0.247,239.35,5.46,7.7,1.1,6.6
03/09/2026,05:43:00,1.289,0.275,237.73,5.43,11.4,2.5,6.5
03/09/2026,05:44:00,1.261,0.205,239.56,5.5,3.8,1.5,7.9
03/09/2026,05:45:00,1.164,0.226,238.6,4.64,5.7,2.4,0.7
03/09/2026,05:46:00,1.18,0.229,238.23,5.16,6.8,2.8,8.0
03/09/2026,05:47:00,1.352,0.221,238.04,5.53,9.4,0.0,7.8
03/09/2026,05:48:00,1.32,0.296,239.28,5.56,11.8,2.6,8.1
03/09/2026,05:49:00,1.259,0.217,238.8,5.33,7.2,1.7,5.7
03/09/2026,05:50:00,1.234,0.233,239.93,5.17,10.4,1.5,5.9
03/09/2026,05:51:00,1.11,0.256,237.94,5.0,13.0,2.2,5.9
03/09/2026,05:52:00,1.192,0.259,238.43,4.95,11.7,0.6,3.4
03/09/2026,05:53:00,1.435,0.245,238.77,5.76,7.9,1.7,3.5
03/09/2026,05:54:00,1.185,0.259,238.31,5.03,10.5,0.0,5.9
03/09/2026,05:55:00,1.307,0.264,238.85,5.45,9.5,0.0,4.9
03/09/2026,05:56:00,1.378,0.324,239.08,5.85,7.6,1.6,7.0
03/09/2026,05:57:00,1.202,0.254,239.2,5.16,9.8,0.8,4.6
03/09/2026,05:58:00,1.322,0.255,239.92,5.51,8.1,0.9,2.2
03/09/2026,05:59:00,1.388,0.245,237.96,5.9,9.4,0.0,2.3
03/09/2026,06:00:00,1.319,0.24,239.11,5.54,6.5,1.4,3.7
03/09/2026,06:01:00,1.553,0.266,238.43,6.78,5.8,0.4,7.0
03/09/2026,06:02:00,1.195,0.278,239.19,4.94,8.8,0.9,4.3
03/09/2026,06:03:00,1.418,0.271,239.19,5.83,10.1,0.3,6.1
03/09/2026,06:04:00,1.325,0.273,238.2,5.7,7.3,0.0,1.7
03/09/2026,06:05:00,1.406,0.307,238.27,5.76,10.7,0.7,5.8
03/09/2026,06:06:00,1.385,0.207,239.27,5.85,9.8,2.5,5.5
03/09/2026,06:07:00,1.296,0.288,238.93,5.4,11.1,0.3,8.0
03/09/2026,06:08:00,1.379,0.267,238.76,5.76,11.7,0.8,5.7
03/09/2026,06:09:00,1.217,0.257,239.39,5.45,12.6,0.6,7.1
03/09/2026,06:10:00,1.419,0.25,239.44,6.11,11.2,0.1,9.7
03/09/2026,06:11:00,1.4,0.249,238.57,6.02,9.5,2.6,5.5
03/09/2026,06:12:00,1.433,0.284,238.35,6.09,10.5,0.0,8.8
03/09/2026,06:13:00,1.472,0.336,238.06,6.08,14.9,0.9,5.7
03/09/2026,06:14:00,1.422,0.296,238.98,5.99,12.3,0.0,4.2
03/09/2026,06:15:00,1.41,0.301,237.96,6.01,10.5,1.7,5.2
03/09/2026,06:16:00,1.333,0.255,239.04,5.61,10.2,1.2,4.3
03/09/2026,06:17:00,1.352,0.247,239.82,5.65,9.4,2.5,4.4
03/09/2026,06:18:00,1.509,0.262,238.73,6.26,8.3,1.9,4.1
03/09/2026,06:19:00,1.535,0.272,238.61,6.47,14.1,1.1,4.7
03/09/2026,06:20:00,1.406,0.217,240.39,5.77,11.8,2.0,7.0
03/09/2026,06:21:00,1.434,0.254,240.05,6.08,8.4,2.1,1.7
03/09/2026,06:22:00,1.364,0.25,238.47,5.42,10.7,0.0,6.0
03/09/2026,06:23:00,1.535,0.28,239.11,6.63,13.6,2.0,5.7
03/09/2026,06:24:00,1.5,0.283,239.25,6.07,10.2,1.4,8.4
03/09/2026,06:25:00,1.608,0.302,239.16,6.56,9.6,1.7,4.6
03/09/2026,06:26:00,1.388,0.266,240.3,5.84,12.0,0.5,7.9
03/09/2026,06:27:00,1.433,0.257,239.1,6.08,12.7,0.0,3.5
03/09/2026,06:28:00,1.488,0.229,239.21,6.53,10.6,0.0,4.4
03/09/2026,06:29:00,1.526,0.269,239.53,6.42,10.3,0.0,6.3
03/09/2026,06:30:00,1.463,0.251,239.89,6.09,12.5,0.1,6.7
03/09/2026,06:31:00,1.416,0.282,239.72,5.93,9.4,4.2,4.8
03/09/2026,06:32:00,1.562,0.31,239.44,6.76,10.7,2.1,5.9
03/09/2026,06:33:00,1.554,0.31,237.98,6.89,11.6,1.5,5.0
03/09/2026,06:34:00,1.429,0.29,238.74,5.96,13.4,2.3,7.1
03/09/2026,06:35:00,1.616,0.291,239.66,6.82,11.2,0.7,5.1
03/09/2026,06:36:00,1.607,0.28,239.27,6.7,13.2,0.6,4.9
03/09/2026,06:37:00,1.529,0.265,239.68,6.37,14.5,0.7,7.6
03/09/2026,06:38:00,1.53,0.246,240.43,6.65,11.2,0.1,5.9
03/09/2026,06:39:00,1.574,0.314,238.29,6.46,18.8,0.2,6.9
03/09/2026,06:40:00,1.466,0.272,239.92,5.76,15.2,1.1,10.9
03/09/2026,06:41:00,1.542,0.254,238.9,6.5,13.0,1.2,1.0
03/09/2026,06:42:00,1.373,0.244,239.79,5.91,12.2,2.8,3.1
03/09/2026,06:43:00,1.621,0.273,239.11,6.81,11.5,2.4,3.4
03/09/2026,06:44:00,1.431,0.273,240.64,6.02,16.0,0.0,3.5
03/09/2026,06:45:00,1.682,0.328,239.24,7.14,13.2,0.7,8.5
03/09/2026,06:46:00,1.54,0.276,238.71,6.47,10.0,0.0,0.0
03/09/2026,06:47:00,1.555,0.23,239.46,6.58,9.5,0.0,6.5
03/09/2026,06:48:00,1.527,0.279,239.4,6.46,13.2,1.3,2.0
03/09/2026,06:49:00,1.56,0.283,239.98,6.2,13.3,1.9,5.5
03/09/2026,06:50:00,1.701,0.299,239.5,7.12,11.3,1.3,6.0
03/09/2026,06:51:00,1.394,0.252,240.93,5.55,10.2,1.7,7.4
03/09/2026,06:52:00,1.7,0.309,239.12,7.11,9.4,0.7,4.8
03/09/2026,06:53:00,1.63,0.297,239.14,6.74,11.8,0.0,5.0
03/09/2026,06:54:00,1.512,0.281,238.79,6.49,12.7,0.7,0.9
03/09/2026,06:55:00,1.528,0.294,239.28,6.42,14.9,3.0,10.4
03/09/2026,06:56:00,1.753,0.3,239.39,7.39,13.3,1.7,6.1
03/09/2026,06:57:00,1.548,0.274,239.43,6.44,15.8,0.0,6.4
03/09/2026,06:58:00,1.536,0.319,239.29,6.58,14.9,1.4,7.8
03/09/2026,06:59:00,1.725,0.321,238.83,6.98,14.8,2.9,5.3
03/09/2026,07:00:00,1.666,0.321,238.64,6.85,15.8,2.2,6.3
03/09/2026,07:01:00,1.57,0.319,239.0,6.76,11.1,2.9,7.0
03/09/2026,07:02:00,1.669,0.313,240.07,6.89,12.9,0.0,2.2
03/09/2026,07:03:00,1.576,0.312,240.23,6.24,18.8,1.4,6.6
03/09/2026,07:04:00,1.752,0.271,239.23,7.54,10.3,0.8,10.1
03/09/2026,07:05:00,1.756,0.316,238.64,7.52,13.6,2.1,9.4
03/09/2026,07:06:00,1.719,0.302,239.25,7.29,15.2,0.2,8.9
03/09/2026,07:07:00,1.712,0.347,240.78,7.12,10.5,0.2,9.8
03/09/2026,07:08:00,1.83,0.343,240.02,7.87,12.8,1.3,2.8
03/09/2026,07:09:00,1.695,0.288,239.71,7.26,18.4,0.1,4.5
03/09/2026,07:10:00,1.607,0.302,240.01,6.93,14.8,1.7,3.7
03/09/2026,07:11:00,1.744,0.313,240.42,7.36,13.4,0.0,13.4
03/09/2026,07:12:00,1.881,0.337,238.54,7.9,15.0,2.9,6.3
03/09/2026,07:13:00,1.639,0.271,239.08,6.79,13.5,0.0,2.6
03/09/2026,07:14:00,1.697,0.313,238.99,6.91,18.1,2.5,3.4
03/09/2026,07:15:00,1.765,0.306,239.78,7.44,12.8,0.6,6.0
03/09/2026,07:16:00,1.733,0.315,239.49,7.32,13.7,0.0,2.8
03/09/2026,07:17:00,1.665,0.282,239.92,6.89,11.9,1.6,10.0
03/09/2026,07:18:00,1.839,0.306,239.04,7.78,14.3,2.6,7.6
03/09/2026,07:19:00,1.94,0.362,240.36,8.02,14.6,2.9,6.6
03/09/2026,07:20:00,1.776,0.287,239.36,7.55,17.4,2.9,3.6
03/09/2026,07:21:00,1.694,0.279,239.9,6.93,13.0,0.3,3.1
03/09/2026,07:22:00,1.648,0.296,240.26,6.7,16.1,1.7,6.8
03/09/2026,07:23:00,1.798,0.296,240.21,7.45,15.3,0.0,6.3
03/09/2026,07:24:00,1.871,0.302,239.69,7.93,11.4,1.6,3.2
03/09/2026,07:25:00,1.826,0.322,240.02,7.43,13.8,1.9,6.0
03/09/2026,07:26:00,1.793,0.278,240.67,7.61,13.7,1.0,6.0
03/09/2026,07:27:00,1.751,0.285,239.82,7.06,18.7,0.0,7.8
03/09/2026,07:28:00,1.716,0.357,238.96,7.15,16.4,0.7,10.8
03/09/2026,07:29:00,1.876,0.337,239.89,7.61,15.7,4.0,1.6
03/09/2026,07:30:00,1.887,0.308,239.46,7.49,6.8,2.1,8.0
03/09/2026,07:31:00,1.696,0.314,237.85,7.18,11.6,0.9,4.7
03/09/2026,07:32:00,1.951,0.348,239.83,8.11,17.0,1.4,7.2
03/09/2026,07:33:00,1.875,0.35,239.59,7.62,17.1,2.1,6.6
03/09/2026,07:34:00,1.946,0.33,240.33,8.02,14.1,0.0,7.4
03/09/2026,07:35:00,1.732,0.332,239.0,7.31,15.7,0.0,3.6
03/09/2026,07:36:00,1.734,0.257,238.48,7.22,15.5,0.7,8.5
03/09/2026,07:37:00,1.837,0.294,239.66,7.63,16.0,1.0,6.5
03/09/2026,07:38:00,1.893,0.331,239.82,7.84,14.9,4.0,9.5
03/09/2026,07:39:00,2.001,0.348,239.62,8.26,17.3,1.8,10.0
03/09/2026,07:40:00,1.919,0.307,239.58,7.92,18.0,1.0,7.0
03/09/2026,07:41:00,1.847,0.328,238.83,7.64,13.8,1.8,8.7
03/09/2026,07:42:00,1.789,0.299,239.48,7.36,13.4,0.0,8.5
03/09/2026,07:43:00,1.974,0.33,239.35,8.09,14.2,0.5,9.5
03/09/2026,07:44:00,1.803,0.342,240.35,7.44,15.9,0.8,9.4
03/09/2026,07:45:00,2.014,0.364,239.87,8.3,16.6,0.4,4.1
03/09/2026,07:46:00,1.865,0.299,239.42,7.63,17.4,3.4,7.3
03/09/2026,07:47:00,2.019,0.316,240.83,8.5,17.8,2.6,3.6
03/09/2026,07:48:00,1.951,0.324,239.44,8.33,16.6,0.2,5.6
03/09/2026,07:49:00,1.889,0.326,240.03,7.87,16.4,0.2,5.7
03/09/2026,07:50:00,1.863,0.307,239.53,7.79,19.2,0.2,8.1
03/09/2026,07:51:00,1.881,0.352,240.8,7.71,16.0,1.6,6.3
03/09/2026,07:52:00,1.946,0.342,239.72,8.28,17.1,2.1,6.5
03/09/2026,07:53:00,1.922,0.341,239.75,8.28,16.6,2.4,9.0
03/09/2026,07:54:00,1.872,0.293,239.58,7.79,15.6,0.6,8.8
03/09/2026,07:55:00,1.909,0.358,239.82,7.88,15.7,1.7,7.5
03/09/2026,07:56:00,1.932,0.261,240.53,8.09,18.6,1.8,8.6
03/09/2026,07:57:00,1.759,0.332,240.29,7.34,15.8,3.5,8.4
03/09/2026,07:58:00,1.97,0.36,239.73,8.14,15.3,3.0,11.3
03/09/2026,07:59:00,1.858,0.312,240.91,7.78,14.5,0.1,6.5
03/09/2026,08:00:00,1.847,0.353,240.34,7.83,16.8,0.0,5.4
03/09/2026,08:01:00,1.808,0.315,239.43,7.43,15.0,1.9,7.5
03/09/2026,08:02:00,1.802,0.318,238.78,7.93,16.7,1.2,5.0
03/09/2026,08:03:00,1.84,0.329,239.46,7.46,16.3,0.8,6.3
03/09/2026,08:04:00,1.895,0.407,240.05,7.77,15.1,1.1,8.1
03/09/2026,08:05:00,2.111,0.387,240.19,8.82,13.2,2.8,6.0
03/09/2026,08:06:00,1.916,0.347,240.73,8.29,13.9,0.1,6.7
03/09/2026,08:07:00,1.975,0.314,239.02,8.18,14.2,4.5,6.6
03/09/2026,08:08:00,1.995,0.343,239.49,8.17,14.0,1.2,6.3
03/09/2026,08:09:00,1.976,0.317,238.98,8.35,16.9,3.0,4.9
03/09/2026,08:10:00,1.962,0.356,238.87,8.18,20.2,1.3,9.5
03/09/2026,08:11:00,1.875,0.329,239.38,7.93,14.9,0.2,10.3
03/09/2026,08:12:00,2.089,0.323,240.08,8.69,15.1,2.0,9.4
03/09/2026,08:13:00,2.12,0.356,240.37,8.69,14.7,0.6,9.4
03/09/2026,08:14:00,1.843,0.3,239.18,8.06,17.6,2.4,6.5
03/09/2026,08:15:00,1.898,0.332,239.28,7.49,16.7,2.2,7.8
03/09/2026,08:16:00,1.96,0.314,238.61,8.49,15.8,1.4,5.7
03/09/2026,08:17:00,1.907,0.33,240.02,8.09,13.4,2.5,7.2
03/09/2026,08:18:00,2.027,0.362,239.36,8.36,13.9,3.7,7.4
03/09/2026,08:19:00,1.93,0.33,241.05,8.29,16.1,2.2,4.5
03/09/2026,08:20:00,2.164,0.35,240.18,8.8,16.2,1.4,7.8
03/09/2026,08:21:00,2.088,0.356,239.78,8.86,15.7,2.9,6.4
03/09/2026,08:22:00,2.011,0.359,239.46,8.09,17.0,3.0,8.2
03/09/2026,08:23:00,2.078,0.322,238.87,8.53,13.2,2.1,7.1
03/09/2026,08:24:00,2.086,0.357,238.97,8.56,16.2,4.2,8.4
03/09/2026,08:25:00,1.954,0.367,239.5,8.05,16.1,2.1,9.2
03/09/2026,08:26:00,1.936,0.347,239.45,8.09,13.6,4.4,5.0
03/09/2026,08:27:00,2.009,0.342,239.25,8.27,14.3,1.7,7.0
03/09/2026,08:28:00,2.073,0.365,240.22,8.32,16.9,3.6,6.3
03/09/2026,08:29:00,2.016,0.353,240.33,8.46,13.2,2.3,10.4
03/09/2026,08:30:00,1.88,0.344,239.65,7.85,20.4,2.9,11.5
03/09/2026,08:31:00,1.944,0.283,241.34,8.11,16.5,0.0,7.9
03/09/2026,08:32:00,2.003,0.302,238.77,8.41,15.2,5.4,8.8
03/09/2026,08:33:00,2.004,0.366,240.04,8.49,14.8,3.1,4.6
03/09/2026,08:34:00,2.169,0.323,239.86,9.03,16.8,4.0,8.6
03/09/2026,08:35:00,1.901,0.338,239.63,8.09,14.4,0.9,7.4
03/09/2026,08:36:00,2.054,0.338,239.54,8.46,14.4,2.9,11.0
03/09/2026,08:37:00,2.133,0.331,240.03,8.78,18.0,2.5,7.5
03/09/2026,08:38:00,2.197,0.372,239.88,9.36,14.1,1.4,6.2
03/09/2026,08:39:00,1.984,0.343,239.78,8.48,15.3,4.5,5.1
03/09/2026,08:40:00,2.056,0.399,239.15,8.68,13.5,3.0,8.5
03/09/2026,08:41:00,2.063,0.332,238.93,8.5,15.5,2.8,6.9
03/09/2026,08:42:00,2.034,0.38,239.87,8.33,16.1,3.7,10.8
03/09/2026,08:43:00,2.011,0.35,239.8,8.58,18.2,1.8,9.5
03/09/2026,08:44:00,2.054,0.33,239.95,8.75,12.9,3.1,7.9
03/09/2026,08:45:00,1.817,0.338,240.02,7.56,11.8,3.1,9.6
03/09/2026,08:46:00,2.075,0.363,239.74,9.01,14.2,3.1,12.0
03/09/2026,08:47:00,2.031,0.345,239.97,8.53,13.4,4.3,5.7
03/09/2026,08:48:00,2.003,0.347,239.53,8.2,14.5,2.5,6.9
03/09/2026,08:49:00,2.185,0.347,241.2,9.02,15.6,2.3,12.6
03/09/2026,08:50:00,1.968,0.315,239.58,8.21,19.0,2.3,6.6
03/09/2026,08:51:00,1.989,0.358,239.89,8.31,13.5,2.2,9.8
03/09/2026,08:52:00,2.181,0.356,239.65,9.29,9.9,4.5,11.0
03/09/2026,08:53:00,1.955,0.333,239.65,8.02,13.8,3.0,8.3
03/09/2026,08:54:00,1.978,0.344,240.19,8.04,14.9,4.5,9.9
03/09/2026,08:55:00,2.01,0.348,240.11,8.46,12.2,3.5,7.8
03/09/2026,08:56:00,2.089,0.315,239.87,8.63,14.6,2.1,12.5
03/09/2026,08:57:00,2.039,0.377,240.0,8.86,14.3,1.3,7.5
03/09/2026,08:58:00,1.919,0.333,239.7,8.15,14.5,1.4,6.4
03/09/2026,08:59:00,1.979,0.332,240.5,8.15,15.5,2.1,10.5
03/09/2026,09:00:00,1.973,0.348,241.66,8.35,13.7,4.6,10.1
03/09/2026,09:01:00,2.015,0.348,239.62,8.52,14.9,5.0,8.9
03/09/2026,09:02:00,2.055,0.366,240.52,8.64,10.1,3.5,8.7
03/09/2026,09:03:00,2.055,0.36,240.28,8.53,11.7,4.6,7.5
03/09/2026,09:04:00,1.879,0.343,240.73,7.87,12.9,2.7,7.0
03/09/2026,09:05:00,2.106,0.386,240.75,8.43,11.5,2.6,7.3
03/09/2026,09:06:00,2.04,0.367,240.42,8.68,13.4,4.5,9.4
03/09/2026,09:07:00,2.13,0.352,240.25,8.35,12.7,3.7,8.3
03/09/2026,09:08:00,2.055,0.318,239.99,8.5,12.4,4.5,5.5
03/09/2026,09:09:00,2.107,0.395,239.76,8.55,15.0,3.6,7.8
03/09/2026,09:10:00,2.056,0.341,240.24,8.48,13.3,3.1,8.3
03/09/2026,09:11:00,2.125,0.343,239.42,8.87,10.9,3.3,9.9
03/09/2026,09:12:00,2.059,0.304,239.91,8.4,11.8,4.0,9.5
03/09/2026,09:13:00,2.009,0.35,241.11,7.91,14.4,4.0,12.7
03/09/2026,09:14:00,2.198,0.367,240.41,9.17,13.3,2.5,6.7
03/09/2026,09:15:00,2.086,0.312,240.97,8.97,15.2,3.6,10.1
03/09/2026,09:16:00,2.06,0.359,241.38,8.48,14.4,1.8,10.3
03/09/2026,09:17:00,1.912,0.317,240.24,8.1,11.9,3.3,9.6
03/09/2026,09:18:00,1.91,0.396,240.52,8.17,15.4,2.6,8.3
03/09/2026,09:19:00,2.036,0.33,240.17,8.19,15.5,0.0,7.5
03/09/2026,09:20:00,2.023,0.332,239.82,8.37,8.8,6.7,8.9
03/09/2026,09:21:00,1.962,0.314,239.73,7.99,12.4,2.9,5.1
03/09/2026,09:22:00,2.021,0.374,240.99,8.27,11.1,2.7,7.0
03/09/2026,09:23:00,2.136,0.347,240.56,9.14,11.6,6.1,6.9
03/09/2026,09:24:00,2.064,0.33,241.71,8.57,10.5,2.4,10.2
03/09/2026,09:25:00,1.916,0.348,241.11,8.07,10.1,2.1,10.5
03/09/2026,09:26:00,1.997,0.305,239.92,8.32,13.7,3.8,6.8
03/09/2026,09:27:00,1.941,0.349,241.03,7.87,9.5,3.4,6.3
03/09/2026,09:28:00,1.974,0.381,240.24,8.32,12.0,3.2,6.0
03/09/2026,09:29:00,1.97,0.351,241.31,8.35,9.0,2.9,11.4
03/09/2026,09:30:00,1.964,0.352,240.13,8.23,14.2,3.9,11.2
03/09/2026,09:31:00,1.901,0.35,239.74,8.0,11.6,6.3,10.7
03/09/2026,09:32:00,1.99,0.382,239.93,8.11,12.9,2.1,12.6
03/09/2026,09:33:00,1.955,0.365,239.97,8.25,11.8,5.3,13.2
03/09/2026,09:34:00,1.764,0.323,239.91,7.56,10.8,6.2,7.1
03/09/2026,09:35:00,2.162,0.382,240.11,9.06,11.4,3.5,8.5
03/09/2026,09:36:00,2.083,0.328,241.11,8.37,14.1,4.8,11.1
03/09/2026,09:37:00,1.965,0.355,241.78,8.37,9.3,4.2,3.3
03/09/2026,09:38:00,1.996,0.314,239.6,8.19,5.9,2.1,8.9
03/09/2026,09:39:00,1.899,0.319,241.42,7.93,9.3,6.0,11.5
03/09/2026,09:40:00,2.128,0.278,240.21,9.0,8.4,4.5,8.7
03/09/2026,09:41:00,2.143,0.367,240.8,9.06,12.7,3.8,11.1
03/09/2026,09:42:00,2.002,0.324,239.4,8.09,10.3,2.5,5.1
03/09/2026,09:43:00,2.07,0.376,240.94,8.61,12.2,5.2,10.1
03/09/2026,09:44:00,2.001,0.35,239.17,8.38,10.6,4.7,8.5
03/09/2026,09:45:00,1.879,0.354,240.8,8.02,10.4,5.3,9.1
03/09/2026,09:46:00,1.952,0.307,240.77,8.18,10.7,5.3,7.5
03/09/2026,09:47:00,1.994,0.365,240.73,8.5,13.2,3.5,13.1
03/09/2026,09:48:00,1.946,0.386,240.09,8.19,10.5,0.2,9.8
03/09/2026,09:49:00,1.964,0.355,241.0,8.14,12.3,4.5,10.0
03/09/2026,09:50:00,1.973,0.357,240.9,8.22,12.1,4.5,14.2
03/09/2026,09:51:00,1.973,0.341,240.48,8.43,9.6,4.9,7.6
03/09/2026,09:52:00,1.982,0.325,241.11,8.03,9.7,6.7,10.0
03/09/2026,09:53:00,1.892,0.346,240.58,8.0,9.0,4.7,8.2
03/09/2026,09:54:00,1.918,0.293,241.02,7.86,12.2,5.7,8.1
03/09/2026,09:55:00,1.872,0.314,240.57,7.65,7.7,5.3,10.4
03/09/2026,09:56:00,2.051,0.302,240.82,8.67,8.1,3.0,9.2
03/09/2026,09:57:00,1.803,0.299,241.08,7.35,8.9,3.2,14.1
03/09/2026,09:58:00,2.063,0.364,240.4,8.64,7.1,6.4,13.7
03/09/2026,09:59:00,2.08,0.362,239.83,8.6,8.1,3.8,9.5
03/09/2026,10:00:00,1.944,0.335,240.89,7.72,11.5,5.4,6.5
03/09/2026,10:01:00,1.759,0.315,241.54,7.35,10.4,3.6,9.2
03/09/2026,10:02:00,1.937,0.285,240.92,8.06,8.2,6.0,12.2
03/09/2026,10:03:00,1.959,0.326,240.94,7.85,10.6,5.4,8.0
03/09/2026,10:04:00,1.882,0.309,240.7,7.72,13.1,4.7,13.5
03/09/2026,10:05:00,1.921,0.314,241.25,7.69,9.4,5.9,11.2
03/09/2026,10:06:00,2.083,0.365,240.61,8.77,11.6,5.4,7.4
03/09/2026,10:07:00,2.013,0.32,240.43,8.58,10.4,4.2,8.5
03/09/2026,10:08:00,1.884,0.311,241.53,7.93,8.0,5.2,8.9
03/09/2026,10:09:00,1.829,0.267,240.39,7.76,8.9,6.0,8.3
03/09/2026,10:10:00,1.93,0.324,241.39,7.92,9.5,6.6,7.5
03/09/2026,10:11:00,1.938,0.305,241.55,8.1,6.9,5.1,8.8
03/09/2026,10:12:00,1.993,0.341,241.18,8.26,3.1,7.6,9.2
03/09/2026,10:13:00,1.909,0.305,239.92,7.99,6.5,4.3,13.0
03/09/2026,10:14:00,1.992,0.342,240.82,8.41,3.8,3.3,11.1
03/09/2026,10:15:00,2.105,0.349,240.66,8.92,6.6,3.5,11.2
03/09/2026,10:16:00,2.014,0.383,240.47,8.32,4.6,5.3,10.9
03/09/2026,10:17:00,1.943,0.346,240.92,7.86,9.7,5.4,8.4
03/09/2026,10:18:00,1.931,0.286,241.37,7.97,5.5,5.6,12.7
03/09/2026,10:19:00,1.916,0.298,240.51,7.93,8.9,4.5,9.3
03/09/2026,10:20:00,2.038,0.346,240.72,8.51,9.2,8.3,9.5
03/09/2026,10:21:00,1.892,0.304,240.68,7.99,9.0,7.4,11.1
03/09/2026,10:22:00,1.945,0.259,241.67,7.76,3.8,4.0,15.8
03/09/2026,10:23:00,1.944,0.367,240.68,7.98,9.7,5.4,9.0
03/09/2026,10:24:00,1.899,0.346,240.0,7.77,8.3,5.6,6.7
03/09/2026,10:25:00,1.828,0.332,239.77,7.81,9.0,6.4,11.0
03/09/2026,10:26:00,1.962,0.32,241.14,8.11,10.9,3.6,11.8
03/09/2026,10:27:00,1.93,0.342,240.36,7.95,8.8,3.4,9.4
03/09/2026,10:28:00,1.974,0.319,241.36,8.26,4.8,4.0,9.1
03/09/2026,10:29:00,1.89,0.332,239.97,7.79,8.4,7.6,7.6
03/09/2026,10:30:00,2.029,0.32,240.53,8.43,4.0,4.8,11.1
03/09/2026,10:31:00,1.86,0.361,239.98,8.02,6.8,6.7,14.7
03/09/2026,10:32:00,2.066,0.309,241.23,8.83,5.9,6.5,14.2
03/09/2026,10:33:00,1.788,0.345,241.38,7.35,6.8,5.5,11.1
03/09/2026,10:34:00,1.961,0.336,241.17,8.11,3.7,6.8,9.6
03/09/2026,10:35:00,1.964,0.323,240.18,8.08,3.9,4.2,11.3
03/09/2026,10:36:00,1.861,0.327,240.43,7.45,5.7,5.2,9.8
03/09/2026,10:37:00,1.957,0.353,241.12,8.27,6.1,2.9,9.1
03/09/2026,10:38:00,2.024,0.377,239.78,8.81,5.6,5.9,10.9
03/09/2026,10:39:00,1.743,0.317,240.8,7.17,9.3,4.8,13.4
03/09/2026,10:40:00,1.96,0.313,242.04,7.97,7.2,8.7,10.1
03/09/2026,10:41:00,1.719,0.308,240.85,7.1,7.1,5.9,10.1
03/09/2026,10:42:00,1.84,0.366,239.94,7.68,5.5,6.9,10.0
03/09/2026,10:43:00,2.046,0.379,240.57,8.34,3.4,6.7,12.4
03/09/2026,10:44:00,1.868,0.347,240.56,7.7,6.1,5.8,12.5
03/09/2026,10:45:00,1.82,0.338,242.5,7.66,9.7,7.2,8.3
03/09/2026,10:46:00,1.897,0.345,242.18,7.85,6.5,6.0,10.3
03/09/2026,10:47:00,2.077,0.378,241.53,8.79,8.2,6.6,13.1
03/09/2026,10:48:00,1.764,0.3,240.78,7.38,8.4,9.0,9.9
03/09/2026,10:49:00,1.825,0.285,241.87,7.38,7.0,6.2,13.8
03/09/2026,10:50:00,2.028,0.345,240.24,8.35,6.2,5.3,12.2
03/09/2026,10:51:00,2.055,0.326,241.79,8.54,3.8,5.1,14.6
03/09/2026,10:52:00,1.897,0.301,241.7,7.68,5.3,5.9,10.1
03/09/2026,10:53:00,1.805,0.299,240.95,7.3,4.9,6.2,12.3
03/09/2026,10:54:00,2.071,0.411,241.86,8.38,6.2,6.1,12.4
03/09/2026,10:55:00,2.029,0.347,240.75,8.51,2.7,4.0,13.2
03/09/2026,10:56:00,1.955,0.344,240.19,8.08,4.4,3.1,11.6
03/09/2026,10:57:00,1.834,0.29,241.76,7.76,6.2,4.8,13.3
03/09/2026,10:58:00,1.894,0.281,241.02,7.72,4.0,6.2,9.4
03/09/2026,10:59:00,1.884,0.306,241.51,7.43,3.5,6.2,10.7
03/09/2026,11:00:00,1.922,0.367,242.37,7.91,3.7,6.7,7.6
03/09/2026,11:01:00,2.011,0.35,240.59,8.6,4.7,6.6,10.3
03/09/2026,11:02:00,1.964,0.351,241.0,8.15,0.4,5.5,9.0
03/09/2026,11:03:00,1.806,0.335,242.21,7.25,3.6,4.8,11.6
03/09/2026,11:04:00,2.001,0.325,241.58,8.04,7.0,6.8,13.1
03/09/2026,11:05:00,1.915,0.364,240.63,8.14,5.7,6.5,12.2
03/09/2026,11:06:00,1.943,0.317,240.46,7.96,5.8,4.8,12.7
03/09/2026,11:07:00,2.005,0.376,240.76,8.56,1.3,7.0,11.2
03/09/2026,11:08:00,1.797,0.327,240.62,7.57,4.1,7.5,10.7
03/09/2026,11:09:00,1.882,0.281,241.31,7.68,4.6,7.2,8.4
03/09/2026,11:10:00,1.841,0.302,241.2,7.81,5.7,7.5,6.8
03/09/2026,11:11:00,1.757,0.266,241.35,7.14,7.0,5.3,7.7
03/09/2026,11:12:00,1.909,0.358,240.57,7.72,6.6,7.3,9.6
03/09/2026,11:13:00,2.081,0.349,241.12,8.5,3.5,6.0,13.0
03/09/2026,11:14:00,1.731,0.252,239.73,7.34,3.5,8.9,8.3
03/09/2026,11:15:00,1.874,0.334,241.28,7.94,7.4,7.4,9.2
03/09/2026,11:16:00,1.927,0.318,242.0,7.9,3.8,6.8,10.0
03/09/2026,11:17:00,1.884,0.289,240.19,7.56,2.3,8.5,13.9
03/09/2026,11:18:00,1.864,0.366,241.53,7.48,4.1,5.6,11.0
03/09/2026,11:19:00,1.768,0.315,240.77,7.18,7.1,7.0,11.4
03/09/2026,11:20:00,1.889,0.319,241.76,7.62,2.6,9.2,12.0
03/09/2026,11:21:00,1.809,0.307,241.32,7.53,3.5,7.3,14.2
03/09/2026,11:22:00,1.693,0.265,241.49,7.3,2.6,6.5,11.3
03/09/2026,11:23:00,1.962,0.303,241.26,8.25,6.2,5.9,7.3
03/09/2026,11:24:00,1.942,0.365,242.15,7.85,4.8,5.0,11.4
03/09/2026,11:25:00,1.868,0.312,241.47,7.63,6.1,5.9,14.3
03/09/2026,11:26:00,1.881,0.326,240.74,7.74,7.3,5.2,12.6
03/09/2026,11:27:00,1.947,0.283,241.3,8.13,1.1,6.0,11.7
03/09/2026,11:28:00,1.877,0.292,240.98,8.03,2.6,6.2,12.0
03/09/2026,11:29:00,1.93,0.347,241.36,7.93,3.2,7.6,7.2
03/09/2026,11:30:00,1.833,0.329,240.96,7.84,4.2,5.8,6.9
03/09/2026,11:31:00,1.96,0.379,240.78,8.46,5.0,5.5,13.2
03/09/2026,11:32:00,1.879,0.359,241.4,7.73,3.0,7.5,14.1
03/09/2026,11:33:00,1.868,0.318,241.3,7.68,2.6,7.2,9.9
03/09/2026,11:34:00,1.749,0.322,242.01,7.17,5.8,6.0,11.7
03/09/2026,11:35:00,1.872,0.317,240.98,7.78,5.0,7.1,12.6
03/09/2026,11:36:00,1.781,0.365,239.89,7.37,4.5,6.0,14.9
03/09/2026,11:37:00,1.795,0.344,241.03,7.58,0.0,6.0,11.1
03/09/2026,11:38:00,1.779,0.318,240.15,7.18,6.2,8.3,12.9
03/09/2026,11:39:00,1.758,0.316,241.58,7.2,4.1,6.1,15.7
03/09/2026,11:40:00,2.011,0.377,240.12,8.43,3.4,5.8,10.7
03/09/2026,11:41:00,1.946,0.348,240.61,8.22,2.1,6.3,11.5
03/09/2026,11:42:00,1.992,0.378,241.05,8.59,2.4,3.7,8.9
03/09/2026,11:43:00,1.739,0.254,242.39,6.98,1.9,6.0,9.0
03/09/2026,11:44:00,1.841,0.332,240.56,7.55,0.0,6.6,13.3
03/09/2026,11:45:00,1.73,0.295,241.32,6.83,2.0,8.8,14.0
03/09/2026,11:46:00,1.776,0.357,241.72,7.18,0.4,6.4,13.9
03/09/2026,11:47:00,1.757,0.349,242.36,6.98,3.4,6.8,9.1
03/09/2026,11:48:00,1.928,0.332,241.87,7.89,1.2,6.7,11.0
03/09/2026,11:49:00,1.795,0.354,242.1,7.38,5.0,9.2,12.5
03/09/2026,11:50:00,1.911,0.374,241.94,7.97,0.2,7.5,6.4
03/09/2026,11:51:00,1.872,0.326,240.49,7.74,5.9,4.3,12.4
03/09/2026,11:52:00,2.006,0.403,241.59,8.37,5.1,7.8,15.6
03/09/2026,11:53:00,1.701,0.303,241.94,7.05,1.3,5.0,13.9
03/09/2026,11:54:00,1.919,0.325,240.68,7.82,3.2,5.3,6.2
03/09/2026,11:55:00,1.908,0.351,240.95,7.67,1.7,4.5,12.3
03/09/2026,11:56:00,1.737,0.3,240.79,7.3,4.5,8.5,11.9
03/09/2026,11:57:00,1.893,0.329,241.9,8.07,6.9,7.7,12.1
03/09/2026,11:58:00,1.838,0.356,241.31,8.0,5.7,7.8,11.7
03/09/2026,11:59:00,1.791,0.315,241.14,7.57,1.9,7.5,10.8
03/09/2026,12:00:00,1.741,0.267,240.47,7.46,3.5,7.0,6.4
03/09/2026,12:01:00,1.748,0.319,241.33,7.31,6.3,5.7,12.2
03/09/2026,12:02:00,1.967,0.319,240.98,8.21,4.3,6.4,12.9
03/09/2026,12:03:00,1.801,0.338,241.55,7.47,5.2,5.4,10.3
03/09/2026,12:04:00,1.862,0.341,240.58,7.72,4.5,5.0,14.3
03/09/2026,12:05:00,1.734,0.345,241.51,7.27,3.3,5.2,7.9
03/09/2026,12:06:00,1.733,0.331,241.08,7.11,3.0,9.1,7.8
03/09/2026,12:07:00,1.88,0.353,240.52,7.79,0.7,5.5,11.7
03/09/2026,12:08:00,1.684,0.285,240.47,6.82,1.6,7.3,10.1
03/09/2026,12:09:00,1.756,0.331,240.57,7.37,1.3,8.7,13.7
03/09/2026,12:10:00,1.79,0.364,241.26,7.28,2.4,7.0,10.6
03/09/2026,12:11:00,1.794,0.298,241.49,7.44,3.3,5.0,14.6
03/09/2026,12:12:00,1.769,0.357,241.6,7.4,2.9,5.0,10.0
03/09/2026,12:13:00,1.813,0.304,241.63,7.59,3.5,6.1,11.9
03/09/2026,12:14:00,1.835,0.299,240.88,7.73,4.4,8.9,7.2
03/09/2026,12:15:00,1.836,0.328,242.16,7.55,2.2,7.8,11.5
03/09/2026,12:16:00,1.696,0.321,241.11,7.11,4.5,6.6,11.8
03/09/2026,12:17:00,1.75,0.333,241.74,7.17,5.3,5.6,14.3
03/09/2026,12:18:00,1.866,0.3,241.31,7.44,3.8,6.4,8.3
03/09/2026,12:19:00,1.84,0.332,241.69,7.69,1.9,6.1,11.0
03/09/2026,12:20:00,1.657,0.282,241.28,6.91,4.9,6.1,14.8
03/09/2026,12:21:00,1.792,0.278,241.71,7.57,3.9,4.7,15.1
03/09/2026,12:22:00,1.604,0.269,241.43,6.64,4.2,4.6,9.8
03/09/2026,12:23:00,1.763,0.293,242.01,7.05,6.0,6.2,10.1
03/09/2026,12:24:00,1.909,0.342,240.87,7.91,4.3,4.3,7.9
03/09/2026,12:25:00,1.679,0.33,240.2,7.12,6.1,4.9,7.0
03/09/2026,12:26:00,1.686,0.266,240.76,7.07,2.6,5.8,10.8
03/09/2026,12:27:00,1.812,0.326,242.19,7.46,2.0,6.1,10.3
03/09/2026,12:28:00,1.625,0.266,241.34,6.48,5.2,7.1,16.2
03/09/2026,12:29:00,1.695,0.319,241.51,6.87,0.9,4.0,12.4
03/09/2026,12:30:00,1.791,0.299,240.71,7.51,6.6,4.0,11.2
03/09/2026,12:31:00,1.691,0.277,241.5,6.75,5.5,7.3,13.1
03/09/2026,12:32:00,1.72,0.326,240.74,7.1,3.0,7.8,14.0
03/09/2026,12:33:00,1.796,0.301,240.85,7.46,5.2,4.2,14.4
03/09/2026,12:34:00,1.768,0.304,241.18,7.5,4.2,4.5,12.3
03/09/2026,12:35:00,1.753,0.255,241.77,7.34,0.2,6.3,11.7
03/09/2026,12:36:00,1.702,0.328,241.85,7.18,1.2,5.6,12.1
03/09/2026,12:37:00,1.757,0.331,241.87,7.31,3.4,5.6,11.6
03/09/2026,12:38:00,1.715,0.306,240.36,7.01,3.1,4.5,10.6
03/09/2026,12:39:00,1.759,0.273,241.46,7.19,5.4,6.4,14.0
03/09/2026,12:40:00,1.68,0.332,241.33,6.82,3.4,5.1,11.3
03/09/2026,12:41:00,1.703,0.288,240.4,7.17,0.2,5.1,9.5
03/09/2026,12:42:00,1.635,0.285,241.49,6.67,1.7,3.9,11.8
03/09/2026,12:43:00,1.709,0.363,241.3,7.02,4.3,6.4,13.3
03/09/2026,12:44:00,1.645,0.28,241.83,6.8,0.0,4.9,8.5
03/09/2026,12:45:00,1.618,0.313,241.54,6.95,0.0,5.3,11.2
03/09/2026,12:46:00,1.725,0.321,241.1,7.25,2.0,6.8,10.0
03/09/2026,12:47:00,1.719,0.316,242.13,6.98,4.6,3.9,16.6
03/09/2026,12:48:00,1.762,0.319,239.93,7.37,2.3,5.1,12.0
03/09/2026,12:49:00,1.663,0.309,241.44,7.13,3.7,3.2,15.2
03/09/2026,12:50:00,1.727,0.314,240.25,7.28,2.7,4.5,12.3
03/09/2026,12:51:00,1.736,0.307,240.85,6.97,2.4,6.9,12.5
03/09/2026,12:52:00,1.725,0.345,241.85,6.99,1.4,3.2,11.6
03/09/2026,12:53:00,1.621,0.262,240.6,6.59,4.4,5.4,11.3
03/09/2026,12:54:00,1.696,0.329,240.49,7.27,0.2,7.2,11.6
03/09/2026,12:55:00,1.711,0.326,243.16,7.22,2.2,5.8,10.3
03/09/2026,12:56:00,1.679,0.319,240.54,6.89,5.0,4.3,11.8
03/09/2026,12:57:00,1.509,0.309,242.65,6.12,1.2,3.6,8.2
03/09/2026,12:58:00,1.687,0.3,241.37,6.99,0.0,2.5,12.2
03/09/2026,12:59:00,1.848,0.275,241.13,7.68,0.0,7.0,9.1
03/09/2026,13:00:00,1.64,0.295,241.89,6.63,4.0,4.4,12.0
03/09/2026,13:01:00,1.608,0.268,242.43,6.59,4.2,2.6,12.5
03/09/2026,13:02:00,1.693,0.285,240.69,6.82,2.0,3.6,14.9
03/09/2026,13:03:00,1.686,0.271,241.14,7.18,0.1,3.5,12.5
03/09/2026,13:04:00,1.753,0.298,242.09,6.98,2.4,4.2,11.2
03/09/2026,13:05:00,1.555,0.272,241.7,6.17,5.0,7.9,10.4
03/09/2026,13:06:00,1.711,0.246,242.27,7.13,0.1,6.0,13.4
03/09/2026,13:07:00,1.697,0.321,241.86,6.83,4.8,5.4,11.6
03/09/2026,13:08:00,1.636,0.352,242.76,6.66,0.0,6.3,10.1
03/09/2026,13:09:00,1.672,0.316,241.62,6.93,0.4,7.1,12.1
03/09/2026,13:10:00,1.724,0.302,241.65,7.24,2.9,5.4,7.7
03/09/2026,13:11:00,1.709,0.304,241.72,7.04,4.6,6.5,12.0
03/09/2026,13:12:00,1.545,0.275,241.4,6.67,5.6,3.8,10.1
03/09/2026,13:13:00,1.7,0.306,242.09,7.02,4.7,3.5,11.1
03/09/2026,13:14:00,1.626,0.294,241.67,6.91,5.8,3.2,16.2
03/09/2026,13:15:00,1.635,0.275,242.05,6.79,3.0,4.9,10.7
03/09/2026,13:16:00,1.632,0.338,242.16,7.06,1.4,1.1,13.5
03/09/2026,13:17:00,1.611,0.256,241.8,6.82,5.1,6.2,14.1
03/09/2026,13:18:00,1.716,0.324,241.85,7.1,5.4,3.8,13.7
03/09/2026,13:19:00,1.611,0.291,240.79,6.79,4.5,5.5,12.6
03/09/2026,13:20:00,1.526,0.331,241.11,6.29,3.9,2.6,9.4
03/09/2026,13:21:00,1.581,0.298,242.09,6.49,5.5,5.8,10.4
03/09/2026,13:22:00,1.624,0.286,242.5,6.5,3.4,6.2,9.2
03/09/2026,13:23:00,1.706,0.299,240.14,6.98,2.6,4.5,11.0
03/09/2026,13:24:00,1.653,0.299,241.1,7.17,4.1,5.0,11.1
03/09/2026,13:25:00,1.534,0.256,241.51,6.17,3.6,2.9,9.8
03/09/2026,13:26:00,1.799,0.297,240.88,7.37,4.5,4.3,13.0
03/09/2026,13:27:00,1.618,0.25,240.92,6.7,2.4,5.5,10.7
03/09/2026,13:28:00,1.697,0.281,241.83,7.01,4.5,3.8,11.0
03/09/2026,13:29:00,1.58,0.292,242.6,6.57,4.4,6.1,8.4
03/09/2026,13:30:00,1.632,0.303,240.07,6.73,3.1,1.8,12.0
03/09/2026,13:31:00,1.654,0.249,241.38,6.92,1.2,3.7,11.6
03/09/2026,13:32:00,1.682,0.298,241.82,7.13,5.2,1.6,10.5
03/09/2026,13:33:00,1.666,0.314,242.04,7.07,0.3,4.5,12.7
03/09/2026,13:34:00,1.649,0.294,241.72,6.78,0.8,3.7,12.1
03/09/2026,13:35:00,1.551,0.27,242.72,6.48,3.1,3.8,13.1
03/09/2026,13:36:00,1.528,0.273,241.51,6.16,0.0,4.9,13.2
03/09/2026,13:37:00,1.598,0.278,242.41,6.48,5.8,3.6,13.4
03/09/2026,13:38:00,1.644,0.281,241.04,6.64,2.8,7.6,15.5
03/09/2026,13:39:00,1.549,0.29,241.53,6.4,5.8,4.9,12.1
03/09/2026,13:40:00,1.649,0.356,240.64,6.72,6.4,3.9,9.7
03/09/2026,13:41:00,1.678,0.283,242.12,6.7,2.4,3.0,10.9
03/09/2026,13:42:00,1.486,0.27,241.4,6.1,5.5,2.6,10.9
03/09/2026,13:43:00,1.49,0.277,241.73,5.9,0.6,4.3,9.8
03/09/2026,13:44:00,1.543,0.268,241.26,6.59,3.6,3.1,6.3
03/09/2026,13:45:00,1.576,0.317,241.89,6.43,1.8,5.0,12.3
03/09/2026,13:46:00,1.507,0.222,241.76,6.38,4.2,3.6,11.9
03/09/2026,13:47:00,1.655,0.285,240.78,6.8,4.5,3.6,16.0
03/09/2026,13:48:00,1.579,0.31,240.82,6.38,2.5,3.8,15.9
03/09/2026,13:49:00,1.545,0.278,241.45,6.58,3.9,3.4,13.3
03/09/2026,13:50:00,1.425,0.25,241.93,5.9,4.7,3.9,13.1
03/09/2026,13:51:00,1.432,0.283,242.78,6.18,3.2,6.2,10.0
03/09/2026,13:52:00,1.558,0.31,241.68,6.38,7.9,4.2,12.2
03/09/2026,13:53:00,1.362,0.269,242.17,5.56,2.5,4.1,11.6
03/09/2026,13:54:00,1.612,0.273,240.34,6.86,6.1,4.5,12.1
03/09/2026,13:55:00,1.516,0.293,242.87,6.39,5.1,3.3,10.1
03/09/2026,13:56:00,1.786,0.304,241.89,7.41,0.0,2.2,12.7
03/09/2026,13:57:00,1.709,0.324,241.43,7.58,5.8,0.0,8.8
03/09/2026,13:58:00,1.507,0.318,241.34,6.2,5.0,0.7,18.5
03/09/2026,13:59:00,1.511,0.216,240.68,6.09,3.1,4.3,15.0
03/09/2026,14:00:00,1.597,0.294,240.88,6.48,3.6,3.8,14.7
03/09/2026,14:01:00,1.652,0.255,242.79,6.76,3.9,3.1,9.0
03/09/2026,14:02:00,1.382,0.327,240.76,5.97,5.6,6.3,8.2
03/09/2026,14:03:00,1.368,0.253,240.74,5.66,2.1,3.2,12.4
03/09/2026,14:04:00,1.46,0.294,240.95,6.29,6.1,0.1,11.1
03/09/2026,14:05:00,1.554,0.286,240.61,6.52,0.7,4.2,15.9
03/09/2026,14:06:00,1.545,0.265,241.45,6.56,0.0,4.7,13.2
03/09/2026,14:07:00,1.589,0.268,242.2,6.62,4.1,4.1,11.7
03/09/2026,14:08:00,1.405,0.308,241.01,5.89,5.5,4.6,15.1
03/09/2026,14:09:00,1.314,0.282,240.47,5.58,2.6,0.8,12.2
03/09/2026,14:10:00,1.566,0.337,241.64,6.4,0.0,3.2,12.3
03/09/2026,14:11:00,1.429,0.273,241.39,5.84,0.0,2.0,14.1
03/09/2026,14:12:00,1.332,0.267,242.13,5.56,3.9,3.7,10.3
03/09/2026,14:13:00,1.504,0.274,241.11,6.53,3.0,5.0,14.1
03/09/2026,14:14:00,1.554,0.279,241.24,6.21,5.6,2.5,13.1
03/09/2026,14:15:00,1.479,0.251,241.31,5.82,3.2,3.8,9.8
03/09/2026,14:16:00,1.45,0.276,241.48,5.97,1.6,1.8,16.1
03/09/2026,14:17:00,1.472,0.257,241.14,6.26,3.7,2.9,10.8
03/09/2026,14:18:00,1.454,0.286,241.02,6.04,5.1,2.2,8.2
03/09/2026,14:19:00,1.374,0.269,240.11,5.55,5.8,5.2,10.1
03/09/2026,14:20:00,1.423,0.278,241.01,5.92,2.9,1.4,9.5
03/09/2026,14:21:00,1.52,0.324,241.9,6.03,3.2,2.9,12.2
03/09/2026,14:22:00,1.503,0.279,241.99,6.3,4.7,4.5,15.4
03/09/2026,14:23:00,1.489,0.298,241.07,6.13,1.6,0.2,12.4
03/09/2026,14:24:00,1.395,0.319,242.3,5.74,4.6,3.3,15.3
03/09/2026,14:25:00,1.458,0.308,241.37,6.11,2.7,2.8,14.2
03/09/2026,14:26:00,1.297,0.284,240.45,5.43,3.0,1.8,5.9
03/09/2026,14:27:00,1.484,0.27,240.23,6.1,3.2,4.2,13.8
03/09/2026,14:28:00,1.583,0.296,242.23,6.69,3.4,4.9,10.5
03/09/2026,14:29:00,1.349,0.229,241.12,5.72,7.0,3.5,12.9
03/09/2026,14:30:00,1.419,0.283,240.52,5.63,2.3,2.2,11.7
03/09/2026,14:31:00,1.491,0.286,239.79,6.18,2.4,0.7,17.9
03/09/2026,14:32:00,1.564,0.288,241.09,6.32,6.1,2.8,12.8
03/09/2026,14:33:00,1.426,0.297,241.65,5.71,4.2,2.3,13.1
03/09/2026,14:34:00,1.406,0.239,240.87,5.92,4.8,2.4,14.2
03/09/2026,14:35:00,1.303,0.297,240.62,5.35,1.2,1.8,8.5
03/09/2026,14:36:00,1.467,0.299,240.97,6.07,3.8,1.7,14.2
03/09/2026,14:37:00,1.621,0.293,242.22,6.59,4.9,2.5,11.3
03/09/2026,14:38:00,1.479,0.274,240.37,6.21,2.0,0.8,10.3
03/09/2026,14:39:00,1.454,0.287,240.89,6.14,4.6,3.7,13.6
03/09/2026,14:40:00,1.481,0.316,242.19,6.44,3.0,1.4,8.6
03/09/2026,14:41:00,1.453,0.277,241.68,5.99,2.1,2.5,13.9
03/09/2026,14:42:00,1.388,0.27,241.46,5.53,5.4,1.9,11.5
03/09/2026,14:43:00,1.519,0.283,240.87,6.23,5.7,3.2,11.6
03/09/2026,14:44:00,1.47,0.321,241.34,6.22,3.7,3.1,6.9
03/09/2026,14:45:00,1.453,0.265,240.94,5.91,4.4,2.9,13.8
03/09/2026,14:46:00,1.373,0.264,240.71,5.48,6.1,0.7,12.4
03/09/2026,14:47:00,1.554,0.323,240.55,6.35,2.7,2.0,10.8
03/09/2026,14:48:00,1.503,0.284,241.86,6.13,4.2,4.3,9.8
03/09/2026,14:49:00,1.405,0.297,241.26,5.66,2.8,1.7,13.6
03/09/2026,14:50:00,1.529,0.261,241.52,6.36,1.5,3.5,12.6
03/09/2026,14:51:00,1.408,0.264,241.4,5.82,2.8,2.1,11.9
03/09/2026,14:52:00,1.385,0.303,241.6,5.85,1.4,1.7,9.7
03/09/2026,14:53:00,1.386,0.249,241.11,5.68,4.5,2.4,12.5
03/09/2026,14:54:00,1.305,0.253,240.94,5.5,2.1,1.0,12.4
03/09/2026,14:55:00,1.484,0.285,240.71,6.09,0.9,3.2,14.8
03/09/2026,14:56:00,1.3,0.231,240.28,5.24,5.2,1.0,9.2
03/09/2026,14:57:00,1.348,0.251,240.48,5.52,5.1,2.8,10.3
03/09/2026,14:58:00,1.28,0.256,241.01,5.07,3.1,3.4,16.1
03/09/2026,14:59:00,1.439,0.274,240.14,6.26,5.2,2.6,12.3
03/09/2026,15:00:00,1.434,0.304,240.29,5.99,2.2,1.2,12.4
03/09/2026,15:01:00,1.42,0.309,241.98,5.75,3.1,2.2,14.0
03/09/2026,15:02:00,1.362,0.242,241.4,5.59,4.7,1.0,15.9
03/09/2026,15:03:00,1.352,0.265,240.92,5.24,5.9,1.7,9.3
03/09/2026,15:04:00,1.483,0.295,242.83,6.32,3.1,1.2,16.7
03/09/2026,15:05:00,1.402,0.306,240.08,6.04,2.7,0.9,11.8
03/09/2026,15:06:00,1.472,0.295,241.91,6.1,5.9,2.7,12.5
03/09/2026,15:07:00,1.376,0.272,241.14,5.75,5.2,3.2,12.0
03/09/2026,15:08:00,1.462,0.292,241.77,5.86,4.3,3.2,15.2
03/09/2026,15:09:00,1.552,0.303,241.29,6.25,6.4,2.2,14.0
03/09/2026,15:10:00,1.495,0.256,239.9,5.98,7.9,3.7,11.6
03/09/2026,15:11:00,1.415,0.275,241.27,5.84,4.8,0.9,9.4
03/09/2026,15:12:00,1.469,0.313,241.43,6.25,2.9,3.5,11.4
03/09/2026,15:13:00,1.43,0.266,239.66,5.91,5.1,3.0,9.0
03/09/2026,15:14:00,1.451,0.277,242.55,6.03,2.5,1.8,13.9
03/09/2026,15:15:00,1.425,0.265,241.4,6.05,6.7,2.0,10.5
03/09/2026,15:16:00,1.438,0.215,241.65,5.71,2.8,3.1,11.7
03/09/2026,15:17:00,1.469,0.277,240.36,6.39,3.9,2.6,14.5
03/09/2026,15:18:00,1.373,0.272,241.65,5.86,2.6,2.0,13.7
03/09/2026,15:19:00,1.373,0.252,241.92,5.75,4.7,1.1,12.8
03/09/2026,15:20:00,1.344,0.232,241.33,5.71,4.8,0.5,10.2
03/09/2026,15:21:00,1.328,0.237,241.14,5.65,5.9,1.8,13.1
03/09/2026,15:22:00,1.359,0.282,240.52,5.7,4.6,0.2,10.2
03/09/2026,15:23:00,1.471,0.326,240.99,6.32,4.5,2.6,13.1
03/09/2026,15:24:00,1.387,0.301,240.78,5.69,3.3,0.0,9.1
03/09/2026,15:25:00,1.501,0.247,241.53,6.28,3.9,2.0,14.7
03/09/2026,15:26:00,1.464,0.297,240.53,6.29,1.7,1.2,12.5
03/09/2026,15:27:00,1.305,0.24,241.51,5.0,7.4,1.0,12.0
03/09/2026,15:28:00,1.516,0.267,240.53,6.37,4.4,1.2,12.9
03/09/2026,15:29:00,1.53,0.272,240.92,6.46,7.9,0.0,11.8
03/09/2026,15:30:00,1.387,0.284,241.53,5.49,4.4,1.0,12.2
03/09/2026,15:31:00,1.502,0.304,240.6,6.28,0.9,0.4,14.9
03/09/2026,15:32:00,1.401,0.266,241.55,5.68,3.8,0.4,14.4
03/09/2026,15:33:00,1.479,0.275,241.47,6.19,4.8,5.6,13.7
03/09/2026,15:34:00,1.372,0.276,240.89,5.68,4.9,0.0,12.7
03/09/2026,15:35:00,1.331,0.274,241.89,5.36,6.2,2.0,11.4
03/09/2026,15:36:00,1.446,0.303,241.12,6.16,5.2,0.4,14.5
03/09/2026,15:37:00,1.468,0.244,241.83,6.01,4.3,0.3,10.1
03/09/2026,15:38:00,1.448,0.274,242.31,6.02,3.1,0.0,16.1
03/09/2026,15:39:00,1.387,0.24,240.88,5.96,4.2,2.9,13.7
03/09/2026,15:40:00,1.452,0.273,241.49,5.88,6.3,3.0,14.8
03/09/2026,15:41:00,1.508,0.275,240.59,6.27,6.8,0.6,13.2
03/09/2026,15:42:00,1.485,0.277,240.31,6.1,3.8,2.6,11.9
03/09/2026,15:43:00,1.505,0.261,240.89,6.21,7.2,0.0,14.3
03/09/2026,15:44:00,1.439,0.235,240.07,6.32,6.3,0.9,9.1
03/09/2026,15:45:00,1.588,0.238,240.36,6.68,3.5,2.3,10.9
03/09/2026,15:46:00,1.403,0.265,241.42,5.86,5.8,0.1,11.8
03/09/2026,15:47:00,1.538,0.274,240.64,6.47,6.1,0.4,9.2
03/09/2026,15:48:00,1.596,0.275,241.49,6.67,3.2,1.4,13.7
03/09/2026,15:49:00,1.543,0.318,241.2,6.12,2.7,1.4,15.1
03/09/2026,15:50:00,1.491,0.257,242.28,6.5,6.4,0.0,8.5
03/09/2026,15:51:00,1.467,0.311,241.34,5.86,4.6,4.2,11.4
03/09/2026,15:52:00,1.595,0.332,241.75,6.86,8.6,0.2,11.9
03/09/2026,15:53:00,1.401,0.219,241.24,5.9,9.0,2.5,13.0
03/09/2026,15:54:00,1.44,0.275,241.17,6.0,6.6,2.1,14.2
03/09/2026,15:55:00,1.488,0.269,241.77,6.11,7.6,0.2,11.7
03/09/2026,15:56:00,1.622,0.222,241.41,7.11,3.7,1.9,14.4
03/09/2026,15:57:00,1.556,0.251,241.08,6.55,3.1,0.2,12.6
03/09/2026,15:58:00,1.452,0.294,241.07,6.02,5.5,1.3,11.1
03/09/2026,15:59:00,1.507,0.331,241.3,6.17,3.3,2.3,12.9
03/09/2026,16:00:00,1.486,0.301,240.45,6.08,6.5,0.5,9.7
03/09/2026,16:01:00,1.481,0.286,240.41,6.17,4.4,1.8,11.9
03/09/2026,16:02:00,1.62,0.294,241.9,6.56,6.4,0.5,12.1
03/09/2026,16:03:00,1.435,0.314,242.2,6.03,5.7,1.4,11.2
03/09/2026,16:04:00,1.677,0.355,240.24,6.88,7.4,1.3,18.1
03/09/2026,16:05:00,1.618,0.279,240.42,6.88,6.8,0.7,15.4
03/09/2026,16:06:00,1.642,0.247,241.68,6.94,5.4,0.0,13.0
03/09/2026,16:07:00,1.521,0.23,241.24,6.3,3.5,2.2,13.5
03/09/2026,16:08:00,1.55,0.319,241.34,6.51,6.7,3.8,13.7
03/09/2026,16:09:00,1.451,0.273,241.48,6.1,2.9,1.4,14.0
03/09/2026,16:10:00,1.527,0.288,240.68,6.13,8.9,0.4,16.1
03/09/2026,16:11:00,1.612,0.249,241.07,6.95,7.5,1.4,14.7
03/09/2026,16:12:00,1.68,0.283,241.01,6.93,8.2,2.6,8.3
03/09/2026,16:13:00,1.492,0.272,240.23,6.31,4.7,2.8,14.5
03/09/2026,16:14:00,1.555,0.292,241.04,6.56,7.4,2.3,10.9
03/09/2026,16:15:00,1.576,0.279,241.68,6.15,5.4,1.7,11.5
03/09/2026,16:16:00,1.48,0.252,240.57,6.05,7.1,2.0,14.9
03/09/2026,16:17:00,1.643,0.278,240.91,6.95,4.8,1.3,8.7
03/09/2026,16:18:00,1.542,0.315,240.94,6.41,6.7,0.0,16.5
03/09/2026,16:19:00,1.589,0.297,240.59,6.71,4.2,0.6,14.6
03/09/2026,16:20:00,1.572,0.304,241.25,6.53,6.7,0.7,13.5
03/09/2026,16:21:00,1.55,0.263,240.3,6.63,3.8,1.5,14.7
03/09/2026,16:22:00,1.616,0.22,241.7,6.7,10.6,0.0,15.4
03/09/2026,16:23:00,1.604,0.279,241.2,6.86,7.5,1.7,13.4
03/09/2026,16:24:00,1.596,0.27,240.1,6.5,7.2,0.0,14.6
03/09/2026,16:25:00,1.572,0.297,241.93,6.48,8.6,1.6,10.8
03/09/2026,16:26:00,1.66,0.381,240.85,6.8,4.7,2.6,14.7
03/09/2026,16:27:00,1.772,0.33,240.22,7.43,5.8,2.2,14.3
03/09/2026,16:28:00,1.655,0.367,241.5,6.81,8.5,0.0,16.2
03/09/2026,16:29:00,1.728,0.322,241.06,7.13,7.9,1.9,13.4
03/09/2026,16:30:00,1.542,0.269,239.47,6.33,6.2,2.0,13.7
03/09/2026,16:31:00,1.671,0.309,240.33,6.88,8.9,3.3,11.0
03/09/2026,16:32:00,1.575,0.334,240.89,6.54,8.3,1.5,13.1
03/09/2026,16:33:00,1.55,0.332,239.17,6.18,8.8,2.4,14.5
03/09/2026,16:34:00,1.613,0.279,240.74,6.36,8.6,0.5,14.7
03/09/2026,16:35:00,1.773,0.319,240.78,7.37,6.5,0.0,16.9
03/09/2026,16:36:00,1.759,0.275,239.83,6.92,7.8,2.1,14.2
03/09/2026,16:37:00,1.707,0.325,240.84,7.06,4.3,2.2,13.0
03/09/2026,16:38:00,1.57,0.327,240.65,6.47,7.1,0.2,14.5
03/09/2026,16:39:00,1.682,0.303,239.81,7.1,7.7,0.0,12.0
03/09/2026,16:40:00,1.727,0.291,241.28,7.06,9.5,1.2,16.2
03/09/2026,16:41:00,1.723,0.316,241.21,7.38,9.3,1.0,11.8
03/09/2026,16:42:00,1.566,0.298,240.41,6.64,6.9,1.3,12.5
03/09/2026,16:43:00,1.648,0.3,240.47,6.63,6.9,2.1,11.0
03/09/2026,16:44:00,1.719,0.311,241.11,7.09,11.1,2.3,13.6
03/09/2026,16:45:00,1.773,0.308,240.45,7.6,8.0,1.0,14.9
03/09/2026,16:46:00,1.56,0.312,239.24,6.42,8.9,0.0,17.1
03/09/2026,16:47:00,1.728,0.326,240.92,7.17,10.3,0.0,13.4
03/09/2026,16:48:00,1.758,0.286,240.0,7.54,8.6,0.2,13.0
03/09/2026,16:49:00,1.82,0.293,240.29,7.49,8.6,0.8,7.7
03/09/2026,16:50:00,1.814,0.311,241.58,7.68,8.3,0.3,14.1
03/09/2026,16:51:00,1.81,0.336,240.45,7.39,8.0,0.6,13.7
03/09/2026,16:52:00,1.706,0.308,240.54,6.66,9.4,1.0,13.7
03/09/2026,16:53:00,1.623,0.279,240.89,6.92,5.5,0.1,17.0
03/09/2026,16:54:00,1.75,0.317,240.88,7.33,8.5,1.4,14.9
03/09/2026,16:55:00,1.867,0.316,239.87,7.86,10.4,3.3,12.8
03/09/2026,16:56:00,1.905,0.351,240.47,7.76,10.2,0.7,11.8
03/09/2026,16:57:00,1.856,0.331,240.53,7.56,12.3,0.0,11.2
03/09/2026,16:58:00,1.84,0.313,240.68,7.82,11.2,1.3,12.8
03/09/2026,16:59:00,1.842,0.327,240.69,7.69,10.4,0.0,14.7
03/09/2026,17:00:00,1.773,0.346,242.29,7.3,9.7,0.7,9.2
03/09/2026,17:01:00,1.813,0.303,239.65,7.6,8.8,0.0,13.6
03/09/2026,17:02:00,1.963,0.346,241.15,8.37,10.8,0.0,15.7
03/09/2026,17:03:00,1.761,0.31,241.28,7.41,10.5,0.0,11.7
03/09/2026,17:04:00,1.971,0.347,240.79,8.12,9.2,0.1,13.6
03/09/2026,17:05:00,1.823,0.302,239.98,7.38,8.3,0.0,11.9
03/09/2026,17:06:00,1.961,0.338,241.6,8.2,10.0,2.6,8.1
03/09/2026,17:07:00,1.749,0.338,238.89,7.18,12.5,1.5,12.3
03/09/2026,17:08:00,1.915,0.306,239.94,7.8,10.5,2.1,11.8
03/09/2026,17:09:00,1.815,0.285,241.23,7.72,10.4,0.0,15.9
03/09/2026,17:10:00,1.767,0.28,240.14,7.49,11.3,0.5,15.3
03/09/2026,17:11:00,1.905,0.299,241.51,7.94,11.5,1.4,11.9
03/09/2026,17:12:00,1.974,0.352,239.32,8.06,11.1,3.0,17.1
03/09/2026,17:13:00,1.833,0.285,239.6,7.92,10.6,0.0,15.9
03/09/2026,17:14:00,1.787,0.307,239.99,7.6,9.7,0.0,13.8
03/09/2026,17:15:00,1.906,0.344,240.65,7.88,12.8,1.1,15.1
03/09/2026,17:16:00,1.913,0.34,240.19,7.89,10.1,0.0,12.3
03/09/2026,17:17:00,1.971,0.327,240.0,8.22,14.1,3.1,9.0
03/09/2026,17:18:00,2.01,0.346,241.33,8.26,11.4,1.6,14.7
03/09/2026,17:19:00,1.936,0.335,241.39,8.35,11.3,0.5,11.5
03/09/2026,17:20:00,2.096,0.346,240.03,8.67,12.7,0.5,14.0
03/09/2026,17:21:00,1.972,0.331,239.11,8.09,10.0,0.7,15.5
03/09/2026,17:22:00,1.933,0.388,238.79,8.33,12.5,0.0,10.3
03/09/2026,17:23:00,1.839,0.341,240.46,7.56,11.7,0.9,15.1
03/09/2026,17:24:00,1.954,0.396,240.74,8.23,12.4,0.2,16.5
03/09/2026,17:25:00,1.955,0.322,240.32,8.23,10.3,1.7,10.1
03/09/2026,17:26:00,2.065,0.346,240.22,8.59,10.3,0.0,16.3
03/09/2026,17:27:00,2.032,0.311,239.7,8.33,8.1,1.8,19.0
03/09/2026,17:28:00,1.908,0.309,240.71,7.92,11.0,1.6,14.3
03/09/2026,17:29:00,2.023,0.39,241.42,8.2,10.9,1.1,16.5
03/09/2026,17:30:00,2.07,0.335,238.68,8.67,10.7,2.5,12.7
03/09/2026,17:31:00,2.146,0.405,240.17,9.05,11.9,0.0,16.9
03/09/2026,17:32:00,2.101,0.321,239.54,9.03,12.3,1.4,16.1
03/09/2026,17:33:00,2.098,0.325,239.17,8.61,13.3,0.8,15.5
03/09/2026,17:34:00,2.049,0.337,239.41,8.52,13.5,0.8,15.4
03/09/2026,17:35:00,2.083,0.348,240.46,8.58,13.8,0.0,15.9
03/09/2026,17:36:00,2.159,0.382,240.47,9.02,13.9,0.0,15.0
03/09/2026,17:37:00,1.959,0.346,241.2,7.89,13.2,2.0,13.0
03/09/2026,17:38:00,2.045,0.335,240.18,8.37,12.8,1.9,14.9
03/09/2026,17:39:00,2.018,0.339,238.93,8.19,14.7,3.2,15.1
03/09/2026,17:40:00,2.117,0.346,239.99,8.61,14.3,3.4,12.7
03/09/2026,17:41:00,2.193,0.34,239.17,9.07,10.0,0.0,15.0
03/09/2026,17:42:00,2.054,0.324,239.29,8.83,12.7,0.6,15.2
03/09/2026,17:43:00,1.917,0.356,240.53,8.02,9.5,1.2,14.2
03/09/2026,17:44:00,2.083,0.304,240.26,8.68,9.6,2.1,16.2
03/09/2026,17:45:00,2.196,0.404,240.52,9.33,12.3,2.7,16.7
03/09/2026,17:46:00,2.173,0.352,239.85,9.12,13.1,0.0,14.0
03/09/2026,17:47:00,2.171,0.341,240.65,9.1,12.6,0.1,15.8
03/09/2026,17:48:00,2.122,0.373,239.8,8.78,10.0,2.6,17.5
03/09/2026,17:49:00,2.049,0.383,240.86,8.41,15.2,0.0,13.3
03/09/2026,17:50:00,2.2,0.392,240.31,8.96,12.3,0.0,11.9
03/09/2026,17:51:00,2.099,0.364,239.92,8.66,14.8,1.4,13.6
03/09/2026,17:52:00,2.348,0.409,240.2,9.73,12.5,3.5,16.8
03/09/2026,17:53:00,2.226,0.324,240.03,9.33,13.0,0.0,14.7
03/09/2026,17:54:00,2.141,0.344,241.15,8.87,14.9,0.9,13.0
03/09/2026,17:55:00,2.146,0.335,240.2,8.88,13.5,1.6,18.6
03/09/2026,17:56:00,2.194,0.394,240.02,9.01,14.6,2.7,13.2
03/09/2026,17:57:00,2.19,0.353,239.84,9.19,14.9,1.4,15.5
03/09/2026,17:58:00,2.305,0.398,240.59,9.51,11.5,0.0,17.5
03/09/2026,17:59:00,2.238,0.382,240.49,9.36,15.4,0.0,17.4
03/09/2026,18:00:00,2.172,0.339,239.8,8.77,12.7,2.6,16.9
03/09/2026,18:01:00,2.389,0.372,239.17,10.04,12.4,1.4,14.5
03/09/2026,18:02:00,2.248,0.402,239.34,9.51,13.3,0.0,17.3
03/09/2026,18:03:00,2.313,0.358,239.83,9.74,16.5,1.5,16.1
03/09/2026,18:04:00,2.21,0.368,240.9,9.14,11.7,1.2,17.0
03/09/2026,18:05:00,2.295,0.356,239.77,9.71,16.3,0.0,19.1
03/09/2026,18:06:00,2.298,0.368,239.52,9.4,15.8,0.0,13.5
03/09/2026,18:07:00,2.128,0.354,238.7,8.9,15.3,1.2,17.0
03/09/2026,18:08:00,2.448,0.374,240.98,10.13,15.7,3.5,16.5
03/09/2026,18:09:00,2.397,0.364,240.31,10.13,14.7,1.2,18.3
03/09/2026,18:10:00,2.269,0.379,240.46,9.13,16.8,0.0,20.2
03/09/2026,18:11:00,2.219,0.345,240.57,9.07,14.6,0.0,20.2
03/09/2026,18:12:00,2.342,0.361,239.77,10.03,12.3,1.6,18.2
03/09/2026,18:13:00,2.328,0.356,239.94,9.34,15.5,1.8,15.1
03/09/2026,18:14:00,2.356,0.381,240.91,9.9,17.3,0.6,15.5
03/09/2026,18:15:00,2.35,0.406,239.99,9.69,16.8,0.2,18.1
03/09/2026,18:16:00,2.382,0.424,240.26,9.95,19.5,1.9,13.7
03/09/2026,18:17:00,2.464,0.378,240.45,10.46,15.5,2.3,16.0
03/09/2026,18:18:00,2.401,0.442,240.29,10.03,15.7,1.7,14.9
03/09/2026,18:19:00,2.278,0.348,239.74,9.72,15.7,0.0,14.0
03/09/2026,18:20:00,2.477,0.424,239.8,10.26,14.7,2.0,17.2
03/09/2026,18:21:00,2.506,0.383,240.36,10.37,15.3,0.4,18.4
03/09/2026,18:22:00,2.634,0.394,240.35,11.08,14.3,0.0,18.0
03/09/2026,18:23:00,2.298,0.357,240.61,9.49,11.9,0.0,17.0
03/09/2026,18:24:00,2.414,0.388,240.17,10.14,15.4,0.8,16.0
03/09/2026,18:25:00,2.235,0.383,240.2,9.48,16.6,1.6,15.6
03/09/2026,18:26:00,2.452,0.411,239.46,10.37,17.9,0.0,18.7
03/09/2026,18:27:00,2.37,0.361,239.36,9.67,15.6,0.0,15.7
03/09/2026,18:28:00,2.574,0.384,240.3,10.66,15.7,0.2,15.7
03/09/2026,18:29:00,2.365,0.361,239.34,9.92,19.0,2.2,17.8
03/09/2026,18:30:00,2.298,0.373,239.72,9.55,14.3,0.0,14.8
03/09/2026,18:31:00,2.401,0.383,240.7,9.99,16.7,0.4,17.1
03/09/2026,18:32:00,2.287,0.351,240.58,9.55,19.0,1.9,15.8
03/09/2026,18:33:00,2.511,0.408,239.92,10.39,15.8,0.9,15.5
03/09/2026,18:34:00,2.292,0.432,239.5,9.54,14.2,2.8,16.5
03/09/2026,18:35:00,2.466,0.383,239.61,10.11,20.8,0.6,18.7
03/09/2026,18:36:00,2.303,0.366,240.3,9.51,19.0,3.3,17.5
03/09/2026,18:37:00,2.45,0.408,239.66,9.99,19.2,3.5,17.8
03/09/2026,18:38:00,2.613,0.4,239.28,10.94,17.4,1.4,18.8
03/09/2026,18:39:00,2.516,0.419,240.52,10.43,18.9,1.4,18.5
03/09/2026,18:40:00,2.424,0.373,239.78,9.97,12.7,1.5,16.8
03/09/2026,18:41:00,2.496,0.445,239.24,10.7,16.9,1.9,18.4
03/09/2026,18:42:00,2.505,0.409,239.98,10.4,19.7,1.0,16.9
03/09/2026,18:43:00,2.547,0.39,240.31,10.64,15.1,2.3,18.2
03/09/2026,18:44:00,2.406,0.374,238.92,9.97,17.3,1.5,19.6
03/09/2026,18:45:00,2.568,0.395,239.48,10.66,18.7,2.6,18.4
03/09/2026,18:46:00,2.309,0.411,239.44,9.69,16.6,0.0,14.6
03/09/2026,18:47:00,2.481,0.366,239.92,10.29,18.2,1.1,16.2
03/09/2026,18:48:00,2.497,0.383,240.03,10.4,19.0,2.1,18.8
03/09/2026,18:49:00,2.592,0.397,239.2,10.96,18.9,0.0,12.6
03/09/2026,18:50:00,2.549,0.405,238.53,10.61,17.6,1.4,18.1
03/09/2026,18:51:00,2.439,0.386,240.29,9.95,16.8,1.6,18.0
03/09/2026,18:52:00,2.478,0.36,238.78,10.15,19.3,3.1,23.4
03/09/2026,18:53:00,2.578,0.399,239.74,10.97,19.3,0.4,18.4
03/09/2026,18:54:00,2.56,0.405,239.45,10.83,19.2,1.1,17.2
03/09/2026,18:55:00,2.525,0.387,239.65,10.63,18.9,0.1,20.1
03/09/2026,18:56:00,2.537,0.422,240.68,10.48,19.4,0.6,16.8
03/09/2026,18:57:00,2.636,0.439,241.65,10.71,20.6,2.9,17.6
03/09/2026,18:58:00,2.544,0.403,238.37,10.63,19.5,0.8,17.7
03/09/2026,18:59:00,2.583,0.416,240.19,10.74,19.1,0.0,18.9
03/09/2026,19:00:00,2.768,0.378,239.39,11.39,17.9,0.6,15.5
03/09/2026,19:01:00,2.486,0.388,240.22,10.13,21.8,0.1,19.5
03/09/2026,19:02:00,2.457,0.42,240.15,9.97,16.9,0.2,16.5
03/09/2026,19:03:00,2.674,0.41,240.46,11.22,18.8,0.1,22.2
03/09/2026,19:04:00,2.563,0.389,239.66,10.51,18.2,0.2,14.4
03/09/2026,19:05:00,2.597,0.469,238.83,10.92,15.6,0.0,16.1
03/09/2026,19:06:00,2.565,0.453,240.1,10.63,20.0,0.9,13.4
03/09/2026,19:07:00,2.612,0.425,239.52,11.0,19.0,0.0,24.4
03/09/2026,19:08:00,2.766,0.46,239.27,11.61,19.5,2.3,15.2
03/09/2026,19:09:00,2.708,0.369,239.09,11.29,19.1,0.4,19.6
03/09/2026,19:10:00,2.718,0.406,240.12,11.34,21.0,1.3,19.6
03/09/2026,19:11:00,2.541,0.393,240.53,10.55,21.3,1.3,16.0
03/09/2026,19:12:00,2.567,0.402,238.57,10.67,17.4,0.0,19.7
03/09/2026,19:13:00,2.436,0.38,239.83,10.31,23.2,0.5,15.7
03/09/2026,19:14:00,2.604,0.349,239.13,10.82,19.2,3.0,16.3
03/09/2026,19:15:00,2.75,0.44,238.35,11.52,20.9,0.0,14.7
03/09/2026,19:16:00,2.719,0.44,239.48,11.14,20.2,3.8,19.6
03/09/2026,19:17:00,2.664,0.46,238.78,11.2,20.1,1.5,13.9
03/09/2026,19:18:00,2.685,0.402,238.25,11.18,21.0,1.5,19.1
03/09/2026,19:19:00,2.636,0.395,238.8,10.97,22.6,1.1,18.0
03/09/2026,19:20:00,2.711,0.358,238.62,11.24,21.5,2.2,22.1
03/09/2026,19:21:00,2.76,0.424,238.88,11.54,19.5,2.2,18.4
03/09/2026,19:22:00,2.574,0.431,238.4,10.5,19.9,0.8,20.2
03/09/2026,19:23:00,2.731,0.412,239.04,11.53,19.0,0.2,19.5
03/09/2026,19:24:00,2.785,0.488,238.81,11.66,21.6,0.0,18.2
03/09/2026,19:25:00,2.681,0.415,239.57,11.12,21.3,1.9,20.9
03/09/2026,19:26:00,2.774,0.437,239.71,11.34,19.5,0.9,19.3
03/09/2026,19:27:00,2.947,0.42,239.47,12.37,22.9,0.0,20.5
03/09/2026,19:28:00,2.717,0.433,239.12,11.27,22.4,0.0,16.5
03/09/2026,19:29:00,2.76,0.382,239.09,11.74,23.9,0.7,19.7
03/09/2026,19:30:00,2.673,0.438,238.68,11.27,18.8,0.0,20.3
03/09/2026,19:31:00,2.749,0.448,238.69,11.75,20.2,0.9,16.2
03/09/2026,19:32:00,2.775,0.467,239.75,11.59,20.0,0.0,18.4
03/09/2026,19:33:00,2.756,0.405,238.02,11.74,25.6,0.1,14.8
03/09/2026,19:34:00,2.662,0.423,239.18,11.2,20.5,0.0,15.1
03/09/2026,19:35:00,2.763,0.446,239.01,11.49,23.0,1.1,18.5
03/09/2026,19:36:00,2.866,0.455,239.65,11.99,22.6,0.0,22.6
03/09/2026,19:37:00,2.787,0.413,238.22,11.58,20.4,0.1,22.8
03/09/2026,19:38:00,2.831,0.38,239.22,12.14,20.7,3.7,18.0
03/09/2026,19:39:00,2.737,0.437,239.44,11.42,21.6,1.9,16.6
03/09/2026,19:40:00,2.818,0.434,237.86,11.85,23.1,1.6,20.8
03/09/2026,19:41:00,2.783,0.42,238.44,11.73,20.3,2.5,14.4
03/09/2026,19:42:00,2.686,0.441,239.12,11.07,19.6,1.5,17.9
03/09/2026,19:43:00,2.79,0.434,239.54,11.85,22.5,0.0,17.1
03/09/2026,19:44:00,2.687,0.389,239.3,11.07,18.4,0.0,18.6
03/09/2026,19:45:00,2.717,0.378,239.56,11.16,21.2,0.0,21.8
03/09/2026,19:46:00,2.785,0.406,238.4,11.66,22.8,1.1,13.1
03/09/2026,19:47:00,2.795,0.495,238.04,11.55,21.6,0.0,19.5
03/09/2026,19:48:00,2.677,0.439,239.2,11.43,19.6,0.1,19.6
03/09/2026,19:49:00,2.858,0.448,238.27,11.96,18.7,0.4,18.7
03/09/2026,19:50:00,2.82,0.434,238.52,11.34,23.1,0.0,19.5
03/09/2026,19:51:00,2.719,0.42,239.77,11.37,20.4,0.8,20.0
03/09/2026,19:52:00,2.654,0.448,239.25,11.17,19.0,0.4,19.2
03/09/2026,19:53:00,2.766,0.42,238.71,11.52,23.1,0.3,14.4
03/09/2026,19:54:00,2.742,0.444,238.61,11.29,22.4,0.0,16.9
03/09/2026,19:55:00,2.788,0.426,239.53,11.62,18.7,1.1,22.4
03/09/2026,19:56:00,2.75,0.479,239.24,11.42,25.8,3.6,16.3
03/09/2026,19:57:00,2.619,0.433,238.23,10.85,19.7,1.2,19.1
03/09/2026,19:58:00,2.749,0.461,237.71,11.4,22.4,3.8,17.3
03/09/2026,19:59:00,2.756,0.416,240.39,11.49,24.8,0.1,20.2
03/09/2026,20:00:00,2.831,0.466,238.21,12.02,22.6,0.5,18.5
03/09/2026,20:01:00,2.724,0.419,239.42,11.45,21.3,0.8,20.3
03/09/2026,20:02:00,2.914,0.452,240.11,11.88,17.9,0.6,19.7
03/09/2026,20:03:00,2.627,0.456,239.15,11.08,24.9,2.3,18.0
03/09/2026,20:04:00,2.884,0.42,238.62,12.2,22.5,0.0,14.0
03/09/2026,20:05:00,2.761,0.436,238.03,11.81,18.0,0.2,17.0
03/09/2026,20:06:00,2.847,0.453,238.02,11.82,23.9,3.0,16.2
03/09/2026,20:07:00,2.784,0.447,239.28,11.63,20.9,0.2,16.2
03/09/2026,20:08:00,2.868,0.433,240.03,12.03,20.2,2.0,20.0
03/09/2026,20:09:00,2.745,0.482,238.73,11.42,19.6,1.6,23.3
03/09/2026,20:10:00,2.687,0.39,238.61,11.34,21.1,0.7,13.4
03/09/2026,20:11:00,2.887,0.483,239.48,12.05,22.4,1.2,15.5
03/09/2026,20:12:00,2.763,0.462,238.51,11.46,19.7,0.7,19.4
03/09/2026,20:13:00,2.789,0.482,239.17,11.55,21.0,0.0,18.3
03/09/2026,20:14:00,2.868,0.404,239.0,12.19,27.5,1.4,19.8
03/09/2026,20:15:00,2.685,0.401,238.68,11.1,21.6,0.0,18.7
03/09/2026,20:16:00,2.814,0.475,238.95,11.6,22.6,0.0,21.7
03/09/2026,20:17:00,2.717,0.379,240.19,11.36,18.7,1.3,20.0
03/09/2026,20:18:00,2.752,0.39,239.37,11.49,17.9,1.2,20.7
03/09/2026,20:19:00,2.766,0.42,239.71,11.34,23.5,2.1,21.0
03/09/2026,20:20:00,2.638,0.421,238.29,10.99,22.9,0.5,16.1
03/09/2026,20:21:00,2.694,0.463,239.7,11.12,24.0,1.9,20.0
03/09/2026,20:22:00,2.862,0.439,239.37,11.86,20.4,0.8,20.1
03/09/2026,20:23:00,2.822,0.423,237.87,12.24,23.0,1.2,17.9
03/09/2026,20:24:00,2.744,0.437,239.29,11.42,15.4,1.4,17.9
03/09/2026,20:25:00,2.766,0.444,238.55,11.46,21.6,0.0,18.0
03/09/2026,20:26:00,2.72,0.437,237.82,11.74,22.5,1.3,16.7
03/09/2026,20:27:00,2.849,0.437,238.99,12.06,19.0,0.9,15.6
03/09/2026,20:28:00,2.722,0.378,239.27,11.48,22.5,0.4,23.3
03/09/2026,20:29:00,2.753,0.407,238.99,11.4,20.0,0.9,21.0
03/09/2026,20:30:00,2.823,0.474,238.8,12.0,20.2,4.1,18.6
03/09/2026,20:31:00,2.666,0.425,238.64,11.29,19.8,0.0,15.3
03/09/2026,20:32:00,2.85,0.434,240.6,11.87,23.4,0.6,19.7
03/09/2026,20:33:00,2.599,0.44,238.04,10.66,19.3,1.9,17.7
03/09/2026,20:34:00,2.848,0.414,239.47,11.89,19.0,0.0,18.1
03/09/2026,20:35:00,2.685,0.417,238.86,11.5,18.4,1.3,23.4
03/09/2026,20:36:00,2.691,0.426,238.25,11.33,19.4,1.2,22.6
03/09/2026,20:37:00,2.556,0.396,238.81,10.65,20.5,0.0,13.2
03/09/2026,20:38:00,2.667,0.423,237.86,11.18,21.3,0.0,19.2
03/09/2026,20:39:00,2.616,0.409,238.42,10.95,18.5,3.1,18.7
03/09/2026,20:40:00,2.646,0.383,238.79,10.96,20.7,0.0,19.1
03/09/2026,20:41:00,2.68,0.426,237.74,11.26,21.2,0.2,17.0
03/09/2026,20:42:00,2.763,0.398,239.17,11.77,18.0,0.6,18.2
03/09/2026,20:43:00,2.698,0.428,238.14,11.53,20.0,0.8,15.8
03/09/2026,20:44:00,2.702,0.459,237.79,11.25,19.6,0.3,20.5
03/09/2026,20:45:00,2.585,0.403,238.05,11.05,19.9,0.9,20.4
03/09/2026,20:46:00,2.598,0.382,240.32,10.92,18.7,0.8,21.7
03/09/2026,20:47:00,2.807,0.434,237.41,11.92,19.4,1.7,16.4
03/09/2026,20:48:00,2.6,0.391,239.09,10.94,19.7,1.9,18.6
03/09/2026,20:49:00,2.786,0.449,238.26,11.55,23.3,1.4,22.5
03/09/2026,20:50:00,2.629,0.412,238.53,10.96,19.6,1.1,16.5
03/09/2026,20:51:00,2.644,0.46,239.19,11.18,22.2,0.0,15.7
03/09/2026,20:52:00,2.724,0.456,239.16,11.21,22.3,1.0,18.6
03/09/2026,20:53:00,2.735,0.424,238.29,11.32,16.7,2.2,20.4
03/09/2026,20:54:00,2.619,0.432,237.81,11.06,18.7,0.0,16.3
03/09/2026,20:55:00,2.591,0.401,239.19,10.71,22.1,0.0,22.0
03/09/2026,20:56:00,2.612,0.414,239.14,11.05,19.6,2.7,15.7
03/09/2026,20:57:00,2.638,0.408,238.54,10.95,18.9,0.0,19.1
03/09/2026,20:58:00,2.676,0.44,239.05,11.23,20.6,0.7,16.2
03/09/2026,20:59:00,2.6,0.448,238.42,10.95,21.2,0.1,16.6
03/09/2026,21:00:00,2.643,0.437,238.15,11.03,18.9,2.7,19.4
03/09/2026,21:01:00,2.719,0.449,238.73,11.35,18.4,1.2,17.1
03/09/2026,21:02:00,2.612,0.437,239.09,10.82,14.2,1.8,14.1
03/09/2026,21:03:00,2.6,0.426,238.93,10.88,18.9,0.9,15.7
03/09/2026,21:04:00,2.448,0.365,239.07,10.09,18.0,3.4,19.0
03/09/2026,21:05:00,2.353,0.425,238.18,9.84,16.7,0.0,18.2
03/09/2026,21:06:00,2.588,0.456,239.81,10.9,18.2,1.2,18.9
03/09/2026,21:07:00,2.543,0.399,238.46,10.49,17.7,2.4,15.9
03/09/2026,21:08:00,2.503,0.391,238.61,10.42,18.9,2.7,14.9
03/09/2026,21:09:00,2.557,0.422,237.77,10.83,17.9,0.5,15.4
03/09/2026,21:10:00,2.526,0.417,238.55,10.28,19.3,0.0,15.5
03/09/2026,21:11:00,2.614,0.409,239.06,11.21,18.7,0.3,17.0
03/09/2026,21:12:00,2.524,0.372,239.21,10.71,20.8,3.1,14.4
03/09/2026,21:13:00,2.451,0.402,239.77,9.99,17.1,0.0,19.3
03/09/2026,21:14:00,2.583,0.424,239.04,10.49,21.7,1.2,18.1
03/09/2026,21:15:00,2.479,0.416,238.86,10.38,20.2,0.4,15.0
03/09/2026,21:16:00,2.532,0.413,238.35,10.45,21.0,0.7,16.4
03/09/2026,21:17:00,2.445,0.387,238.2,10.41,18.4,2.5,14.8
03/09/2026,21:18:00,2.424,0.416,239.34,10.19,17.3,1.1,16.4
03/09/2026,21:19:00,2.475,0.399,239.32,10.36,16.7,3.5,14.8
03/09/2026,21:20:00,2.462,0.384,237.9,10.26,21.2,2.1,21.3
03/09/2026,21:21:00,2.492,0.395,239.15,10.66,19.8,1.0,13.1
03/09/2026,21:22:00,2.425,0.347,239.1,10.26,15.6,0.7,13.7
03/09/2026,21:23:00,2.292,0.371,237.86,9.73,19.5,1.2,16.0
03/09/2026,21:24:00,2.397,0.405,239.01,10.21,15.8,0.0,16.6
03/09/2026,21:25:00,2.488,0.407,237.9,10.3,18.0,0.0,16.6
03/09/2026,21:26:00,2.393,0.425,236.93,10.29,18.9,1.8,18.3
03/09/2026,21:27:00,2.389,0.38,238.51,9.98,20.1,2.0,17.2
03/09/2026,21:28:00,2.48,0.41,238.8,10.44,17.6,0.0,14.2
03/09/2026,21:29:00,2.337,0.4,238.54,9.77,16.8,1.9,18.5
03/09/2026,21:30:00,2.263,0.43,240.62,9.12,17.1,0.6,17.5
03/09/2026,21:31:00,2.365,0.387,238.88,10.05,19.0,0.0,19.1
03/09/2026,21:32:00,2.332,0.354,238.71,9.49,18.4,0.4,16.1
03/09/2026,21:33:00,2.285,0.395,238.91,9.42,16.7,2.0,18.3
03/09/2026,21:34:00,2.34,0.427,238.29,9.75,13.0,1.6,9.9
03/09/2026,21:35:00,2.386,0.378,239.25,9.68,11.7,1.2,14.8
03/09/2026,21:36:00,2.338,0.402,238.85,9.62,17.0,1.3,13.8
03/09/2026,21:37:00,2.355,0.413,238.81,9.9,14.1,0.0,17.2
03/09/2026,21:38:00,2.467,0.422,238.15,10.31,15.3,1.5,14.0
03/09/2026,21:39:00,2.287,0.378,237.49,9.59,15.8,0.2,17.7
03/09/2026,21:40:00,2.328,0.362,238.23,9.64,20.4,3.4,17.3
03/09/2026,21:41:00,2.257,0.369,238.78,9.46,16.4,0.3,14.1
03/09/2026,21:42:00,2.222,0.378,238.27,9.28,17.5,3.7,15.9
03/09/2026,21:43:00,2.235,0.391,238.78,9.11,17.0,0.6,14.9
03/09/2026,21:44:00,2.235,0.377,238.41,9.34,11.0,0.7,15.6
03/09/2026,21:45:00,2.293,0.366,238.87,9.41,15.0,0.4,16.9
03/09/2026,21:46:00,2.444,0.407,237.89,10.41,13.3,0.0,14.5
03/09/2026,21:47:00,2.191,0.384,238.7,9.12,19.1,2.5,11.5
03/09/2026,21:48:00,2.206,0.374,238.12,9.64,11.9,0.9,16.4
03/09/2026,21:49:00,2.226,0.346,237.49,9.52,14.6,1.6,17.4
03/09/2026,21:50:00,2.254,0.366,238.44,9.43,14.9,2.9,11.2
03/09/2026,21:51:00,2.235,0.392,239.63,9.41,13.3,0.6,14.8
03/09/2026,21:52:00,2.308,0.342,237.53,9.4,15.4,0.7,12.8
03/09/2026,21:53:00,2.003,0.288,238.64,8.54,15.1,1.0,17.2
03/09/2026,21:54:00,1.998,0.377,239.11,8.23,15.4,0.0,17.3
03/09/2026,21:55:00,2.14,0.37,240.16,8.93,16.0,0.0,12.9
03/09/2026,21:56:00,2.259,0.386,238.2,9.38,15.4,0.0,11.7
03/09/2026,21:57:00,2.038,0.318,238.1,8.46,15.6,2.4,15.1
03/09/2026,21:58:00,1.914,0.348,237.73,8.02,17.0,0.4,12.0
03/09/2026,21:59:00,2.191,0.37,239.34,9.17,11.4,1.8,16.3
03/09/2026,22:00:00,2.156,0.319,237.93,9.06,16.0,0.5,14.0
03/09/2026,22:01:00,2.041,0.381,238.28,8.57,12.4,0.0,17.8
03/09/2026,22:02:00,2.041,0.349,237.24,8.36,13.1,1.9,17.8
03/09/2026,22:03:00,2.033,0.334,239.15,8.85,14.6,0.0,17.6
03/09/2026,22:04:00,2.111,0.344,239.34,8.85,15.1,1.6,15.0
03/09/2026,22:05:00,2.043,0.295,239.12,8.61,15.2,2.0,11.9
03/09/2026,22:06:00,2.124,0.37,237.4,8.9,12.2,0.7,10.7
03/09/2026,22:07:00,1.848,0.328,238.95,7.6,17.2,1.4,15.2
03/09/2026,22:08:00,1.999,0.335,237.35,8.44,13.1,0.0,15.3
03/09/2026,22:09:00,1.969,0.368,238.56,8.29,12.4,4.6,14.4
03/09/2026,22:10:00,2.029,0.309,238.67,8.7,11.2,1.4,10.8
03/09/2026,22:11:00,1.998,0.325,238.74,8.68,10.9,1.8,11.9
03/09/2026,22:12:00,2.096,0.33,238.89,9.0,10.8,2.0,13.8
03/09/2026,22:13:00,1.875,0.318,238.51,7.6,14.1,0.6,12.2
03/09/2026,22:14:00,2.019,0.344,237.14,8.44,14.6,0.9,11.8
03/09/2026,22:15:00,2.051,0.357,238.89,8.64,11.6,2.2,11.3
03/09/2026,22:16:00,2.146,0.349,238.58,8.93,10.9,0.3,13.0
03/09/2026,22:17:00,1.95,0.312,237.88,8.19,12.7,1.3,12.8
03/09/2026,22:18:00,2.006,0.383,237.41,8.13,13.2,1.4,11.4
03/09/2026,22:19:00,1.827,0.38,239.59,7.76,13.5,0.0,13.2
03/09/2026,22:20:00,1.771,0.316,239.37,7.12,11.0,1.4,13.6
03/09/2026,22:21:00,2.022,0.324,239.0,8.22,12.5,0.0,13.8
03/09/2026,22:22:00,1.945,0.37,238.04,8.02,15.9,2.0,10.9
03/09/2026,22:23:00,2.031,0.308,236.75,8.56,10.2,2.8,12.2
03/09/2026,22:24:00,1.818,0.31,239.04,7.36,12.5,2.0,12.9
03/09/2026,22:25:00,1.961,0.318,238.76,8.05,13.5,2.7,13.1
03/09/2026,22:26:00,2.06,0.318,238.24,8.82,10.4,0.0,9.8
03/09/2026,22:27:00,1.936,0.325,239.29,8.07,13.5,0.5,11.9
03/09/2026,22:28:00,1.916,0.308,239.1,8.08,9.5,1.0,13.9
03/09/2026,22:29:00,1.885,0.327,238.63,7.72,13.4,1.0,11.2
03/09/2026,22:30:00,1.751,0.311,238.53,7.33,12.1,0.2,13.3
03/09/2026,22:31:00,1.976,0.322,238.54,8.26,9.1,0.0,12.4
03/09/2026,22:32:00,1.81,0.308,238.98,7.46,13.3,3.0,11.3
03/09/2026,22:33:00,1.891,0.321,237.9,7.94,10.0,0.0,15.1
03/09/2026,22:34:00,1.717,0.326,238.8,6.91,11.4,3.0,11.6
03/09/2026,22:35:00,1.739,0.305,237.86,7.38,12.9,1.4,11.7
03/09/2026,22:36:00,1.94,0.353,239.44,8.04,9.6,1.1,11.0
03/09/2026,22:37:00,1.789,0.329,238.87,7.45,10.4,1.5,15.3
03/09/2026,22:38:00,1.924,0.345,238.02,8.21,13.6,2.8,15.1
03/09/2026,22:39:00,1.794,0.35,238.56,7.58,7.2,0.0,14.5
03/09/2026,22:40:00,1.644,0.269,237.9,6.86,14.1,1.3,13.8
03/09/2026,22:41:00,1.854,0.311,239.55,7.57,8.2,1.0,9.9
03/09/2026,22:42:00,1.728,0.351,239.64,7.41,9.7,1.0,10.8
03/09/2026,22:43:00,1.822,0.312,238.99,7.42,11.5,2.0,10.0
03/09/2026,22:44:00,1.76,0.241,239.59,7.44,12.1,0.0,13.9
03/09/2026,22:45:00,1.626,0.29,238.61,6.58,11.4,0.0,16.7
03/09/2026,22:46:00,1.755,0.314,239.04,7.48,10.8,0.0,13.0
03/09/2026,22:47:00,1.909,0.264,239.36,8.13,9.8,0.0,15.2
03/09/2026,22:48:00,1.765,0.345,238.5,7.11,13.7,1.7,12.4
03/09/2026,22:49:00,1.713,0.288,238.55,7.25,12.1,1.5,12.0
03/09/2026,22:50:00,1.795,0.324,239.16,7.56,12.8,1.9,10.0
03/09/2026,22:51:00,1.718,0.3,238.95,7.29,9.5,0.2,12.6
03/09/2026,22:52:00,1.71,0.273,237.97,7.24,5.6,0.3,13.2
03/09/2026,22:53:00,1.598,0.265,236.97,6.6,12.2,2.9,13.4
03/09/2026,22:54:00,1.696,0.28,238.38,7.08,10.8,2.1,11.3
03/09/2026,22:55:00,1.752,0.337,237.04,7.64,10.4,1.8,11.4
03/09/2026,22:56:00,1.594,0.288,237.81,6.54,8.8,0.0,10.8
03/09/2026,22:57:00,1.767,0.299,237.89,7.48,9.2,3.3,9.7
03/09/2026,22:58:00,1.638,0.273,238.11,7.05,8.6,0.7,12.8
03/09/2026,22:59:00,1.567,0.318,239.08,6.4,9.8,1.0,6.6
03/09/2026,23:00:00,1.71,0.342,239.23,6.93,7.4,1.4,7.0
03/09/2026,23:01:00,1.599,0.322,238.87,6.5,11.1,1.0,9.5
03/09/2026,23:02:00,1.675,0.313,238.95,7.07,13.6,0.6,7.8
03/09/2026,23:03:00,1.583,0.297,238.97,6.43,8.2,1.0,13.0
03/09/2026,23:04:00,1.594,0.261,236.76,6.71,6.2,1.6,9.5
03/09/2026,23:05:00,1.631,0.29,238.52,7.04,9.1,1.9,12.4
03/09/2026,23:06:00,1.607,0.276,237.26,6.77,9.8,2.4,13.3
03/09/2026,23:07:00,1.417,0.224,238.87,5.81,10.1,0.0,10.5
03/09/2026,23:08:00,1.479,0.304,237.05,6.26,12.3,0.1,11.0
03/09/2026,23:09:00,1.636,0.279,238.39,6.85,10.6,1.9,12.9
03/09/2026,23:10:00,1.544,0.315,238.9,6.53,5.3,0.0,12.4
03/09/2026,23:11:00,1.505,0.303,237.74,6.57,6.4,1.0,5.6
03/09/2026,23:12:00,1.431,0.286,239.2,6.04,9.6,0.0,9.2
03/09/2026,23:13:00,1.446,0.289,238.88,6.36,7.8,1.5,11.2
03/09/2026,23:14:00,1.363,0.248,238.79,5.78,11.7,0.0,10.5
03/09/2026,23:15:00,1.51,0.328,239.02,6.2,6.7,0.3,7.7
03/09/2026,23:16:00,1.463,0.277,238.28,6.48,10.4,0.4,6.1
03/09/2026,23:17:00,1.427,0.279,238.64,5.96,7.1,1.1,11.2
03/09/2026,23:18:00,1.491,0.263,238.54,6.09,8.9,2.0,7.9
03/09/2026,23:19:00,1.519,0.259,238.52,6.72,6.7,2.1,9.4
03/09/2026,23:20:00,1.65,0.31,238.06,6.82,9.4,1.1,10.0
03/09/2026,23:21:00,1.355,0.268,237.67,5.59,10.3,0.0,9.3
03/09/2026,23:22:00,1.562,0.268,238.3,6.47,8.6,4.2,7.5
03/09/2026,23:23:00,1.54,0.249,238.27,6.49,11.9,0.7,9.4
03/09/2026,23:24:00,1.393,0.235,238.03,5.99,6.5,1.2,8.3
03/09/2026,23:25:00,1.465,0.306,239.14,5.73,8.1,1.1,13.1
03/09/2026,23:26:00,1.406,0.253,237.73,6.05,9.5,1.3,9.9
03/09/2026,23:27:00,1.45,0.266,238.43,6.0,5.9,0.0,15.0
03/09/2026,23:28:00,1.55,0.322,239.37,6.41,7.8,1.4,6.4
03/09/2026,23:29:00,1.471,0.248,239.19,6.41,9.0,3.2,8.6
03/09/2026,23:30:00,1.457,0.257,239.41,6.12,9.4,0.0,8.5
03/09/2026,23:31:00,1.375,0.246,238.14,5.84,9.8,0.8,7.5
03/09/2026,23:32:00,1.284,0.295,239.11,5.36,5.7,0.0,8.3
03/09/2026,23:33:00,1.38,0.315,237.82,5.92,8.0,2.1,8.0
03/09/2026,23:34:00,1.487,0.297,238.37,6.48,4.7,2.3,6.9
03/09/2026,23:35:00,1.262,0.271,238.44,4.92,5.8,0.6,12.9
03/09/2026,23:36:00,1.294,0.241,238.17,5.59,6.9,0.9,8.8
03/09/2026,23:37:00,1.382,0.315,238.32,6.03,9.5,0.0,10.9
03/09/2026,23:38:00,1.287,0.261,238.23,5.48,8.2,0.0,11.0
03/09/2026,23:39:00,1.296,0.277,237.89,5.35,7.1,0.4,12.0
03/09/2026,23:40:00,1.32,0.256,239.18,5.35,7.9,0.5,6.6
03/09/2026,23:41:00,1.239,0.242,238.45,5.55,8.0,0.9,11.5
03/09/2026,23:42:00,1.264,0.293,238.73,5.16,7.6,0.0,8.5
03/09/2026,23:43:00,1.392,0.281,238.7,6.06,5.7,0.0,13.1
03/09/2026,23:44:00,1.226,0.283,238.63,5.19,4.8,0.0,9.8
03/09/2026,23:45:00,1.197,0.25,238.66,5.32,6.3,0.9,6.0
03/09/2026,23:46:00,1.268,0.231,238.38,5.27,5.1,1.6,11.3
03/09/2026,23:47:00,1.372,0.25,239.59,5.48,7.8,0.0,11.0
03/09/2026,23:48:00,1.292,0.258,239.13,5.4,9.6,0.4,5.6
03/09/2026,23:49:00,1.265,0.236,238.62,5.08,7.6,0.0,10.0
03/09/2026,23:50:00,1.3,0.228,238.3,5.86,2.8,3.4,11.9
03/09/2026,23:51:00,1.151,0.268,238.53,4.92,5.1,0.3,9.4
03/09/2026,23:52:00,1.325,0.245,238.91,5.66,6.4,0.2,6.1
03/09/2026,23:53:00,1.311,0.261,239.67,5.59,3.4,0.0,10.5
03/09/2026,23:54:00,1.242,0.256,237.66,5.12,6.3,0.0,9.7
03/09/2026,23:55:00,1.35,0.247,239.09,5.63,7.1,1.6,7.7
03/09/2026,23:56:00,1.174,0.277,239.42,4.92,8.9,0.5,7.1
03/09/2026,23:57:00,1.349,0.234,237.59,5.97,9.7,0.3,9.5
03/09/2026,23:58:00,1.266,0.258,238.51,5.14,3.6,1.0,6.1
03/09/2026,23:59:00,1.222,0.253,237.89,5.03,5.7,0.0,8.5
04/09/2026,00:00:00,0.878,0.204,238.94,3.62,2.2,3.1,8.0
04/09/2026,00:01:00,0.871,0.172,238.39,3.55,1.0,,8.7
04/09/2026,00:02:00,0.978,0.239,238.56,3.88,2.6,3.1,4.2
04/09/2026,00:03:00,0.794,0.214,238.36,2.92,2.2,0.8,1.9
04/09/2026,00:04:00,0.819,0.181,239.16,3.15,3.6,0.3,3.8
04/09/2026,00:05:00,0.963,0.233,238.82,4.2,5.1,1.7,7.2
04/09/2026,00:06:00,0.832,0.209,238.83,3.48,2.7,0.3,3.8
04/09/2026,00:07:00,0.952,0.182,238.78,4.11,1.4,2.0,7.8
04/09/2026,00:08:00,1.016,0.201,239.07,4.16,0.3,1.2,3.8
04/09/2026,00:09:00,0.848,0.23,238.49,3.54,6.5,1.7,4.2
04/09/2026,00:10:00,0.935,0.22,239.87,4.14,4.2,2.2,5.0
04/09/2026,00:11:00,0.788,0.18,237.82,3.55,3.2,0.6,7.5
04/09/2026,00:12:00,0.94,0.191,237.48,4.1,2.1,2.1,1.9
04/09/2026,00:13:00,0.896,0.195,237.43,3.8,5.6,1.5,6.0
04/09/2026,00:14:00,0.918,0.199,237.24,3.95,2.1,2.5,6.0
04/09/2026,00:15:00,0.828,0.178,239.17,3.52,0.0,0.3,3.2
04/09/2026,00:16:00,0.747,0.146,239.09,3.1,2.9,2.6,6.2
04/09/2026,00:17:00,0.92,0.239,239.55,3.78,0.0,0.0,5.0
04/09/2026,00:18:00,0.715,0.21,237.97,3.17,2.9,0.0,2.9
04/09/2026,00:19:00,0.855,0.171,239.24,3.38,5.1,0.0,5.2
04/09/2026,00:20:00,0.955,0.218,238.76,4.22,0.0,0.4,3.1
04/09/2026,00:21:00,0.895,0.185,238.84,3.71,0.6,1.1,4.0
04/09/2026,00:22:00,1.036,0.218,239.17,4.13,4.1,0.8,7.3
04/09/2026,00:23:00,0.962,0.207,238.2,3.96,1.4,1.8,4.7
04/09/2026,00:24:00,0.828,0.189,240.55,3.31,3.2,0.0,7.3
04/09/2026,00:25:00,0.882,0.256,239.68,3.59,3.2,3.0,5.1
04/09/2026,00:26:00,0.876,0.194,238.38,3.59,4.2,2.5,3.3
04/09/2026,00:27:00,0.753,0.17,237.99,3.07,1.1,2.0,6.5
04/09/2026,00:28:00,0.805,0.178,238.7,3.33,0.0,2.4,6.6
04/09/2026,00:29:00,0.835,0.226,238.89,3.49,3.2,0.0,2.7
04/09/2026,00:30:00,0.717,0.145,239.51,3.11,0.0,1.7,7.9
04/09/2026,00:31:00,0.884,0.187,237.95,3.68,4.3,1.8,8.7
04/09/2026,00:32:00,0.86,0.239,238.98,3.65,2.3,2.1,6.8
04/09/2026,00:33:00,0.746,0.196,237.71,3.14,1.8,1.9,5.6
04/09/2026,00:34:00,0.912,0.214,239.09,3.9,3.8,1.4,9.8
04/09/2026,00:35:00,0.937,0.266,238.71,3.93,0.0,1.3,6.6
04/09/2026,00:36:00,0.898,0.214,240.15,3.64,2.0,2.4,5.8
04/09/2026,00:37:00,0.854,0.185,237.72,3.46,3.3,0.0,9.1
04/09/2026,00:38:00,0.927,0.204,239.76,3.9,2.9,1.3,8.9
04/09/2026,00:39:00,0.934,0.184,237.62,4.12,1.4,0.1,2.2
04/09/2026,00:40:00,0.905,0.24,237.89,3.77,1.4,0.6,4.3
04/09/2026,00:41:00,0.814,0.212,237.65,3.32,5.5,0.0,6.7
04/09/2026,00:42:00,0.902,0.236,239.0,3.74,4.2,0.0,8.1
04/09/2026,00:43:00,0.976,0.247,238.01,4.02,1.1,0.2,2.8
04/09/2026,00:44:00,0.832,0.19,237.89,3.4,5.1,0.2,7.4
04/09/2026,00:45:00,1.048,0.202,238.98,4.17,3.9,0.4,4.5
04/09/2026,00:46:00,0.838,0.199,239.16,3.47,3.4,0.0,7.0
04/09/2026,00:47:00,0.883,0.184,238.88,3.73,3.5,0.4,4.2
04/09/2026,00:48:00,0.826,0.203,238.74,3.3,0.1,2.2,0.3
04/09/2026,00:49:00,0.898,0.236,240.14,3.61,5.4,0.4,1.5
04/09/2026,00:50:00,0.741,0.185,238.97,2.96,4.3,2.5,2.9
04/09/2026,00:51:00,0.836,0.204,239.44,3.29,2.9,2.4,4.1
04/09/2026,00:52:00,0.793,0.193,238.98,3.17,2.9,0.0,5.4
04/09/2026,00:53:00,0.891,0.227,238.12,3.71,2.2,1.5,4.3
04/09/2026,00:54:00,0.96,0.198,239.28,3.81,1.3,0.0,5.3
04/09/2026,00:55:00,0.932,0.157,238.44,3.89,3.5,0.0,4.3
04/09/2026,00:56:00,0.69,0.195,238.84,2.79,0.8,0.9,5.4
04/09/2026,00:57:00,1.044,0.25,239.12,4.22,2.7,1.5,7.4
04/09/2026,00:58:00,0.904,0.22,237.55,3.86,2.6,2.9,5.4
04/09/2026,00:59:00,0.818,0.182,237.79,3.34,3.2,0.6,6.6
04/09/2026,01:00:00,0.893,0.179,239.56,3.66,4.3,1.0,7.0
04/09/2026,01:01:00,0.894,0.22,238.47,3.94,3.2,0.9,5.1
04/09/2026,01:02:00,0.827,0.203,238.5,3.33,3.8,3.1,1.5
04/09/2026,01:03:00,0.896,0.204,239.06,3.98,0.0,2.5,6.0
04/09/2026,01:04:00,0.832,0.245,238.68,3.43,3.3,1.3,3.9
04/09/2026,01:05:00,0.848,0.178,239.25,3.37,2.6,1.8,7.3
04/09/2026,01:06:00,0.825,0.243,238.92,3.37,3.1,1.3,8.4
04/09/2026,01:07:00,0.766,0.193,239.11,3.21,1.3,2.2,4.8
04/09/2026,01:08:00,0.892,0.161,238.48,3.93,4.7,1.9,5.8
04/09/2026,01:09:00,0.927,0.207,239.11,4.0,2.9,0.4,6.9
04/09/2026,01:10:00,0.921,0.235,239.76,3.85,0.9,0.9,3.6
04/09/2026,01:11:00,0.946,0.204,238.59,4.15,1.3,1.0,5.4
04/09/2026,01:12:00,0.906,0.172,239.64,3.5,4.2,1.0,2.0
04/09/2026,01:13:00,0.838,0.196,238.97,3.54,2.2,0.1,7.7
04/09/2026,01:14:00,0.947,0.192,239.52,4.0,2.4,1.2,9.1
04/09/2026,01:15:00,0.772,0.205,239.11,3.28,2.0,0.1,5.6
04/09/2026,01:16:00,0.808,0.216,239.0,3.14,4.4,0.0,3.7
04/09/2026,01:17:00,0.803,0.17,239.27,3.2,3.4,0.6,6.0
04/09/2026,01:18:00,0.967,0.198,239.88,4.01,0.0,1.2,2.6
04/09/2026,01:19:00,0.956,0.234,239.21,4.16,0.5,2.4,4.4
04/09/2026,01:20:00,0.919,0.189,239.38,4.13,2.4,1.7,4.5
04/09/2026,01:21:00,0.966,0.189,238.8,3.95,1.1,2.2,4.3
04/09/2026,01:22:00,0.81,0.168,240.16,3.18,0.0,3.1,5.9
04/09/2026,01:23:00,0.908,0.218,239.51,3.91,0.9,0.0,6.4
04/09/2026,01:24:00,0.87,0.212,239.13,4.03,1.9,1.7,5.4
04/09/2026,01:25:00,0.948,0.197,238.99,4.13,1.6,1.8,7.4
04/09/2026,01:26:00,0.871,0.205,239.77,3.52,3.8,1.1,6.3
04/09/2026,01:27:00,0.85,0.24,238.67,3.99,0.0,2.0,4.3
04/09/2026,01:28:00,0.924,0.187,237.85,3.99,0.9,0.9,5.2
04/09/2026,01:29:00,0.951,0.165,239.16,3.86,4.0,1.7,5.2
04/09/2026,01:30:00,0.827,0.211,239.95,3.74,1.1,0.0,4.6
04/09/2026,01:31:00,0.876,0.202,240.23,3.51,0.0,0.8,6.5
04/09/2026,01:32:00,0.796,0.178,239.05,3.24,1.0,1.7,0.7
04/09/2026,01:33:00,0.681,0.198,239.16,2.96,3.3,2.1,5.5
04/09/2026,01:34:00,0.897,0.229,239.5,3.74,1.9,0.0,6.1
04/09/2026,01:35:00,0.929,0.156,238.96,3.89,1.0,0.7,6.7
04/09/2026,01:36:00,0.902,0.192,239.52,3.77,3.4,0.0,7.8
04/09/2026,01:37:00,0.725,0.245,239.1,3.2,3.2,0.3,5.1
04/09/2026,01:38:00,0.853,0.217,239.88,3.21,0.0,1.2,7.2
04/09/2026,01:39:00,0.703,0.201,239.68,2.98,2.6,2.1,6.7
04/09/2026,01:40:00,0.99,0.248,239.75,4.09,0.0,2.0,6.0
04/09/2026,01:41:00,0.794,0.196,239.04,3.21,4.8,1.1,2.3
04/09/2026,01:42:00,0.981,0.238,240.54,3.97,4.9,0.0,7.8
04/09/2026,01:43:00,0.957,0.233,239.54,3.6,1.8,0.6,5.6
04/09/2026,01:44:00,0.809,0.211,239.38,3.26,4.5,4.1,4.8
04/09/2026,01:45:00,0.79,0.187,238.68,3.5,0.9,0.0,2.9
04/09/2026,01:46:00,0.909,0.213,239.16,3.93,2.1,0.0,0.0
04/09/2026,01:47:00,0.814,0.183,239.31,3.37,1.2,1.0,9.6
04/09/2026,01:48:00,0.889,0.207,238.69,3.51,2.4,1.7,6.1
04/09/2026,01:49:00,0.843,0.172,239.04,3.65,2.6,1.9,3.0
04/09/2026,01:50:00,0.739,0.169,239.14,3.29,2.4,1.2,2.6
04/09/2026,01:51:00,0.703,0.177,239.3,3.09,2.2,0.0,4.8
04/09/2026,01:52:00,0.899,0.184,238.03,3.63,2.7,0.5,7.2
04/09/2026,01:53:00,0.836,0.188,239.18,3.37,4.9,0.0,6.8
04/09/2026,01:54:00,0.837,0.196,239.02,3.75,0.0,1.3,6.9
04/09/2026,01:55:00,0.937,0.223,239.27,3.73,6.3,1.4,3.4
04/09/2026,01:56:00,0.975,0.241,240.02,4.14,1.7,0.6,5.0
04/09/2026,01:57:00,0.86,0.192,240.74,3.3,2.3,0.0,5.7
04/09/2026,01:58:00,0.854,0.236,239.79,3.52,5.1,0.0,5.3
04/09/2026,01:59:00,0.922,0.234,238.45,3.95,3.6,0.0,6.6
04/09/2026,02:00:00,0.773,0.205,239.08,3.23,3.5,0.7,8.9
04/09/2026,02:01:00,0.9,0.212,239.75,3.83,4.9,4.9,5.9
04/09/2026,02:02:00,0.926,0.219,239.68,3.68,2.1,0.7,4.1
04/09/2026,02:03:00,0.936,0.242,240.04,3.78,4.3,0.3,2.2
04/09/2026,02:04:00,0.727,0.218,239.29,3.11,0.0,1.1,5.8
04/09/2026,02:05:00,0.821,0.232,239.11,3.54,3.3,0.0,3.9
04/09/2026,02:06:00,0.812,0.198,240.6,3.41,3.6,0.0,6.3
04/09/2026,02:07:00,0.89,0.221,239.42,3.86,4.7,0.0,6.2
04/09/2026,02:08:00,0.921,0.244,238.67,3.61,3.9,2.0,8.8
04/09/2026,02:09:00,1.002,0.205,240.43,4.1,2.8,1.2,5.9
04/09/2026,02:10:00,0.843,0.193,238.35,3.81,1.8,0.6,6.4
04/09/2026,02:11:00,0.843,0.202,236.96,3.75,1.8,1.8,4.0
04/09/2026,02:12:00,0.975,0.239,239.96,4.16,1.8,3.0,2.2
04/09/2026,02:13:00,0.906,0.232,240.06,3.75,0.0,1.8,7.8
04/09/2026,02:14:00,0.984,0.212,239.72,4.26,5.9,0.0,8.1
04/09/2026,02:15:00,0.906,0.171,238.53,3.86,4.4,0.0,4.7
04/09/2026,02:16:00,0.79,0.201,239.41,3.07,3.0,0.0,1.1
04/09/2026,02:17:00,0.776,0.17,239.26,3.39,4.1,1.9,8.4
04/09/2026,02:18:00,0.759,0.154,239.09,3.04,4.0,0.0,8.0
04/09/2026,02:19:00,0.936,0.181,240.46,4.01,0.5,1.9,5.1
04/09/2026,02:20:00,0.978,0.226,238.75,3.86,3.7,0.2,7.8
04/09/2026,02:21:00,1.031,0.258,239.71,4.54,5.0,1.3,5.3
04/09/2026,02:22:00,0.951,0.215,240.33,3.92,1.1,1.7,5.9
04/09/2026,02:23:00,0.977,0.222,239.77,3.91,0.0,0.0,1.8
04/09/2026,02:24:00,0.837,0.23,240.38,3.38,0.1,1.9,8.1
04/09/2026,02:25:00,0.791,0.156,239.91,3.25,2.3,0.0,1.5
04/09/2026,02:26:00,0.952,0.227,239.83,3.97,0.0,0.0,9.2
04/09/2026,02:27:00,0.918,0.21,239.79,4.02,2.1,1.9,9.4
04/09/2026,02:28:00,0.893,0.221,239.97,3.73,1.2,1.6,0.0
04/09/2026,02:29:00,0.915,0.198,239.28,3.5,2.5,1.4,8.8
04/09/2026,02:30:00,0.91,0.189,238.65,3.63,1.5,0.0,4.9
04/09/2026,02:31:00,0.987,0.222,240.23,4.52,2.4,0.3,6.3
04/09/2026,02:32:00,0.988,0.26,240.39,4.13,3.7,1.7,2.3
04/09/2026,02:33:00,0.929,0.233,239.76,4.02,0.6,3.8,4.7
04/09/2026,02:34:00,0.953,0.202,239.21,3.94,3.0,3.2,2.8
04/09/2026,02:35:00,0.926,0.178,238.51,3.73,0.8,0.2,3.7
04/09/2026,02:36:00,0.849,0.16,239.67,3.47,2.5,0.0,8.1
04/09/2026,02:37:00,0.946,0.246,238.67,3.98,2.3,3.0,7.6
04/09/2026,02:38:00,0.774,0.169,238.58,3.18,3.2,1.6,7.2
04/09/2026,02:39:00,0.97,0.208,239.62,4.34,2.9,0.2,4.2
04/09/2026,02:40:00,0.791,0.228,239.1,3.21,5.0,1.0,3.9
04/09/2026,02:41:00,0.909,0.169,239.89,3.63,2.5,0.0,1.8
04/09/2026,02:42:00,0.819,0.236,239.54,3.54,1.3,2.1,6.9
04/09/2026,02:43:00,0.931,0.205,239.24,4.03,4.4,2.6,9.7
04/09/2026,02:44:00,0.884,0.177,238.48,3.71,3.2,2.8,8.6
04/09/2026,02:45:00,0.76,0.185,239.08,3.09,4.3,2.3,5.5
04/09/2026,02:46:00,0.921,0.192,239.12,3.57,2.3,0.4,6.5
04/09/2026,02:47:00,0.841,0.212,238.84,3.71,0.0,2.0,5.9
04/09/2026,02:48:00,0.958,0.199,239.47,4.13,7.0,2.7,7.4
04/09/2026,02:49:00,0.888,0.159,238.91,3.65,1.3,2.0,9.2
04/09/2026,02:50:00,0.92,0.205,239.6,3.85,0.2,1.9,4.1
04/09/2026,02:51:00,0.812,0.164,239.9,3.35,4.0,1.0,4.2
04/09/2026,02:52:00,0.842,0.206,239.16,3.76,0.7,0.0,4.8
04/09/2026,02:53:00,0.853,0.173,240.04,3.4,1.8,3.2,5.3
04/09/2026,02:54:00,0.958,0.203,238.8,3.92,2.8,0.8,7.0
04/09/2026,02:55:00,1.024,0.227,238.98,4.18,2.3,2.4,5.3
04/09/2026,02:56:00,0.826,0.194,239.69,3.49,1.8,4.0,3.5
04/09/2026,02:57:00,0.977,0.223,240.26,4.07,5.7,2.0,3.6
04/09/2026,02:58:00,0.717,0.203,240.39,3.01,2.3,2.3,2.8
04/09/2026,02:59:00,0.795,0.167,240.92,3.17,0.8,0.0,5.2
04/09/2026,03:00:00,0.815,0.196,239.54,3.62,4.5,0.0,7.7
04/09/2026,03:01:00,0.783,0.111,239.72,3.2,1.1,2.4,6.3
04/09/2026,03:02:00,0.765,0.198,239.1,3.38,2.4,0.1,6.6
04/09/2026,03:03:00,0.925,0.204,238.95,4.34,0.8,0.0,3.0
04/09/2026,03:04:00,0.876,0.18,239.99,3.52,3.0,0.0,2.8
04/09/2026,03:05:00,0.923,0.219,239.3,3.91,2.7,0.5,5.8
04/09/2026,03:06:00,0.949,0.243,240.71,3.92,2.6,0.5,8.1
04/09/2026,03:07:00,0.915,0.198,238.84,4.14,2.9,2.1,7.3
04/09/2026,03:08:00,0.947,0.19,240.21,3.9,4.3,0.0,3.9
04/09/2026,03:09:00,0.889,0.211,239.17,3.75,4.0,2.6,10.4
04/09/2026,03:10:00,0.8,0.163,239.31,3.38,0.6,0.0,0.9
04/09/2026,03:11:00,0.98,0.201,240.27,4.06,1.3,0.0,5.5
04/09/2026,03:12:00,0.849,0.232,239.43,3.66,4.5,1.0,5.6
04/09/2026,03:13:00,0.821,0.2,239.55,3.44,1.1,0.9,4.9
04/09/2026,03:14:00,0.883,0.159,239.35,3.76,3.7,1.6,6.6
04/09/2026,03:15:00,0.824,0.154,241.18,3.45,4.4,0.0,5.0
04/09/2026,03:16:00,0.864,0.208,239.5,3.52,0.0,1.3,2.1
04/09/2026,03:17:00,0.926,0.233,239.98,3.82,1.9,0.0,5.2
04/09/2026,03:18:00,0.927,0.171,239.81,3.95,4.3,0.0,5.8
04/09/2026,03:19:00,0.827,0.211,240.11,3.53,2.4,3.2,7.4
04/09/2026,03:20:00,0.861,0.237,239.54,3.78,1.9,2.2,8.5
04/09/2026,03:21:00,0.986,0.266,239.84,4.39,4.4,0.8,3.5
04/09/2026,03:22:00,0.941,0.221,240.26,3.84,4.9,0.0,9.1
04/09/2026,03:23:00,1.067,0.241,239.39,4.48,1.4,0.2,4.5
04/09/2026,03:24:00,0.996,0.166,240.76,4.11,6.3,1.4,4.3
04/09/2026,03:25:00,0.994,0.272,240.84,3.96,0.0,0.2,4.5
04/09/2026,03:26:00,0.792,0.181,240.44,3.38,0.0,2.8,1.1
04/09/2026,03:27:00,0.965,0.192,240.07,4.14,1.9,1.6,4.5
04/09/2026,03:28:00,0.9,0.202,237.94,3.62,2.1,0.0,8.3
04/09/2026,03:29:00,0.861,0.241,240.34,3.53,2.2,0.0,6.5
04/09/2026,03:30:00,0.919,0.266,239.78,3.76,1.7,1.9,5.9
04/09/2026,03:31:00,0.982,0.221,239.89,3.87,1.4,1.9,6.2
04/09/2026,03:32:00,0.947,0.239,238.74,3.96,2.4,1.8,8.2
04/09/2026,03:33:00,0.838,0.202,240.42,3.31,1.7,3.0,3.5
04/09/2026,03:34:00,0.968,0.19,239.07,4.07,4.2,1.4,7.4
04/09/2026,03:35:00,0.858,0.24,240.18,3.61,2.9,0.9,5.5
04/09/2026,03:36:00,0.927,0.196,240.73,3.91,2.4,1.8,3.7
04/09/2026,03:37:00,0.887,0.245,239.78,3.76,2.7,2.4,6.4
04/09/2026,03:38:00,0.894,0.24,240.97,3.94,5.1,1.7,5.6
04/09/2026,03:39:00,0.974,0.232,239.6,3.94,1.9,0.8,3.6
04/09/2026,03:40:00,0.83,0.245,240.55,3.34,0.4,2.1,3.0
04/09/2026,03:41:00,1.07,0.284,239.23,4.57,1.0,0.9,4.4
04/09/2026,03:42:00,0.769,0.188,240.87,3.17,2.5,0.2,4.3
04/09/2026,03:43:00,0.868,0.184,240.77,3.77,3.9,1.0,8.1
04/09/2026,03:44:00,0.946,0.167,240.5,4.02,4.7,0.4,4.9
04/09/2026,03:45:00,0.964,0.272,239.9,4.31,6.3,0.7,4.6
04/09/2026,03:46:00,0.911,0.198,239.2,3.79,4.5,0.0,7.9
04/09/2026,03:47:00,0.915,0.238,239.92,3.59,1.3,2.1,8.4
04/09/2026,03:48:00,0.953,0.196,240.98,4.01,2.6,1.1,3.6
04/09/2026,03:49:00,0.903,0.247,240.3,3.75,0.0,1.7,2.7
04/09/2026,03:50:00,1.034,0.207,239.13,4.4,2.5,1.4,6.5
04/09/2026,03:51:00,0.991,0.189,239.44,4.24,1.9,0.0,4.9
04/09/2026,03:52:00,0.994,0.214,241.11,4.04,0.0,2.5,4.2
04/09/2026,03:53:00,0.848,0.189,240.58,3.38,7.3,0.5,7.7
04/09/2026,03:54:00,0.92,0.225,239.39,3.82,2.4,0.3,4.8
04/09/2026,03:55:00,0.904,0.207,239.02,3.42,0.0,1.1,9.6
04/09/2026,03:56:00,0.849,0.218,239.83,3.55,2.6,1.1,5.5
04/09/2026,03:57:00,0.959,0.208,238.98,3.95,6.5,4.2,5.8
04/09/2026,03:58:00,0.888,0.19,240.17,3.83,7.0,1.6,10.3
04/09/2026,03:59:00,0.985,0.204,242.01,3.77,3.4,0.2,6.1
04/09/2026,04:00:00,0.848,0.253,239.18,3.55,3.4,3.3,3.8
04/09/2026,04:01:00,1.073,0.234,240.18,4.7,5.7,0.0,3.2
04/09/2026,04:02:00,0.865,0.154,241.23,3.69,3.0,0.2,4.4
04/09/2026,04:03:00,0.955,0.202,240.85,4.11,4.2,0.1,5.9
04/09/2026,04:04:00,1.002,0.223,240.23,4.22,5.0,0.8,7.4
04/09/2026,04:05:00,0.895,0.254,240.24,3.48,1.2,1.3,2.1
04/09/2026,04:06:00,1.01,0.247,239.54,4.24,6.5,1.4,5.4
04/09/2026,04:07:00,0.845,0.178,240.17,3.58,1.6,1.3,8.2
04/09/2026,04:08:00,1.061,0.288,240.53,4.25,2.2,1.6,6.0
04/09/2026,04:09:00,0.947,0.213,241.15,3.91,3.6,0.7,8.4
04/09/2026,04:10:00,0.9,0.239,239.95,3.31,5.3,2.5,2.1
04/09/2026,04:11:00,0.925,0.182,240.26,3.8,4.8,0.0,4.9
04/09/2026,04:12:00,1.015,0.162,239.73,4.17,3.4,0.0,5.7
04/09/2026,04:13:00,0.905,0.173,240.56,3.97,4.1,1.8,6.6
04/09/2026,04:14:00,0.894,0.126,240.96,3.62,5.7,0.4,3.5
04/09/2026,04:15:00,0.938,0.265,240.86,3.85,3.6,3.0,6.3
04/09/2026,04:16:00,0.863,0.209,239.61,3.59,2.0,2.2,6.5
04/09/2026,04:17:00,1.104,0.209,240.54,4.5,2.4,1.6,5.2
04/09/2026,04:18:00,0.915,0.221,239.97,3.92,5.5,0.2,6.4
04/09/2026,04:19:00,1.029,0.228,241.16,3.97,2.1,1.7,6.1
04/09/2026,04:20:00,0.981,0.233,240.35,4.25,0.6,0.3,4.0
04/09/2026,04:21:00,0.887,0.237,239.4,3.7,3.1,0.9,5.1
04/09/2026,04:22:00,0.967,0.209,240.32,4.22,3.6,0.4,2.7
04/09/2026,04:23:00,1.032,0.202,240.8,3.87,5.5,1.1,2.1
04/09/2026,04:24:00,0.956,0.235,240.66,3.61,0.9,0.5,6.0
04/09/2026,04:25:00,1.069,0.248,240.14,4.41,4.6,2.1,1.2
04/09/2026,04:26:00,1.057,0.229,240.1,4.48,6.2,1.4,4.9
04/09/2026,04:27:00,1.051,0.281,239.82,4.3,2.3,0.1,6.3
04/09/2026,04:28:00,0.942,0.202,240.25,4.01,4.1,0.2,5.4
04/09/2026,04:29:00,0.895,0.185,239.93,3.88,0.0,0.0,10.2
04/09/2026,04:30:00,0.934,0.223,241.22,3.97,5.8,0.0,6.3
04/09/2026,04:31:00,1.001,0.203,239.92,4.19,5.7,2.0,4.8
04/09/2026,04:32:00,1.031,0.236,240.64,4.3,4.1,0.3,6.7
04/09/2026,04:33:00,0.816,0.177,240.6,3.3,1.5,0.0,2.5
04/09/2026,04:34:00,0.991,0.209,241.23,4.1,5.5,1.4,7.6
04/09/2026,04:35:00,1.007,0.268,241.34,4.02,3.7,0.0,4.3
04/09/2026,04:36:00,0.974,0.207,241.07,3.92,0.0,0.7,7.8
04/09/2026,04:37:00,1.102,0.212,240.84,4.65,5.8,0.0,6.3
04/09/2026,04:38:00,1.035,0.253,239.87,4.24,6.6,1.7,6.8
04/09/2026,04:39:00,1.108,0.207,239.86,4.51,7.0,0.9,4.2
04/09/2026,04:40:00,0.989,0.201,240.02,4.19,1.8,1.5,2.9
04/09/2026,04:41:00,1.083,0.244,241.15,4.55,0.6,0.3,2.8
04/09/2026,04:42:00,1.142,0.26,240.68,4.71,3.6,1.1,1.6
04/09/2026,04:43:00,1.118,0.265,241.25,4.61,5.5,0.0,4.6
04/09/2026,04:44:00,0.929,0.193,241.35,3.91,2.7,3.8,4.1
04/09/2026,04:45:00,0.998,0.235,240.15,4.3,1.4,1.4,7.6
04/09/2026,04:46:00,0.994,0.208,240.68,4.16,6.1,3.0,3.1
04/09/2026,04:47:00,1.063,0.212,240.66,4.24,4.0,0.5,10.2
04/09/2026,04:48:00,1.081,0.26,240.45,4.46,6.0,0.0,3.2
04/09/2026,04:49:00,0.962,0.202,240.31,3.94,4.8,0.2,3.4
04/09/2026,04:50:00,1.038,0.231,241.52,4.14,4.5,0.8,2.1
04/09/2026,04:51:00,0.873,0.209,240.73,3.7,4.7,0.7,5.4
04/09/2026,04:52:00,1.153,0.212,240.71,4.88,4.2,3.2,4.7
04/09/2026,04:53:00,1.0,0.244,240.15,4.27,4.0,0.0,5.2
04/09/2026,04:54:00,1.048,0.24,241.19,4.2,2.8,0.0,6.3
04/09/2026,04:55:00,1.022,0.173,240.02,4.28,6.0,1.8,7.6
04/09/2026,04:56:00,1.141,0.244,241.05,4.73,7.6,0.0,2.8
04/09/2026,04:57:00,0.826,0.18,241.08,3.47,4.1,0.8,5.4
04/09/2026,04:58:00,1.054,0.254,240.46,4.4,8.9,1.0,7.3
04/09/2026,04:59:00,1.05,0.19,240.98,4.36,6.0,1.4,3.0
04/09/2026,05:00:00,1.026,0.214,240.89,4.24,5.8,1.3,11.5
04/09/2026,05:01:00,1.203,0.253,240.74,5.16,6.6,3.4,10.6
04/09/2026,05:02:00,0.997,0.221,240.79,4.01,7.3,0.0,5.2
04/09/2026,05:03:00,1.133,0.255,240.83,4.68,4.5,0.0,3.0
04/09/2026,05:04:00,1.103,0.194,240.88,4.74,6.6,1.6,3.2
04/09/2026,05:05:00,1.179,0.283,240.84,4.77,7.6,1.1,5.9
04/09/2026,05:06:00,1.028,0.237,240.03,4.17,4.8,1.3,6.8
04/09/2026,05:07:00,1.026,0.257,240.71,4.37,5.6,0.0,1.3
04/09/2026,05:08:00,1.176,0.263,241.01,4.67,4.1,3.7,3.3
04/09/2026,05:09:00,1.126,0.235,240.9,4.77,4.7,1.4,5.7
04/09/2026,05:10:00,0.972,0.185,241.5,3.95,5.1,0.0,2.3
04/09/2026,05:11:00,1.056,0.213,241.27,4.44,4.0,1.6,4.7
04/09/2026,05:12:00,1.134,0.276,240.24,4.54,5.8,0.0,6.3
04/09/2026,05:13:00,1.173,0.275,240.74,5.05,6.6,2.0,5.0
04/09/2026,05:14:00,1.056,0.211,240.64,4.2,6.9,0.0,3.8
04/09/2026,05:15:00,0.881,0.135,240.87,3.77,4.5,2.1,5.6
04/09/2026,05:16:00,1.16,0.234,240.87,4.64,4.9,0.0,6.5
04/09/2026,05:17:00,1.024,0.216,241.31,4.51,7.9,0.0,3.4
04/09/2026,05:18:00,0.964,0.209,241.01,3.99,5.0,1.0,6.2
04/09/2026,05:19:00,0.903,0.222,241.76,4.03,8.0,0.1,6.1
04/09/2026,05:20:00,1.198,0.266,241.07,4.85,4.9,0.1,6.5
04/09/2026,05:21:00,1.147,0.262,240.33,4.71,7.2,0.0,6.0
04/09/2026,05:22:00,1.123,0.246,240.59,4.85,8.0,0.4,5.7
04/09/2026,05:23:00,1.256,0.206,241.34,4.99,1.3,2.0,5.1
04/09/2026,05:24:00,1.2,0.235,239.8,4.9,8.4,3.3,4.7
04/09/2026,05:25:00,1.283,0.312,239.99,5.42,9.3,1.9,7.0
04/09/2026,05:26:00,1.046,0.235,240.95,4.19,6.1,1.7,5.2
04/09/2026,05:27:00,1.159,0.248,241.61,4.87,7.5,0.0,6.6
04/09/2026,05:28:00,1.037,0.233,241.87,4.31,5.2,0.8,6.5
04/09/2026,05:29:00,1.152,0.249,240.81,4.56,7.7,0.0,3.3
04/09/2026,05:30:00,1.154,0.179,241.71,4.92,11.9,0.0,4.7
04/09/2026,05:31:00,1.229,0.241,241.02,4.91,2.7,0.0,5.3
04/09/2026,05:32:00,1.187,0.241,239.91,5.06,6.1,1.7,5.6
04/09/2026,05:33:00,1.237,0.281,240.98,5.15,8.8,0.1,6.3
04/09/2026,05:34:00,1.248,0.251,240.56,5.12,9.8,0.0,5.8
04/09/2026,05:35:00,1.369,0.223,241.64,5.5,4.6,0.0,5.5
04/09/2026,05:36:00,1.176,0.252,240.99,4.93,6.1,1.2,4.4
04/09/2026,05:37:00,1.13,0.216,240.12,4.58,6.3,0.0,7.7
04/09/2026,05:38:00,1.23,0.217,239.97,5.31,6.3,0.0,6.2
04/09/2026,05:39:00,1.15,0.217,241.01,4.96,7.4,0.0,5.2
04/09/2026,05:40:00,1.338,0.274,239.34,5.84,4.8,2.0,4.5
04/09/2026,05:41:00,1.201,0.276,240.67,5.03,7.3,0.0,6.0
04/09/2026,05:42:00,1.183,0.254,241.2,4.85,6.0,0.5,5.5
04/09/2026,05:43:00,1.196,0.259,240.31,4.93,7.8,0.7,2.0
04/09/2026,05:44:00,1.296,0.267,241.75,5.3,6.6,0.0,3.2
04/09/2026,05:45:00,1.23,0.25,241.89,5.12,7.7,0.0,8.3
04/09/2026,05:46:00,1.196,0.261,240.35,5.04,6.1,2.2,6.2
04/09/2026,05:47:00,1.386,0.206,240.86,5.94,10.1,2.2,4.0
04/09/2026,05:48:00,1.189,0.245,241.77,4.92,7.6,1.0,4.6
04/09/2026,05:49:00,1.265,0.226,241.08,5.04,8.4,0.2,3.5
04/09/2026,05:50:00,1.319,0.287,240.11,5.43,8.1,1.0,4.2
04/09/2026,05:51:00,1.142,0.233,240.99,4.97,8.5,1.4,7.7
04/09/2026,05:52:00,1.316,0.259,240.5,5.24,8.6,0.8,5.0
04/09/2026,05:53:00,1.198,0.206,241.88,5.06,10.3,1.5,7.2
04/09/2026,05:54:00,1.353,0.288,241.54,5.54,8.2,0.4,9.0
04/09/2026,05:55:00,1.215,0.262,240.9,4.91,7.4,0.0,4.5
04/09/2026,05:56:00,1.353,0.276,241.22,5.67,9.0,0.7,2.6
04/09/2026,05:57:00,1.391,0.247,240.21,6.02,7.7,1.8,6.4
04/09/2026,05:58:00,1.377,0.246,240.61,5.77,8.9,1.0,3.6
04/09/2026,05:59:00,1.333,0.266,242.23,5.46,7.0,1.4,5.4
04/09/2026,06:00:00,1.3,0.239,241.18,5.19,11.3,0.6,5.8
04/09/2026,06:01:00,1.277,0.264,241.8,5.27,7.7,0.7,9.5
04/09/2026,06:02:00,1.446,0.22,241.32,5.79,11.8,1.2,6.1
04/09/2026,06:03:00,1.278,0.241,242.08,5.23,9.3,3.5,4.4
04/09/2026,06:04:00,1.256,0.296,239.77,5.23,11.2,2.0,6.8
04/09/2026,06:05:00,1.397,0.279,241.04,5.44,8.1,1.9,7.2
04/09/2026,06:06:00,1.286,0.258,242.33,5.51,5.7,1.2,8.1
04/09/2026,06:07:00,1.279,0.303,241.85,5.1,6.5,0.0,3.4
04/09/2026,06:08:00,1.245,0.191,242.11,5.11,14.8,2.5,8.2
04/09/2026,06:09:00,1.327,0.239,241.19,5.58,8.7,2.1,10.4
04/09/2026,06:10:00,1.364,0.254,240.82,5.86,12.2,1.4,8.2
04/09/2026,06:11:00,1.396,0.289,240.48,5.69,7.5,0.9,8.6
04/09/2026,06:12:00,1.458,0.297,240.44,5.69,10.5,1.7,4.4
04/09/2026,06:13:00,1.429,0.25,241.78,6.07,10.9,0.7,9.1
04/09/2026,06:14:00,1.377,0.29,241.58,5.51,16.0,1.9,4.4
04/09/2026,06:15:00,1.382,0.256,241.17,5.78,9.8,0.0,5.3
04/09/2026,06:16:00,1.444,0.304,241.58,6.04,9.1,0.0,4.4
04/09/2026,06:17:00,1.511,0.255,241.33,5.77,11.3,0.0,4.1
04/09/2026,06:18:00,1.424,0.268,241.91,5.65,8.8,1.2,5.4
04/09/2026,06:19:00,1.382,0.254,241.91,5.64,11.5,0.6,2.9
04/09/2026,06:20:00,1.346,0.288,240.5,5.21,10.7,0.8,3.9
04/09/2026,06:21:00,1.315,0.245,241.44,5.25,9.4,0.0,3.3
04/09/2026,06:22:00,1.489,0.278,240.09,6.22,12.0,1.4,8.8
04/09/2026,06:23:00,1.488,0.291,241.35,6.15,11.3,0.0,9.0
04/09/2026,06:24:00,1.493,0.293,241.69,6.22,12.7,1.7,11.0
04/09/2026,06:25:00,1.442,0.295,240.35,6.07,14.5,0.0,5.3
04/09/2026,06:26:00,1.571,0.294,240.98,6.27,10.3,0.0,5.5
04/09/2026,06:27:00,1.425,0.261,241.28,5.71,10.6,0.0,7.1
04/09/2026,06:28:00,1.546,0.277,241.44,6.52,8.8,1.8,2.6
04/09/2026,06:29:00,1.471,0.277,241.09,6.33,12.6,0.4,3.2
04/09/2026,06:30:00,1.431,0.278,240.47,5.81,10.3,1.6,1.9
04/09/2026,06:31:00,1.533,0.28,241.26,6.39,12.4,2.5,7.2
04/09/2026,06:32:00,1.524,0.283,240.14,6.47,14.1,3.4,3.5
04/09/2026,06:33:00,1.525,0.245,241.14,6.36,10.5,1.4,7.6
04/09/2026,06:34:00,1.508,0.298,241.0,6.22,11.0,0.0,4.4
04/09/2026,06:35:00,1.504,0.285,241.22,6.14,14.0,2.7,5.4
04/09/2026,06:36:00,1.704,0.33,240.92,7.37,13.5,3.0,5.0
04/09/2026,06:37:00,1.613,0.294,240.26,6.73,13.4,1.0,5.8
04/09/2026,06:38:00,1.582,0.246,241.07,6.62,11.5,2.8,4.3
04/09/2026,06:39:00,1.538,0.276,241.98,6.41,9.4,1.5,7.7
04/09/2026,06:40:00,1.615,0.289,242.21,6.55,11.0,0.0,5.0
04/09/2026,06:41:00,1.581,0.308,243.04,6.51,10.5,0.3,6.2
04/09/2026,06:42:00,1.547,0.234,242.52,6.33,13.7,0.5,5.6
04/09/2026,06:43:00,1.526,0.284,240.5,6.3,13.2,0.6,3.2
04/09/2026,06:44:00,1.55,0.299,241.06,6.48,11.5,0.0,8.4
04/09/2026,06:45:00,1.308,0.24,241.33,5.28,11.9,0.0,4.0
04/09/2026,06:46:00,1.584,0.292,241.29,6.38,13.8,2.9,7.2
04/09/2026,06:47:00,1.533,0.268,241.4,6.43,12.3,0.0,7.0
04/09/2026,06:48:00,1.705,0.286,243.04,6.93,11.8,0.2,2.1
04/09/2026,06:49:00,1.584,0.28,240.61,6.53,17.0,2.0,5.0
04/09/2026,06:50:00,1.493,0.261,240.87,5.91,12.0,0.4,6.7
04/09/2026,06:51:00,1.589,0.308,242.52,6.7,14.6,1.7,4.8
04/09/2026,06:52:00,1.515,0.263,240.94,6.36,14.1,0.7,5.1
04/09/2026,06:53:00,1.641,0.274,241.65,6.9,10.3,1.8,5.9
04/09/2026,06:54:00,1.632,0.34,242.1,6.8,12.1,0.0,4.6
04/09/2026,06:55:00,1.69,0.327,241.72,6.77,15.1,0.0,6.2
04/09/2026,06:56:00,1.555,0.24,241.52,6.47,13.3,0.7,5.5
04/09/2026,06:57:00,1.626,0.276,242.05,6.63,10.7,0.0,5.0
04/09/2026,06:58:00,1.52,0.288,240.77,6.17,14.5,1.1,3.3
04/09/2026,06:59:00,1.69,0.311,241.05,7.09,12.6,0.0,6.3
04/09/2026,07:00:00,1.68,0.264,241.77,7.2,14.7,0.0,0.1
04/09/2026,07:01:00,1.685,0.331,239.95,7.25,19.3,3.2,6.0
04/09/2026,07:02:00,1.652,0.319,242.4,6.91,14.7,1.6,5.5
04/09/2026,07:03:00,1.691,0.315,241.62,6.99,15.3,0.0,3.7
04/09/2026,07:04:00,1.793,0.349,241.52,7.39,13.6,1.2,2.5
04/09/2026,07:05:00,1.648,0.309,240.27,6.72,11.9,1.1,6.5
04/09/2026,07:06:00,1.688,0.314,240.52,6.98,16.3,0.0,5.0
04/09/2026,07:07:00,1.596,0.33,241.14,6.76,13.1,1.8,5.9
04/09/2026,07:08:00,1.62,0.322,241.99,6.97,13.9,2.5,1.6
04/09/2026,07:09:00,1.703,0.283,239.97,6.98,18.0,0.8,6.7
04/09/2026,07:10:00,1.79,0.331,241.98,7.1,13.8,0.9,7.7
04/09/2026,07:11:00,1.687,0.286,241.18,6.92,16.9,0.6,5.4
04/09/2026,07:12:00,1.695,0.316,241.28,7.16,15.3,1.8,3.8
04/09/2026,07:13:00,1.687,0.314,241.61,7.29,13.5,1.0,6.7
04/09/2026,07:14:00,1.683,0.267,241.62,7.16,15.4,1.1,5.2
04/09/2026,07:15:00,1.755,0.308,240.94,7.48,13.3,0.3,7.7
04/09/2026,07:16:00,1.618,0.301,241.88,6.56,16.6,4.0,5.9
04/09/2026,07:17:00,1.846,0.311,239.82,7.57,17.3,1.1,1.2
04/09/2026,07:18:00,1.696,0.311,241.13,6.83,15.0,2.3,0.7
04/09/2026,07:19:00,1.812,0.338,241.56,7.4,17.6,1.8,4.4
04/09/2026,07:20:00,1.659,0.298,241.21,7.01,15.3,0.0,6.9
04/09/2026,07:21:00,1.82,0.324,240.17,7.82,16.9,1.0,4.9
04/09/2026,07:22:00,1.825,0.354,241.98,7.59,21.0,0.0,7.1
04/09/2026,07:23:00,1.808,0.329,240.58,7.48,20.1,2.7,4.6
04/09/2026,07:24:00,1.703,0.309,241.41,6.89,14.8,0.0,10.6
04/09/2026,07:25:00,1.808,0.293,241.57,7.47,15.8,2.1,5.7
04/09/2026,07:26:00,1.699,0.321,241.48,7.06,13.2,2.8,6.7
04/09/2026,07:27:00,1.778,0.322,242.28,7.12,16.9,1.9,4.0
04/09/2026,07:28:00,1.886,0.358,241.43,7.95,16.1,1.5,5.2
04/09/2026,07:29:00,1.873,0.326,241.77,7.68,13.8,1.0,7.3
04/09/2026,07:30:00,1.815,0.272,241.43,7.65,17.8,1.4,6.1
04/09/2026,07:31:00,1.741,0.266,241.9,7.2,14.9,0.0,0.1
04/09/2026,07:32:00,1.876,0.343,242.45,7.78,14.5,1.8,7.4
04/09/2026,07:33:00,1.831,0.305,241.57,7.47,16.3,2.9,7.6
04/09/2026,07:34:00,1.648,0.309,242.02,6.76,14.6,0.5,7.9
04/09/2026,07:35:00,1.902,0.331,242.5,7.94,15.5,1.6,8.8
04/09/2026,07:36:00,1.842,0.317,242.43,7.58,19.1,1.5,6.8
04/09/2026,07:37:00,1.945,0.331,241.21,7.9,14.4,2.0,11.7
04/09/2026,07:38:00,1.765,0.29,242.21,7.31,17.0,1.0,7.0
04/09/2026,07:39:00,1.604,0.292,241.66,6.69,14.5,0.0,1.4
04/09/2026,07:40:00,1.885,0.312,242.27,7.98,13.8,0.2,7.0
04/09/2026,07:41:00,1.89,0.317,241.88,7.99,15.6,0.0,9.0
04/09/2026,07:42:00,1.736,0.3,241.68,7.17,21.2,2.7,3.5
04/09/2026,07:43:00,1.797,0.31,241.79,7.35,17.4,2.2,6.0
04/09/2026,07:44:00,2.1,0.375,241.67,8.66,16.8,1.7,9.3
04/09/2026,07:45:00,1.86,0.32,241.7,7.62,14.8,0.8,5.4
04/09/2026,07:46:00,1.947,0.359,241.38,8.14,15.1,1.6,6.1
04/09/2026,07:47:00,1.84,0.359,241.31,7.78,12.9,1.7,8.4
04/09/2026,07:48:00,1.729,0.329,242.73,7.31,19.5,1.1,3.9
04/09/2026,07:49:00,1.887,0.34,241.83,7.74,16.5,1.2,6.7
04/09/2026,07:50:00,1.883,0.334,241.09,7.73,16.3,3.5,4.6
04/09/2026,07:51:00,1.876,0.347,241.3,7.71,16.4,0.2,6.2
04/09/2026,07:52:00,1.903,0.331,242.23,7.56,20.1,3.1,7.3
04/09/2026,07:53:00,1.937,0.357,240.98,7.86,16.6,0.0,9.2
04/09/2026,07:54:00,1.907,0.344,240.46,7.93,15.6,4.0,7.6
04/09/2026,07:55:00,1.822,0.31,240.51,7.63,19.6,0.0,5.7
04/09/2026,07:56:00,1.965,0.358,240.29,8.25,15.7,2.5,9.6
04/09/2026,07:57:00,1.774,0.315,240.59,7.26,12.6,1.1,8.3
04/09/2026,07:58:00,1.769,0.31,240.67,7.28,12.9,1.7,2.7
04/09/2026,07:59:00,1.995,0.328,242.47,8.19,15.6,1.8,8.8
04/09/2026,08:00:00,1.98,0.342,241.47,8.14,16.6,2.8,7.2
04/09/2026,08:01:00,1.938,0.357,241.24,8.14,17.6,0.0,7.0
04/09/2026,08:02:00,1.834,0.342,240.49,7.43,14.2,2.0,9.7
04/09/2026,08:03:00,1.892,0.336,241.4,7.67,15.5,2.3,6.7
04/09/2026,08:04:00,1.931,0.347,240.28,7.99,14.4,1.2,9.1
04/09/2026,08:05:00,1.827,0.351,241.24,7.37,18.2,1.9,10.0
04/09/2026,08:06:00,1.898,0.324,242.95,7.53,18.5,1.2,7.3
04/09/2026,08:07:00,2.013,0.314,241.96,8.09,19.9,2.8,8.2
04/09/2026,08:08:00,2.077,0.382,241.35,8.57,16.7,2.6,8.8
04/09/2026,08:09:00,1.932,0.319,241.99,8.08,19.7,2.4,8.3
04/09/2026,08:10:00,2.029,0.326,241.13,8.51,14.5,3.0,9.3
04/09/2026,08:11:00,1.818,0.273,240.94,7.78,16.4,3.8,5.0
04/09/2026,08:12:00,2.026,0.357,242.69,8.36,13.8,0.9,5.9
04/09/2026,08:13:00,1.911,0.289,240.7,7.98,17.0,5.1,4.6
04/09/2026,08:14:00,2.003,0.322,241.25,8.26,16.4,2.8,11.1
04/09/2026,08:15:00,1.96,0.35,241.71,8.08,10.9,1.6,3.7
04/09/2026,08:16:00,2.088,0.369,240.84,8.98,18.1,5.3,10.4
04/09/2026,08:17:00,1.915,0.313,241.95,7.95,17.5,1.8,8.5
04/09/2026,08:18:00,2.037,0.341,241.28,8.49,14.7,0.8,5.6
04/09/2026,08:19:00,1.966,0.314,241.96,7.95,16.3,1.7,4.7
04/09/2026,08:20:00,1.978,0.324,241.91,8.24,12.8,1.6,7.5
04/09/2026,08:21:00,1.978,0.344,241.33,8.29,14.2,3.8,7.1
04/09/2026,08:22:00,1.927,0.319,242.69,8.1,19.0,2.3,8.5
04/09/2026,08:23:00,1.995,0.333,241.03,8.37,13.3,2.6,2.8
04/09/2026,08:24:00,1.993,0.303,242.44,8.2,15.6,2.5,7.2
04/09/2026,08:25:00,2.019,0.371,242.31,8.31,12.8,4.0,5.8
04/09/2026,08:26:00,2.008,0.354,242.73,8.26,16.2,2.1,10.5
04/09/2026,08:27:00,2.066,0.368,241.61,8.57,16.7,2.3,8.6
04/09/2026,08:28:00,2.078,0.382,240.94,8.81,16.9,1.6,6.6
04/09/2026,08:29:00,1.921,0.31,242.94,8.07,16.4,2.0,10.9
04/09/2026,08:30:00,2.076,0.34,241.25,8.72,18.3,3.3,6.9
04/09/2026,08:31:00,1.913,0.282,240.92,8.24,14.3,3.6,7.6
04/09/2026,08:32:00,2.056,0.425,241.35,8.12,13.2,4.8,8.5
04/09/2026,08:33:00,2.06,0.343,240.8,8.48,14.1,2.5,9.9
04/09/2026,08:34:00,1.858,0.349,241.85,7.68,12.6,2.3,7.9
04/09/2026,08:35:00,2.02,0.311,241.06,8.28,15.4,3.2,11.1
04/09/2026,08:36:00,1.976,0.362,241.28,8.05,14.9,2.1,7.1
04/09/2026,08:37:00,1.953,0.381,242.16,7.81,16.1,1.9,5.8
04/09/2026,08:38:00,2.123,0.353,241.91,8.73,11.9,3.2,11.5
04/09/2026,08:39:00,1.964,0.31,241.49,8.27,15.0,2.3,7.3
04/09/2026,08:40:00,1.952,0.331,241.59,8.2,17.4,2.4,9.4
04/09/2026,08:41:00,2.023,0.287,241.48,8.27,16.1,3.6,9.8
04/09/2026,08:42:00,2.073,0.348,241.17,8.63,11.1,3.3,12.7
04/09/2026,08:43:00,2.007,0.361,241.47,8.52,14.8,5.5,7.5
04/09/2026,08:44:00,2.112,0.353,241.81,8.51,13.3,4.1,9.3
04/09/2026,08:45:00,2.062,0.34,241.38,8.52,14.8,1.9,6.5
04/09/2026,08:46:00,1.846,0.335,241.76,7.68,13.9,2.4,7.2
04/09/2026,08:47:00,1.978,0.352,240.88,8.21,18.1,1.2,6.6
04/09/2026,08:48:00,1.976,0.296,241.04,8.33,14.7,1.7,10.1
04/09/2026,08:49:00,2.06,0.349,240.94,8.32,15.2,4.7,10.3
04/09/2026,08:50:00,1.812,0.378,241.06,7.36,14.4,2.7,9.1
04/09/2026,08:51:00,2.226,0.334,242.36,9.29,15.4,1.3,6.6
04/09/2026,08:52:00,2.064,0.346,241.96,8.28,13.9,0.6,6.9
04/09/2026,08:53:00,2.034,0.393,240.7,8.57,15.8,1.2,6.8
04/09/2026,08:54:00,2.117,0.382,241.75,8.82,13.4,2.1,9.2
04/09/2026,08:55:00,2.21,0.352,241.17,9.27,16.9,3.2,5.0
04/09/2026,08:56:00,2.092,0.356,240.97,8.61,15.1,2.7,7.6
04/09/2026,08:57:00,2.098,0.352,240.4,8.8,13.7,4.1,5.5
04/09/2026,08:58:00,2.033,0.325,242.12,8.22,15.7,2.0,9.6
04/09/2026,08:59:00,2.011,0.339,240.48,8.3,14.9,4.9,6.3
04/09/2026,09:00:00,1.984,0.331,241.4,8.22,15.5,3.1,12.9
04/09/2026,09:01:00,1.955,0.337,240.77,7.99,13.9,3.9,10.9
04/09/2026,09:02:00,1.966,0.317,241.97,8.16,13.2,2.7,8.4
04/09/2026,09:03:00,1.913,0.298,241.19,7.76,13.9,4.7,9.5
04/09/2026,09:04:00,2.015,0.341,241.33,8.39,12.6,1.7,9.7
04/09/2026,09:05:00,1.886,0.369,241.35,8.07,15.5,1.8,6.6
04/09/2026,09:06:00,2.035,0.346,241.63,8.23,16.4,2.2,11.4
04/09/2026,09:07:00,2.017,0.334,241.43,8.35,14.5,5.0,8.5
04/09/2026,09:08:00,2.031,0.363,241.38,8.17,16.1,3.2,7.0
04/09/2026,09:09:00,1.977,0.333,241.05,8.08,15.5,2.3,10.0
04/09/2026,09:10:00,2.264,0.418,240.31,9.53,12.6,3.3,6.3
04/09/2026,09:11:00,2.126,0.355,240.62,8.77,14.7,3.8,10.3
04/09/2026,09:12:00,1.918,0.348,241.91,8.04,10.4,2.2,9.6
04/09/2026,09:13:00,2.035,0.325,241.19,8.49,13.3,3.9,7.4
04/09/2026,09:14:00,1.967,0.349,240.93,8.16,10.5,3.5,11.0
04/09/2026,09:15:00,1.934,0.339,240.41,7.89,12.6,3.1,10.5
04/09/2026,09:16:00,1.907,0.327,240.19,8.04,9.8,2.1,8.2
04/09/2026,09:17:00,2.048,0.333,240.89,8.55,14.8,4.9,10.1
04/09/2026,09:18:00,1.959,0.319,242.01,7.86,11.8,3.2,6.0
04/09/2026,09:19:00,2.09,0.358,240.99,8.53,14.3,0.0,10.1
04/09/2026,09:20:00,2.091,0.367,241.66,8.24,12.2,4.3,5.8
04/09/2026,09:21:00,2.121,0.351,240.95,8.6,8.6,4.4,9.3
04/09/2026,09:22:00,1.942,0.34,241.82,7.98,11.3,5.1,10.6
04/09/2026,09:23:00,2.047,0.345,241.12,8.33,11.1,4.5,9.8
04/09/2026,09:24:00,2.059,0.35,240.5,8.44,12.1,4.1,12.5
04/09/2026,09:25:00,1.969,0.331,241.17,8.37,15.0,3.4,7.4
04/09/2026,09:26:00,1.945,0.334,242.64,8.17,15.3,3.4,10.0
04/09/2026,09:27:00,2.134,0.424,242.61,8.69,11.4,4.9,4.5
04/09/2026,09:28:00,2.023,0.351,241.69,8.49,9.3,3.9,8.1
04/09/2026,09:29:00,2.054,0.363,241.25,8.7,10.2,2.2,8.5
04/09/2026,09:30:00,1.937,0.343,241.55,8.11,12.6,3.7,12.7
04/09/2026,09:31:00,1.904,0.322,241.56,7.93,11.3,4.1,9.2
04/09/2026,09:32:00,1.955,0.367,241.31,8.27,8.3,1.6,11.3
04/09/2026,09:33:00,1.99,0.331,241.64,8.35,10.4,5.2,7.3
04/09/2026,09:34:00,1.913,0.356,241.47,7.74,13.9,4.2,8.6
04/09/2026,09:35:00,1.997,0.331,241.1,8.25,11.8,2.5,7.5
04/09/2026,09:36:00,1.861,0.299,240.48,7.66,11.2,3.9,7.2
04/09/2026,09:37:00,1.906,0.338,240.99,8.08,10.3,4.2,7.4
04/09/2026,09:38:00,2.048,0.318,241.87,8.38,10.1,5.6,8.1
04/09/2026,09:39:00,2.041,0.358,241.28,8.35,12.0,5.6,13.9
04/09/2026,09:40:00,1.961,0.305,241.51,8.27,11.1,5.8,9.3
04/09/2026,09:41:00,1.909,0.321,241.1,7.96,12.3,4.9,6.5
04/09/2026,09:42:00,1.908,0.293,240.55,8.25,11.7,3.6,8.3
04/09/2026,09:43:00,1.959,0.406,241.12,7.99,10.6,3.3,11.7
04/09/2026,09:44:00,2.039,0.303,240.57,8.4,11.3,3.6,8.0
04/09/2026,09:45:00,2.061,0.348,240.52,8.74,9.2,4.5,12.8
04/09/2026,09:46:00,1.945,0.362,242.12,7.84,10.2,4.5,11.8
04/09/2026,09:47:00,1.892,0.353,240.98,8.05,12.9,5.9,9.2
04/09/2026,09:48:00,2.004,0.362,240.75,8.14,10.2,4.3,8.2
04/09/2026,09:49:00,1.916,0.322,242.4,7.99,9.6,2.0,7.5
04/09/2026,09:50:00,1.939,0.366,241.83,7.74,10.4,3.1,10.1
04/09/2026,09:51:00,2.085,0.373,240.99,8.66,7.6,3.4,10.6
04/09/2026,09:52:00,2.044,0.351,241.55,8.26,10.3,3.5,12.6
04/09/2026,09:53:00,1.989,0.345,241.08,8.54,13.2,1.1,10.5
04/09/2026,09:54:00,1.874,0.317,240.76,7.62,8.1,6.8,9.0
04/09/2026,09:55:00,1.991,0.316,241.57,8.12,10.1,2.0,12.8
04/09/2026,09:56:00,2.058,0.378,241.0,8.62,9.5,4.1,11.6
04/09/2026,09:57:00,1.942,0.366,241.28,7.96,9.3,5.7,8.3
04/09/2026,09:58:00,2.079,0.327,241.94,8.7,9.2,5.7,9.6
04/09/2026,09:59:00,2.073,0.345,241.85,8.46,10.7,3.0,11.3
04/09/2026,10:00:00,2.101,0.349,240.83,8.61,7.0,6.5,10.5
04/09/2026,10:01:00,1.991,0.338,241.55,8.24,10.5,6.4,7.7
04/09/2026,10:02:00,2.013,0.343,240.41,8.19,9.2,4.8,10.3
04/09/2026,10:03:00,2.078,0.373,241.51,8.66,5.4,5.1,8.4
04/09/2026,10:04:00,1.999,0.321,241.3,8.42,9.7,3.9,10.1
04/09/2026,10:05:00,1.922,0.309,241.45,8.04,9.0,5.4,7.1
04/09/2026,10:06:00,1.925,0.362,240.97,8.08,7.0,5.4,8.0
04/09/2026,10:07:00,1.979,0.326,242.64,7.87,9.0,4.5,14.6
04/09/2026,10:08:00,1.855,0.291,240.54,7.64,6.0,6.0,9.1
04/09/2026,10:09:00,1.946,0.321,241.85,8.01,7.1,5.6,12.5
04/09/2026,10:10:00,2.044,0.337,240.44,8.72,8.5,9.4,9.8
04/09/2026,10:11:00,1.779,0.352,241.51,7.28,5.0,4.1,7.4
04/09/2026,10:12:00,2.076,0.372,241.55,8.25,6.0,7.0,7.7
04/09/2026,10:13:00,2.042,0.374,241.18,8.32,6.2,4.2,8.4
04/09/2026,10:14:00,1.914,0.35,240.79,7.85,8.3,6.0,14.8
04/09/2026,10:15:00,1.993,0.363,241.23,7.94,8.9,1.9,9.6
04/09/2026,10:16:00,1.949,0.317,241.32,8.22,6.2,4.7,10.6
04/09/2026,10:17:00,2.046,0.341,242.38,8.2,6.0,6.0,11.7
04/09/2026,10:18:00,2.025,0.318,240.51,8.49,8.1,5.7,11.3
04/09/2026,10:19:00,1.833,0.315,240.72,7.45,8.0,2.8,12.1
04/09/2026,10:20:00,1.991,0.356,241.31,8.48,6.3,4.9,9.1
04/09/2026,10:21:00,1.926,0.334,240.92,7.95,11.3,7.4,7.6
04/09/2026,10:22:00,1.948,0.367,241.03,8.01,7.9,6.8,8.2
04/09/2026,10:23:00,1.882,0.297,241.84,7.86,7.2,6.8,6.9
04/09/2026,10:24:00,2.079,0.362,239.11,8.54,6.6,8.6,9.2
04/09/2026,10:25:00,2.021,0.311,240.66,8.48,9.4,3.3,2.1
04/09/2026,10:26:00,1.877,0.328,239.85,7.75,8.4,5.1,11.9
04/09/2026,10:27:00,1.828,0.338,240.23,7.52,3.7,5.6,11.6
04/09/2026,10:28:00,1.903,0.323,242.74,7.83,5.8,4.7,8.2
04/09/2026,10:29:00,1.967,0.35,241.47,7.98,6.2,5.8,7.4
04/09/2026,10:30:00,1.951,0.31,241.71,8.04,7.0,7.3,13.8
04/09/2026,10:31:00,2.031,0.302,240.99,8.48,8.2,5.8,12.5
04/09/2026,10:32:00,1.992,0.353,241.57,7.9,4.7,2.8,9.9
04/09/2026,10:33:00,2.005,0.384,239.79,8.53,6.7,6.6,9.0
04/09/2026,10:34:00,1.953,0.309,241.75,8.2,10.2,5.7,10.5
04/09/2026,10:35:00,1.814,0.348,240.44,7.27,6.7,2.9,7.3
04/09/2026,10:36:00,1.909,0.33,240.64,7.63,5.2,5.0,11.1
04/09/2026,10:37:00,2.008,0.308,241.36,8.45,3.9,3.5,7.9
04/09/2026,10:38:00,1.918,0.302,241.22,8.07,5.5,5.4,5.3
04/09/2026,10:39:00,1.961,0.336,241.05,8.23,4.3,5.2,8.8
04/09/2026,10:40:00,1.894,0.317,240.03,7.68,5.6,3.9,8.3
04/09/2026,10:41:00,1.836,0.287,241.05,7.89,7.4,6.2,14.6
04/09/2026,10:42:00,1.907,0.287,241.65,7.78,6.3,4.5,14.3
04/09/2026,10:43:00,1.941,0.312,240.6,8.1,5.2,7.6,8.2
04/09/2026,10:44:00,1.862,0.328,241.88,7.74,2.6,6.1,10.4
04/09/2026,10:45:00,1.895,0.327,240.35,8.12,7.7,5.6,9.2
04/09/2026,10:46:00,1.837,0.308,240.95,7.64,5.3,7.6,14.7
04/09/2026,10:47:00,2.001,0.345,242.02,8.33,6.2,6.3,6.7
04/09/2026,10:48:00,1.887,0.352,240.46,7.83,4.1,6.4,11.7
04/09/2026,10:49:00,2.025,0.353,241.67,8.2,5.0,5.9,13.5
04/09/2026,10:50:00,2.03,0.341,242.31,8.03,4.6,5.6,9.5
04/09/2026,10:51:00,1.9,0.351,241.04,7.89,3.1,6.5,10.8
04/09/2026,10:52:00,1.825,0.295,240.54,7.37,3.9,8.0,13.1
04/09/2026,10:53:00,1.737,0.303,240.36,7.28,5.6,1.6,8.3
04/09/2026,10:54:00,1.785,0.309,241.81,7.41,6.2,8.5,12.2
04/09/2026,10:55:00,1.792,0.284,241.78,7.43,4.2,4.8,7.4
04/09/2026,10:56:00,2.011,0.331,241.9,8.15,3.1,6.3,7.3
04/09/2026,10:57:00,1.909,0.277,240.85,8.08,4.7,3.9,12.7
04/09/2026,10:58:00,1.929,0.379,241.6,8.06,6.9,8.0,8.7
04/09/2026,10:59:00,1.719,0.283,240.83,6.96,3.4,4.3,11.2
04/09/2026,11:00:00,1.8,0.356,240.24,7.8,5.3,7.6,8.3
04/09/2026,11:01:00,1.966,0.337,241.64,8.1,3.9,5.8,11.5
04/09/2026,11:02:00,1.916,0.344,241.99,7.72,7.4,5.9,7.2
04/09/2026,11:03:00,1.88,0.313,240.12,7.72,4.1,4.5,13.8
04/09/2026,11:04:00,1.936,0.338,240.1,7.84,6.4,7.8,12.7
04/09/2026,11:05:00,2.021,0.359,240.85,8.59,7.1,6.0,9.6
04/09/2026,11:06:00,1.871,0.341,241.48,7.91,8.1,7.1,6.8
04/09/2026,11:07:00,1.893,0.346,240.01,8.0,2.2,3.5,10.5
04/09/2026,11:08:00,1.901,0.319,240.96,7.97,2.1,5.0,10.2
04/09/2026,11:09:00,2.076,0.337,240.38,8.82,7.2,6.5,9.8
04/09/2026,11:10:00,1.715,0.266,241.28,7.07,6.8,4.2,13.3
04/09/2026,11:11:00,1.937,0.345,240.22,8.13,3.5,6.7,13.7
04/09/2026,11:12:00,1.872,0.352,241.31,7.63,0.0,5.4,12.0
04/09/2026,11:13:00,1.925,0.371,240.65,7.98,4.8,5.2,14.3
04/09/2026,11:14:00,1.826,0.327,240.1,7.67,1.6,6.9,4.9
04/09/2026,11:15:00,1.873,0.306,240.8,7.32,2.9,6.5,10.4
04/09/2026,11:16:00,1.933,0.289,239.39,7.98,4.9,4.8,10.3
04/09/2026,11:17:00,2.123,0.381,240.35,8.86,5.1,7.7,12.9
04/09/2026,11:18:00,1.938,0.288,240.97,8.03,7.6,6.9,10.4
04/09/2026,11:19:00,1.804,0.308,239.48,7.46,3.7,3.7,12.3
04/09/2026,11:20:00,1.837,0.315,238.91,7.78,2.4,5.9,10.1
04/09/2026,11:21:00,1.833,0.318,239.07,7.56,6.2,6.8,9.6
04/09/2026,11:22:00,1.724,0.308,241.63,6.95,5.1,6.1,12.9
04/09/2026,11:23:00,1.84,0.324,240.64,7.82,3.6,2.0,11.1
04/09/2026,11:24:00,1.924,0.27,240.31,8.16,4.3,6.4,11.8
04/09/2026,11:25:00,1.762,0.312,241.34,7.21,3.5,7.3,8.4
04/09/2026,11:26:00,1.946,0.278,240.39,8.09,5.6,6.2,12.7
04/09/2026,11:27:00,1.9,0.346,240.85,8.01,7.5,6.4,8.8
04/09/2026,11:28:00,1.801,0.302,240.67,7.49,2.7,7.6,15.0
04/09/2026,11:29:00,1.847,0.268,240.32,7.76,4.9,4.2,10.7
04/09/2026,11:30:00,1.984,0.318,240.85,8.31,1.0,7.3,10.3
04/09/2026,11:31:00,1.914,0.315,241.17,7.89,1.9,6.7,13.2
04/09/2026,11:32:00,1.854,0.352,240.5,7.79,5.1,4.2,11.1
04/09/2026,11:33:00,1.833,0.325,240.3,7.48,3.8,7.2,12.8
04/09/2026,11:34:00,1.857,0.331,240.37,7.78,1.7,8.6,10.6
04/09/2026,11:35:00,1.808,0.347,238.99,7.55,3.9,6.7,12.9
04/09/2026,11:36:00,1.679,0.299,240.79,6.92,5.6,7.0,11.1
04/09/2026,11:37:00,2.01,0.36,239.74,8.19,0.9,4.9,13.2
04/09/2026,11:38:00,1.857,0.34,241.02,7.72,7.3,5.5,13.8
04/09/2026,11:39:00,1.875,0.293,240.51,7.8,4.9,5.0,7.8
04/09/2026,11:40:00,1.837,0.357,240.64,7.51,4.9,6.8,12.1
04/09/2026,11:41:00,1.781,0.278,241.05,7.15,3.7,5.6,15.4
04/09/2026,11:42:00,1.823,0.342,239.9,7.35,7.2,5.5,12.7
04/09/2026,11:43:00,1.709,0.267,240.8,7.06,5.6,7.2,16.7
04/09/2026,11:44:00,2.017,0.357,240.72,8.43,2.9,8.4,9.3
04/09/2026,11:45:00,1.735,0.355,240.4,7.49,5.1,6.1,11.9
04/09/2026,11:46:00,1.749,0.305,239.87,7.29,2.1,4.2,12.5
04/09/2026,11:47:00,1.795,0.309,240.93,7.21,3.0,6.3,10.2
04/09/2026,11:48:00,1.931,0.347,240.99,7.98,6.5,6.5,8.7
04/09/2026,11:49:00,1.828,0.311,240.57,7.79,4.3,7.3,16.2
04/09/2026,11:50:00,1.726,0.353,239.74,7.1,4.8,5.8,13.9
04/09/2026,11:51:00,1.924,0.336,240.11,8.18,5.8,7.4,12.7
04/09/2026,11:52:00,1.88,0.318,240.43,7.85,4.5,7.2,11.5
04/09/2026,11:53:00,1.863,0.31,240.94,7.83,1.8,5.8,11.8
04/09/2026,11:54:00,1.875,0.302,239.35,8.11,6.7,7.3,12.8
04/09/2026,11:55:00,2.008,0.325,240.05,8.09,4.4,7.4,14.6
04/09/2026,11:56:00,1.989,0.33,240.16,8.42,4.5,4.8,9.9
04/09/2026,11:57:00,1.758,0.299,240.37,7.3,3.4,7.4,11.7
04/09/2026,11:58:00,1.941,0.316,239.51,7.96,5.5,6.0,10.7
04/09/2026,11:59:00,1.84,0.373,240.26,7.64,7.1,5.8,9.2
04/09/2026,12:00:00,1.847,0.296,240.19,7.94,2.5,6.0,10.2
04/09/2026,12:01:00,1.67,0.304,239.67,7.17,5.4,7.7,12.0
04/09/2026,12:02:00,1.79,0.33,240.31,7.15,3.3,7.7,10.9
04/09/2026,12:03:00,1.736,0.324,240.0,7.12,0.0,6.7,11.6
04/09/2026,12:04:00,1.866,0.322,240.72,7.89,0.4,6.4,13.1
04/09/2026,12:05:00,1.883,0.32,239.75,7.85,4.0,5.9,14.1
04/09/2026,12:06:00,1.63,0.307,240.42,6.78,5.2,9.6,17.4
04/09/2026,12:07:00,1.792,0.322,239.78,7.24,4.4,5.2,13.3
04/09/2026,12:08:00,1.881,0.319,239.92,7.73,4.7,5.4,10.2
04/09/2026,12:09:00,1.775,0.274,240.54,7.17,8.3,6.4,14.0
04/09/2026,12:10:00,1.846,0.31,240.49,7.43,4.2,4.8,10.9
04/09/2026,12:11:00,1.814,0.289,240.03,7.37,2.6,7.4,10.0
04/09/2026,12:12:00,1.811,0.301,240.12,7.4,2.8,4.1,13.0
04/09/2026,12:13:00,1.76,0.312,239.28,7.24,6.3,5.0,14.7
04/09/2026,12:14:00,1.682,0.311,241.27,6.84,0.5,5.4,10.3
04/09/2026,12:15:00,1.687,0.347,240.77,7.16,5.5,4.6,12.3
04/09/2026,12:16:00,1.832,0.306,240.73,7.47,3.1,7.3,12.6
04/09/2026,12:17:00,1.774,0.332,239.15,7.63,1.3,4.2,9.5
04/09/2026,12:18:00,1.76,0.319,239.84,7.26,0.1,4.6,8.5
04/09/2026,12:19:00,1.735,0.341,240.02,7.29,5.9,5.0,8.5
04/09/2026,12:20:00,1.742,0.323,238.89,7.36,1.3,6.9,14.4
04/09/2026,12:21:00,1.848,0.297,240.86,7.54,3.1,7.7,10.6
04/09/2026,12:22:00,1.735,0.265,241.25,7.14,1.0,6.5,10.3
04/09/2026,12:23:00,1.652,0.306,241.66,6.76,6.9,4.1,12.4
04/09/2026,12:24:00,1.817,0.305,239.48,7.64,3.1,5.0,14.5
04/09/2026,12:25:00,1.739,0.284,240.28,7.22,0.2,7.8,9.1
04/09/2026,12:26:00,1.755,0.279,241.12,7.17,2.0,5.8,7.5
04/09/2026,12:27:00,1.879,0.33,240.01,7.85,5.7,3.8,14.9
04/09/2026,12:28:00,1.747,0.347,239.78,7.34,0.9,8.5,12.8
04/09/2026,12:29:00,1.769,0.302,238.86,7.68,2.2,4.9,9.3
04/09/2026,12:30:00,1.649,0.313,240.95,6.86,5.2,5.6,10.7
04/09/2026,12:31:00,1.724,0.304,240.14,7.18,3.5,4.7,9.5
04/09/2026,12:32:00,1.788,0.282,239.63,7.52,0.4,4.4,13.1
04/09/2026,12:33:00,1.612,0.312,240.34,6.57,3.3,7.3,14.0
04/09/2026,12:34:00,1.75,0.283,240.24,7.03,2.5,5.8,13.2
04/09/2026,12:35:00,1.74,0.309,240.24,7.2,2.9,6.0,12.1
04/09/2026,12:36:00,1.733,0.299,239.96,7.38,4.7,3.9,12.5
04/09/2026,12:37:00,1.81,0.34,241.24,7.69,3.3,5.1,10.1
04/09/2026,12:38:00,1.751,0.284,240.0,7.01,2.6,4.7,10.7
04/09/2026,12:39:00,1.84,0.331,241.22,7.73,2.5,4.4,11.7
04/09/2026,12:40:00,1.64,0.276,240.47,6.49,4.9,6.0,11.1
04/09/2026,12:41:00,1.728,0.295,240.32,7.26,1.3,5.0,11.7
04/09/2026,12:42:00,1.721,0.216,239.98,7.23,0.0,6.3,8.2
04/09/2026,12:43:00,1.627,0.347,240.73,6.5,2.3,6.3,13.7
04/09/2026,12:44:00,1.786,0.328,240.12,7.59,3.5,4.8,9.4
04/09/2026,12:45:00,1.893,0.308,239.38,8.17,1.9,5.9,7.1
04/09/2026,12:46:00,1.703,0.276,239.35,7.11,1.7,4.7,10.2
04/09/2026,12:47:00,1.742,0.297,240.32,7.27,2.0,4.3,11.3
04/09/2026,12:48:00,1.706,0.323,239.38,7.35,2.7,3.9,16.2
04/09/2026,12:49:00,1.64,0.249,239.96,6.67,0.1,5.3,10.7
04/09/2026,12:50:00,1.549,0.282,240.73,6.27,4.1,4.2,12.2
04/09/2026,12:51:00,1.635,0.341,240.2,6.68,0.0,7.0,12.5
04/09/2026,12:52:00,1.578,0.261,239.47,6.59,3.8,7.3,8.4
04/09/2026,12:53:00,1.823,0.321,240.96,7.57,3.3,5.7,11.5
04/09/2026,12:54:00,1.675,0.356,240.35,6.89,3.7,5.4,11.2
04/09/2026,12:55:00,1.654,0.314,240.67,6.83,0.0,5.1,12.0
04/09/2026,12:56:00,1.75,0.313,238.36,7.26,3.3,8.1,12.7
04/09/2026,12:57:00,1.587,0.303,240.17,6.53,1.6,7.6,13.7
04/09/2026,12:58:00,1.612,0.283,240.52,6.59,5.9,4.7,9.9
04/09/2026,12:59:00,1.677,0.334,241.11,6.84,3.4,4.7,12.8
04/09/2026,13:00:00,1.751,0.3,238.89,7.03,0.3,5.4,10.2
04/09/2026,13:01:00,1.706,0.256,240.75,7.05,0.0,3.4,9.8
04/09/2026,13:02:00,1.683,0.292,241.05,6.69,1.5,2.6,15.6
04/09/2026,13:03:00,1.667,0.276,238.47,7.1,4.3,3.1,7.8
04/09/2026,13:04:00,1.69,0.296,240.21,6.95,5.0,4.5,10.7
04/09/2026,13:05:00,1.671,0.294,240.3,6.94,3.0,3.6,12.3
04/09/2026,13:06:00,1.57,0.318,239.63,6.5,2.8,6.7,10.5
04/09/2026,13:07:00,1.654,0.316,239.51,6.87,2.0,2.9,12.1
04/09/2026,13:08:00,1.561,0.294,240.31,6.69,2.6,3.0,8.8
04/09/2026,13:09:00,1.651,0.298,239.41,6.69,5.1,2.3,7.7
04/09/2026,13:10:00,1.604,0.266,239.68,6.45,2.0,3.8,9.9
04/09/2026,13:11:00,1.842,0.267,240.39,7.68,4.0,4.1,12.1
04/09/2026,13:12:00,1.633,0.299,241.04,6.7,1.6,4.5,11.4
04/09/2026,13:13:00,1.522,0.302,240.18,6.39,4.7,4.6,13.2
04/09/2026,13:14:00,1.621,0.292,239.89,6.86,3.8,3.8,8.7
04/09/2026,13:15:00,1.67,0.287,239.43,6.81,4.6,3.2,10.5
04/09/2026,13:16:00,1.76,0.323,239.07,7.45,6.4,5.1,11.7
04/09/2026,13:17:00,1.576,0.287,240.55,6.4,0.0,3.3,9.7
04/09/2026,13:18:00,1.494,0.321,239.66,6.25,4.2,5.5,12.1
04/09/2026,13:19:00,1.683,0.333,240.56,6.81,3.6,2.5,11.2
04/09/2026,13:20:00,1.505,0.305,239.52,6.3,3.6,3.4,12.9
04/09/2026,13:21:00,1.578,0.308,239.28,6.59,3.2,7.0,12.4
04/09/2026,13:22:00,1.59,0.258,240.02,6.46,3.2,7.2,7.7
04/09/2026,13:23:00,1.602,0.309,239.67,6.48,3.4,2.6,15.1
04/09/2026,13:24:00,1.66,0.309,238.87,7.06,4.5,5.9,7.0
04/09/2026,13:25:00,1.548,0.301,240.98,6.35,4.3,6.4,8.4
04/09/2026,13:26:00,1.578,0.302,239.26,6.75,2.6,5.6,11.7
04/09/2026,13:27:00,1.596,0.303,240.34,6.56,2.3,4.1,12.5
04/09/2026,13:28:00,1.606,0.36,240.27,6.88,2.7,1.7,11.2
04/09/2026,13:29:00,1.6,0.29,238.79,6.56,1.9,4.3,10.6
04/09/2026,13:30:00,1.624,0.318,238.96,7.02,6.3,4.7,11.6
04/09/2026,13:31:00,1.654,0.287,239.45,6.93,0.2,4.4,13.0
04/09/2026,13:32:00,1.616,0.314,239.04,6.82,4.2,4.7,9.3
04/09/2026,13:33:00,1.618,0.318,240.85,6.57,4.2,3.0,9.4
04/09/2026,13:34:00,1.452,0.283,239.49,6.17,1.7,3.4,9.9
04/09/2026,13:35:00,1.581,0.331,240.25,6.69,3.3,0.9,14.7
04/09/2026,13:36:00,1.612,0.271,239.98,6.67,5.3,5.1,12.6
04/09/2026,13:37:00,1.63,0.283,239.79,6.48,2.1,2.8,13.1
04/09/2026,13:38:00,1.514,0.287,239.63,6.15,5.4,3.6,15.3
04/09/2026,13:39:00,1.514,0.304,240.46,6.13,5.0,4.2,13.6
04/09/2026,13:40:00,1.518,0.287,239.01,6.42,1.3,3.1,12.2
04/09/2026,13:41:00,1.604,0.325,240.78,6.59,0.5,2.4,15.2
04/09/2026,13:42:00,1.642,0.28,238.67,6.81,3.1,4.1,9.7
04/09/2026,13:43:00,1.524,0.254,240.11,6.26,0.3,1.5,11.2
04/09/2026,13:44:00,1.627,0.303,238.57,7.04,0.0,4.7,14.4
04/09/2026,13:45:00,1.562,0.285,239.32,6.53,1.8,4.6,7.0
04/09/2026,13:46:00,1.539,0.298,239.6,6.45,7.1,3.0,10.1
04/09/2026,13:47:00,1.53,0.283,239.19,6.3,1.9,3.0,13.6
04/09/2026,13:48:00,1.604,0.284,239.39,6.7,3.5,2.4,12.1
04/09/2026,13:49:00,1.568,0.286,238.54,6.43,4.2,3.1,12.9
04/09/2026,13:50:00,1.722,0.307,238.81,7.26,2.7,3.3,7.6
04/09/2026,13:51:00,1.469,0.269,239.85,5.95,2.1,3.1,10.0
04/09/2026,13:52:00,1.577,0.284,239.51,6.69,5.3,5.4,13.2
04/09/2026,13:53:00,1.491,0.269,239.0,6.13,2.9,1.2,9.8
04/09/2026,13:54:00,1.461,0.297,240.4,6.22,2.6,2.3,13.6
04/09/2026,13:55:00,1.528,0.288,238.61,6.69,4.4,4.4,12.4
04/09/2026,13:56:00,1.537,0.341,239.2,6.43,0.8,6.1,9.2
04/09/2026,13:57:00,1.758,0.315,239.1,7.55,0.3,2.3,12.6
04/09/2026,13:58:00,1.507,0.267,239.87,6.4,0.0,4.7,13.5
04/09/2026,13:59:00,1.429,0.338,239.47,5.75,4.0,1.8,12.6
04/09/2026,14:00:00,1.539,0.295,239.35,6.45,2.5,2.8,13.0
04/09/2026,14:01:00,1.35,0.287,238.13,5.74,4.5,3.3,8.0
04/09/2026,14:02:00,1.506,0.296,240.02,6.36,3.0,2.4,16.8
04/09/2026,14:03:00,1.513,0.297,239.25,6.35,0.2,2.7,18.0
04/09/2026,14:04:00,1.573,0.302,239.48,6.59,2.2,1.4,15.0
04/09/2026,14:05:00,1.585,0.263,238.86,6.64,4.7,4.1,12.1
04/09/2026,14:06:00,1.465,0.285,238.75,6.16,2.4,2.0,10.9
04/09/2026,14:07:00,1.491,0.246,240.42,6.02,5.3,2.3,11.0
04/09/2026,14:08:00,1.44,0.268,238.12,6.01,2.0,2.1,13.5
04/09/2026,14:09:00,1.409,0.251,238.62,5.69,4.4,2.1,14.2
04/09/2026,14:10:00,1.522,0.292,240.39,6.26,0.0,3.2,10.4
04/09/2026,14:11:00,1.394,0.276,239.79,5.72,2.5,3.1,11.8
04/09/2026,14:12:00,1.461,0.287,239.11,6.01,2.2,6.3,14.6
04/09/2026,14:13:00,1.412,0.277,240.2,5.72,0.2,2.7,11.6
04/09/2026,14:14:00,1.534,0.269,239.63,6.44,5.2,2.8,12.1
04/09/2026,14:15:00,1.633,0.289,239.48,6.77,1.7,4.7,14.8
04/09/2026,14:16:00,1.383,0.289,239.46,5.71,1.5,3.2,14.5
04/09/2026,14:17:00,1.337,0.287,239.62,5.37,5.6,2.8,13.6
04/09/2026,14:18:00,1.473,0.248,239.64,6.1,3.4,2.7,9.5
04/09/2026,14:19:00,1.483,0.24,240.82,6.33,4.6,3.1,9.5
04/09/2026,14:20:00,1.498,0.262,239.14,6.44,0.0,4.1,10.2
04/09/2026,14:21:00,1.443,0.299,239.15,6.09,1.5,4.5,10.7
04/09/2026,14:22:00,1.461,0.306,238.4,6.08,7.3,4.1,12.3
04/09/2026,14:23:00,1.505,0.257,239.22,6.38,4.8,3.4,11.6
04/09/2026,14:24:00,1.557,0.295,240.55,6.37,1.0,3.0,11.5
04/09/2026,14:25:00,1.316,0.304,239.93,5.44,3.6,5.3,11.2
04/09/2026,14:26:00,1.442,0.283,238.85,5.92,1.2,2.1,9.9
04/09/2026,14:27:00,1.487,0.314,239.25,6.35,6.0,3.6,10.8
04/09/2026,14:28:00,1.395,0.292,238.31,5.97,0.0,4.2,17.2
04/09/2026,14:29:00,1.606,0.27,238.53,6.73,3.8,4.0,13.4
04/09/2026,14:30:00,1.415,0.265,239.31,6.17,3.7,1.6,11.9
04/09/2026,14:31:00,1.461,0.276,238.85,6.18,1.0,6.2,8.5
04/09/2026,14:32:00,1.508,0.284,238.46,6.38,2.7,4.7,9.6
04/09/2026,14:33:00,1.415,0.293,239.53,5.95,4.0,3.9,11.7
04/09/2026,14:34:00,1.313,0.268,239.12,5.3,0.0,1.2,14.8
04/09/2026,14:35:00,1.426,0.198,238.07,5.85,0.7,3.7,12.3
04/09/2026,14:36:00,1.541,0.252,237.71,6.48,3.0,0.0,12.3
04/09/2026,14:37:00,1.431,0.217,238.76,5.99,1.7,2.1,14.3
04/09/2026,14:38:00,1.389,0.271,238.04,5.93,2.4,2.6,9.7
04/09/2026,14:39:00,1.53,0.29,237.83,6.33,3.3,1.8,14.9
04/09/2026,14:40:00,1.429,0.279,239.93,5.97,1.6,4.4,11.0
04/09/2026,14:41:00,1.414,0.246,239.06,5.93,3.3,2.5,14.4
04/09/2026,14:42:00,1.465,0.293,238.94,6.15,4.0,1.1,15.5
04/09/2026,14:43:00,1.514,0.3,238.98,6.34,5.0,3.3,9.8
04/09/2026,14:44:00,1.643,0.266,238.31,6.68,1.0,2.8,11.8
04/09/2026,14:45:00,1.517,0.245,239.39,6.0,2.2,0.0,13.6
04/09/2026,14:46:00,1.543,0.285,239.0,6.32,4.7,4.0,11.2
04/09/2026,14:47:00,1.41,0.314,238.56,5.83,0.5,2.4,11.3
04/09/2026,14:48:00,1.367,0.307,238.66,5.55,3.7,3.5,11.0
04/09/2026,14:49:00,1.454,0.289,238.22,6.09,3.6,2.7,7.7
04/09/2026,14:50:00,1.457,0.257,238.78,6.27,0.0,1.7,14.2
04/09/2026,14:51:00,1.362,0.286,238.89,5.81,2.6,2.7,9.6
04/09/2026,14:52:00,1.434,0.261,238.75,6.07,4.3,2.0,6.8
04/09/2026,14:53:00,1.479,0.258,239.09,6.33,3.2,2.5,14.2
04/09/2026,14:54:00,1.476,0.223,238.99,6.04,2.7,2.9,12.9
04/09/2026,14:55:00,1.487,0.281,239.2,6.15,4.0,2.3,9.0
04/09/2026,14:56:00,1.47,0.261,239.69,6.22,5.7,2.7,14.3
04/09/2026,14:57:00,1.406,0.271,239.44,5.8,4.8,1.6,13.3
04/09/2026,14:58:00,1.405,0.211,239.69,5.8,2.2,1.3,11.9
04/09/2026,14:59:00,1.35,0.266,238.42,5.94,0.9,3.0,11.1
04/09/2026,15:00:00,1.589,0.23,238.65,6.67,4.8,3.9,11.6
04/09/2026,15:01:00,1.447,0.301,239.46,6.31,1.5,1.3,12.3
04/09/2026,15:02:00,1.428,0.284,239.46,5.69,2.8,2.4,10.1
04/09/2026,15:03:00,1.372,0.258,238.51,5.66,4.3,0.1,14.3
04/09/2026,15:04:00,1.681,0.316,239.41,7.08,6.2,4.3,13.1
04/09/2026,15:05:00,1.36,0.239,238.31,5.72,6.5,3.4,11.6
04/09/2026,15:06:00,1.412,0.271,239.3,5.59,4.1,1.1,15.7
04/09/2026,15:07:00,1.48,0.297,238.94,6.16,2.9,1.4,11.2
04/09/2026,15:08:00,1.495,0.202,237.99,6.65,1.6,3.4,15.3
04/09/2026,15:09:00,1.524,0.272,238.65,6.42,7.9,2.1,12.6
04/09/2026,15:10:00,1.592,0.291,240.47,6.71,3.5,2.6,13.6
04/09/2026,15:11:00,1.489,0.274,239.08,6.13,5.4,0.5,11.1
04/09/2026,15:12:00,1.364,0.3,240.54,5.71,4.5,2.5,7.8
04/09/2026,15:13:00,1.429,0.243,237.92,6.0,3.1,1.6,13.0
04/09/2026,15:14:00,1.475,0.261,239.45,6.33,3.1,2.2,9.3
04/09/2026,15:15:00,1.616,0.246,237.14,6.98,1.4,1.2,10.6
04/09/2026,15:16:00,1.34,0.299,238.91,5.67,6.5,1.5,12.1
04/09/2026,15:17:00,1.548,0.28,239.35,6.48,4.0,1.9,10.6
04/09/2026,15:18:00,1.467,0.265,239.48,5.88,7.1,0.9,11.9
04/09/2026,15:19:00,1.521,0.281,238.33,6.12,3.4,4.6,12.4
04/09/2026,15:20:00,1.447,0.289,239.61,6.05,3.7,0.3,8.7
04/09/2026,15:21:00,1.388,0.275,238.51,5.95,2.1,2.3,12.6
04/09/2026,15:22:00,1.517,0.348,238.76,6.55,3.8,2.0,10.6
04/09/2026,15:23:00,1.51,0.293,238.57,6.2,2.0,2.6,9.7
04/09/2026,15:24:00,1.537,0.273,238.07,6.23,5.3,0.0,7.6
04/09/2026,15:25:00,1.459,0.261,239.96,6.22,4.7,0.0,8.6
04/09/2026,15:26:00,1.413,0.26,238.89,5.79,7.5,0.9,12.1
04/09/2026,15:27:00,1.338,0.223,239.61,5.35,1.7,2.8,12.1
04/09/2026,15:28:00,1.529,0.285,239.57,6.31,7.0,1.2,13.2
04/09/2026,15:29:00,1.499,0.299,238.16,6.22,2.7,1.2,15.8
04/09/2026,15:30:00,1.389,0.251,239.68,6.0,5.4,1.6,15.0
04/09/2026,15:31:00,1.425,0.251,239.18,6.09,2.4,0.4,14.3
04/09/2026,15:32:00,1.432,0.31,238.09,5.91,5.1,2.1,14.7
04/09/2026,15:33:00,1.353,0.227,239.13,5.87,0.0,1.8,12.5
04/09/2026,15:34:00,1.408,0.217,238.1,5.93,3.5,2.1,12.5
04/09/2026,15:35:00,1.384,0.237,239.93,5.93,5.1,3.5,15.5
04/09/2026,15:36:00,1.443,0.235,239.37,6.23,8.4,1.2,12.6
04/09/2026,15:37:00,1.419,0.28,238.75,5.9,0.7,1.6,12.7
04/09/2026,15:38:00,1.35,0.253,239.68,5.72,5.0,0.2,14.7
04/09/2026,15:39:00,1.644,0.292,237.68,6.86,4.0,0.0,11.5
04/09/2026,15:40:00,1.584,0.319,238.26,6.79,1.2,1.4,11.9
04/09/2026,15:41:00,1.424,0.254,238.6,5.98,2.8,1.6,9.2
04/09/2026,15:42:00,1.51,0.301,240.34,6.43,4.2,2.3,11.2
04/09/2026,15:43:00,1.524,0.321,238.02,6.63,6.1,2.1,11.5
04/09/2026,15:44:00,1.588,0.279,237.57,6.77,5.4,1.7,11.6
04/09/2026,15:45:00,1.429,0.29,237.75,6.0,2.6,3.6,14.0
04/09/2026,15:46:00,1.584,0.284,239.39,6.61,1.6,1.0,10.0
04/09/2026,15:47:00,1.456,0.298,238.33,5.66,6.2,1.1,15.5
04/09/2026,15:48:00,1.395,0.228,238.63,5.74,5.0,1.7,7.7
04/09/2026,15:49:00,1.562,0.246,239.27,6.67,8.6,0.0,13.6
04/09/2026,15:50:00,1.61,0.283,238.62,6.89,4.8,2.2,14.1
04/09/2026,15:51:00,1.716,0.284,238.87,7.08,7.8,1.4,13.8
04/09/2026,15:52:00,1.416,0.257,239.1,5.95,6.6,1.4,14.7
04/09/2026,15:53:00,1.571,0.283,238.42,6.56,7.2,2.0,11.9
04/09/2026,15:54:00,1.485,0.296,238.6,6.33,6.5,1.8,15.1
04/09/2026,15:55:00,1.583,0.28,238.88,6.96,6.6,1.8,10.8
04/09/2026,15:56:00,1.405,0.248,239.32,5.98,1.1,0.8,11.0
04/09/2026,15:57:00,1.425,0.262,238.15,5.88,5.3,3.3,16.9
04/09/2026,15:58:00,1.467,0.257,236.59,6.19,4.5,0.0,12.8
04/09/2026,15:59:00,1.538,0.261,239.17,6.64,8.4,0.4,14.5
04/09/2026,16:00:00,1.484,0.238,239.34,5.99,3.9,0.5,13.5
04/09/2026,16:01:00,1.591,0.293,238.83,6.57,5.4,0.3,14.0
04/09/2026,16:02:00,1.624,0.281,238.87,6.9,7.6,0.0,8.1
04/09/2026,16:03:00,1.593,0.315,238.29,6.88,6.7,3.4,13.3
04/09/2026,16:04:00,1.677,0.265,239.03,7.11,6.5,2.0,12.5
04/09/2026,16:05:00,1.585,0.277,239.27,6.53,8.4,0.4,14.7
04/09/2026,16:06:00,1.457,0.32,238.71,6.19,6.7,2.1,10.8
04/09/2026,16:07:00,1.667,0.277,240.41,7.0,5.2,1.0,15.2
04/09/2026,16:08:00,1.513,0.276,237.57,6.42,3.7,0.8,9.9
04/09/2026,16:09:00,1.638,0.266,238.77,6.85,7.4,0.0,11.6
04/09/2026,16:10:00,1.695,0.27,237.83,7.13,4.9,1.2,9.1
04/09/2026,16:11:00,1.609,0.332,239.27,6.59,6.0,0.3,10.3
04/09/2026,16:12:00,1.457,0.279,237.54,6.5,8.7,0.0,12.7
04/09/2026,16:13:00,1.507,0.284,237.71,6.36,6.2,2.4,15.7
04/09/2026,16:14:00,1.69,0.26,238.2,7.18,5.8,0.1,12.8
04/09/2026,16:15:00,1.574,0.298,238.82,6.56,6.1,3.0,9.9
04/09/2026,16:16:00,1.598,0.321,238.22,6.84,6.3,0.2,8.1
04/09/2026,16:17:00,1.657,0.328,238.22,6.76,4.8,0.0,14.2
04/09/2026,16:18:00,1.656,0.315,238.5,6.68,10.2,1.8,11.3
04/09/2026,16:19:00,1.627,0.267,238.45,6.82,5.8,0.5,11.6
04/09/2026,16:20:00,1.592,0.299,239.66,6.95,8.6,0.0,15.2
04/09/2026,16:21:00,1.588,0.307,239.1,6.82,5.0,1.4,12.5
04/09/2026,16:22:00,1.686,0.257,238.39,6.95,8.2,0.0,12.2
04/09/2026,16:23:00,1.666,0.272,240.08,7.02,7.5,0.0,13.2
04/09/2026,16:24:00,1.605,0.315,238.95,6.62,7.3,2.0,16.2
04/09/2026,16:25:00,1.717,0.328,237.92,7.28,7.6,3.0,13.5
04/09/2026,16:26:00,1.624,0.256,238.78,6.88,8.2,0.5,8.2
04/09/2026,16:27:00,1.571,0.308,238.97,6.71,7.0,2.6,11.2
04/09/2026,16:28:00,1.583,0.292,238.11,6.41,7.1,2.1,12.4
04/09/2026,16:29:00,1.57,0.308,237.85,6.41,8.7,1.9,14.9
04/09/2026,16:30:00,1.631,0.28,238.65,6.82,5.3,0.8,10.3
04/09/2026,16:31:00,1.757,0.327,238.33,7.22,5.1,0.3,13.4
04/09/2026,16:32:00,1.598,0.313,239.62,6.5,8.1,1.5,12.9
04/09/2026,16:33:00,1.683,0.293,239.1,7.08,3.8,1.9,15.4
04/09/2026,16:34:00,1.62,0.295,238.13,6.67,4.5,0.0,10.9
04/09/2026,16:35:00,1.657,0.283,238.87,7.27,11.5,0.6,13.5
04/09/2026,16:36:00,1.562,0.329,239.46,6.44,11.1,0.8,16.6
04/09/2026,16:37:00,1.67,0.297,237.59,6.99,6.9,0.6,15.2
04/09/2026,16:38:00,1.677,0.278,237.85,7.1,10.1,0.1,14.6
04/09/2026,16:39:00,1.741,0.291,238.56,7.07,10.2,0.0,12.6
04/09/2026,16:40:00,1.721,0.31,238.59,7.29,9.2,0.6,13.6
04/09/2026,16:41:00,1.613,0.312,238.52,6.81,8.1,0.6,13.1
04/09/2026,16:42:00,1.801,0.283,238.34,7.5,9.6,0.4,15.2
04/09/2026,16:43:00,1.736,0.355,238.33,7.33,10.0,1.8,14.5
04/09/2026,16:44:00,1.74,0.317,238.82,7.35,9.8,0.0,12.0
04/09/2026,16:45:00,1.729,0.319,239.34,7.44,5.5,1.3,17.3
04/09/2026,16:46:00,1.694,0.301,238.21,7.49,12.7,0.0,16.1
04/09/2026,16:47:00,1.759,0.312,240.25,7.16,13.5,0.9,11.6
04/09/2026,16:48:00,1.785,0.31,239.92,7.24,5.0,0.0,12.8
04/09/2026,16:49:00,1.613,0.319,239.47,6.75,9.9,0.0,13.2
04/09/2026,16:50:00,1.715,0.306,238.98,6.86,13.0,0.9,15.4
04/09/2026,16:51:00,1.743,0.328,239.94,7.36,11.0,0.0,11.8
04/09/2026,16:52:00,1.79,0.304,238.33,7.53,11.1,0.0,12.2
04/09/2026,16:53:00,1.871,0.329,237.95,7.92,6.3,2.2,15.6
04/09/2026,16:54:00,1.72,0.286,238.17,7.17,10.8,0.0,14.9
04/09/2026,16:55:00,1.747,0.34,237.83,7.39,9.8,0.8,9.4
04/09/2026,16:56:00,1.752,0.289,238.62,7.41,10.9,2.9,15.2
04/09/2026,16:57:00,1.735,0.3,238.74,7.3,7.4,1.1,10.5
04/09/2026,16:58:00,1.777,0.305,238.67,7.25,7.4,1.0,12.4
04/09/2026,16:59:00,1.873,0.316,238.52,7.88,9.3,0.0,13.0
04/09/2026,17:00:00,1.733,0.326,238.62,7.54,8.9,0.0,12.8
04/09/2026,17:01:00,1.858,0.315,239.74,7.79,9.4,0.7,12.5
04/09/2026,17:02:00,1.694,0.338,238.95,7.11,8.9,0.0,11.7
04/09/2026,17:03:00,1.791,0.294,239.17,7.72,9.5,2.2,15.1
04/09/2026,17:04:00,1.816,0.322,238.65,7.5,8.6,1.2,10.5
04/09/2026,17:05:00,1.983,0.319,237.39,8.48,9.9,0.0,12.9
04/09/2026,17:06:00,1.833,0.33,237.25,7.65,7.3,2.2,15.8
04/09/2026,17:07:00,1.685,0.302,239.97,7.19,11.2,1.8,15.0
04/09/2026,17:08:00,1.708,0.301,238.14,7.29,10.8,1.5,11.1
04/09/2026,17:09:00,1.877,0.355,238.08,7.82,7.8,3.8,9.9
04/09/2026,17:10:00,1.93,0.315,238.68,8.04,13.1,1.0,11.8
04/09/2026,17:11:00,1.917,0.345,238.9,8.17,8.9,2.9,9.4
04/09/2026,17:12:00,1.907,0.31,238.98,7.7,13.0,0.9,14.5
04/09/2026,17:13:00,1.993,0.342,239.75,8.25,11.3,1.5,13.3
04/09/2026,17:14:00,1.864,0.294,239.56,7.87,12.7,0.2,13.5
04/09/2026,17:15:00,1.985,0.322,237.94,8.3,11.2,0.0,15.5
04/09/2026,17:16:00,1.79,0.313,239.18,7.5,12.0,0.0,16.3
04/09/2026,17:17:00,1.854,0.368,238.24,7.48,13.0,0.8,15.0
04/09/2026,17:18:00,1.789,0.317,238.41,7.38,14.9,0.6,14.0
04/09/2026,17:19:00,1.918,0.372,237.74,8.17,13.3,0.0,13.0
04/09/2026,17:20:00,1.943,0.339,237.32,8.08,12.1,0.5,13.8
04/09/2026,17:21:00,1.963,0.326,238.48,8.04,8.6,1.5,15.0
04/09/2026,17:22:00,1.966,0.374,237.83,8.42,6.6,2.6,16.6
04/09/2026,17:23:00,1.893,0.338,239.15,7.99,11.2,0.0,11.6
04/09/2026,17:24:00,1.959,0.319,238.3,8.06,10.1,1.4,12.2
04/09/2026,17:25:00,1.862,0.335,238.72,7.82,10.3,3.1,14.7
04/09/2026,17:26:00,2.097,0.344,239.46,8.6,11.6,1.8,10.1
04/09/2026,17:27:00,1.971,0.287,237.46,8.28,13.1,0.0,15.4
04/09/2026,17:28:00,1.963,0.359,237.99,8.28,10.6,1.0,17.1
04/09/2026,17:29:00,2.136,0.384,238.63,8.83,13.8,1.1,20.0
04/09/2026,17:30:00,1.917,0.376,238.72,8.14,12.1,1.7,15.1
04/09/2026,17:31:00,1.933,0.343,239.27,8.21,12.2,0.9,16.8
04/09/2026,17:32:00,1.943,0.327,239.11,8.16,16.0,1.5,15.0
04/09/2026,17:33:00,2.032,0.365,238.57,8.58,12.7,2.2,18.6
04/09/2026,17:34:00,2.079,0.371,238.71,8.49,12.3,0.0,14.1
04/09/2026,17:35:00,2.111,0.394,238.73,9.05,13.5,0.0,15.8
04/09/2026,17:36:00,2.264,0.371,237.47,9.52,16.1,1.6,16.4
04/09/2026,17:37:00,1.886,0.322,238.39,7.77,12.5,0.7,16.0
04/09/2026,17:38:00,2.122,0.337,238.67,8.91,13.6,2.0,13.5
04/09/2026,17:39:00,2.035,0.358,238.82,8.63,12.6,2.3,12.2
04/09/2026,17:40:00,2.04,0.306,237.85,8.65,12.7,0.0,17.5
04/09/2026,17:41:00,2.045,0.365,237.61,8.44,12.0,0.0,15.8
04/09/2026,17:42:00,2.029,0.358,238.34,8.63,11.9,0.7,15.5
04/09/2026,17:43:00,2.243,0.384,239.88,9.34,16.5,0.0,17.3
04/09/2026,17:44:00,2.183,0.365,237.93,9.25,12.1,0.2,17.3
04/09/2026,17:45:00,2.125,0.393,239.33,8.76,10.2,0.0,16.2
04/09/2026,17:46:00,2.238,0.39,239.61,9.5,13.6,0.3,16.9
04/09/2026,17:47:00,2.016,0.327,238.54,8.48,15.5,0.0,14.3
04/09/2026,17:48:00,2.038,0.33,238.03,8.74,16.0,1.3,16.7
04/09/2026,17:49:00,1.977,0.315,238.87,8.05,11.3,2.0,12.1
04/09/2026,17:50:00,2.103,0.366,238.64,8.6,16.0,1.4,15.7
04/09/2026,17:51:00,2.179,0.336,237.91,9.12,17.9,4.2,17.3
04/09/2026,17:52:00,2.181,0.389,238.05,9.38,12.5,2.1,14.1
04/09/2026,17:53:00,2.192,0.396,238.83,9.47,13.6,2.0,16.0
04/09/2026,17:54:00,2.075,0.327,239.16,8.54,11.6,0.7,16.4
04/09/2026,17:55:00,2.259,0.366,238.29,9.49,17.9,0.4,13.8
04/09/2026,17:56:00,2.221,0.367,238.46,9.34,11.3,2.5,18.3
04/09/2026,17:57:00,2.268,0.394,238.98,9.6,13.5,0.5,16.6
04/09/2026,17:58:00,2.065,0.388,238.39,8.79,16.0,0.9,12.2
04/09/2026,17:59:00,2.248,0.328,238.31,9.27,13.1,0.6,16.1
04/09/2026,18:00:00,2.135,0.348,237.99,8.98,12.6,1.5,19.2
04/09/2026,18:01:00,2.206,0.358,237.98,8.97,14.6,2.0,16.0
04/09/2026,18:02:00,2.287,0.339,240.39,9.64,19.5,2.2,14.6
04/09/2026,18:03:00,2.259,0.359,238.38,9.42,14.3,0.4,14.9
04/09/2026,18:04:00,2.19,0.374,239.48,8.97,14.5,1.1,15.7
04/09/2026,18:05:00,2.266,0.365,239.7,9.5,12.8,1.3,13.5
04/09/2026,18:06:00,2.15,0.319,238.4,8.96,15.8,2.7,19.3
04/09/2026,18:07:00,2.372,0.456,238.79,10.12,16.9,0.0,18.2
04/09/2026,18:08:00,2.27,0.379,238.6,9.38,14.0,0.8,18.6
04/09/2026,18:09:00,2.383,0.389,237.4,10.37,16.4,0.0,13.0
04/09/2026,18:10:00,2.258,0.344,237.45,9.64,14.2,0.1,16.6
04/09/2026,18:11:00,2.266,0.378,238.57,9.69,11.7,0.0,18.7
04/09/2026,18:12:00,2.253,0.366,238.24,9.3,16.5,1.5,14.3
04/09/2026,18:13:00,2.391,0.34,239.86,10.24,19.8,0.0,16.2
04/09/2026,18:14:00,2.271,0.346,238.37,9.35,13.3,0.6,14.0
04/09/2026,18:15:00,2.386,0.406,239.91,9.92,16.2,0.0,18.3
04/09/2026,18:16:00,2.311,0.426,238.21,9.9,18.5,0.0,16.0
04/09/2026,18:17:00,2.19,0.372,239.88,9.21,15.8,0.5,16.3
04/09/2026,18:18:00,2.309,0.405,238.9,9.48,13.2,0.3,14.1
04/09/2026,18:19:00,2.267,0.368,238.94,9.66,16.2,1.7,20.0
04/09/2026,18:20:00,2.371,0.382,238.19,10.01,19.2,2.4,16.7
04/09/2026,18:21:00,2.28,0.401,238.96,9.48,15.3,3.4,18.4
04/09/2026,18:22:00,2.456,0.436,239.74,10.01,16.8,0.8,17.5
04/09/2026,18:23:00,2.381,0.418,238.46,10.05,14.3,2.3,14.7
04/09/2026,18:24:00,2.38,0.359,238.32,9.96,16.3,2.7,13.1
04/09/2026,18:25:00,2.454,0.393,238.39,10.32,17.4,0.2,16.4
04/09/2026,18:26:00,2.485,0.405,239.7,10.13,16.9,2.4,19.2
04/09/2026,18:27:00,2.412,0.383,239.17,10.02,15.9,0.0,12.5
04/09/2026,18:28:00,2.359,0.393,239.59,9.92,17.7,1.2,21.2
04/09/2026,18:29:00,2.285,0.395,238.79,9.85,18.2,2.9,18.7
04/09/2026,18:30:00,2.378,0.41,238.6,9.94,18.5,0.9,17.3
04/09/2026,18:31:00,2.39,0.429,238.88,10.22,16.5,0.6,16.7
04/09/2026,18:32:00,2.454,0.386,239.33,10.37,15.9,0.6,18.9
04/09/2026,18:33:00,2.424,0.357,238.41,10.2,21.1,2.7,14.3
04/09/2026,18:34:00,2.512,0.41,239.55,10.34,17.6,0.0,18.0
04/09/2026,18:35:00,2.414,0.437,238.85,9.96,16.8,0.3,17.7
04/09/2026,18:36:00,2.465,0.384,236.91,10.5,14.5,1.9,21.0
04/09/2026,18:37:00,2.57,0.426,239.21,10.66,15.6,1.2,16.3
04/09/2026,18:38:00,2.508,0.418,237.71,10.46,16.3,2.4,17.2
04/09/2026,18:39:00,2.482,0.403,239.2,10.35,18.5,1.7,17.0
04/09/2026,18:40:00,2.444,0.394,239.24,10.19,17.0,0.2,16.0
04/09/2026,18:41:00,2.448,0.371,238.84,10.38,17.8,1.6,20.5
04/09/2026,18:42:00,2.436,0.335,238.99,10.12,15.0,0.0,15.1
04/09/2026,18:43:00,2.466,0.368,239.38,10.42,20.7,0.0,13.9
04/09/2026,18:44:00,2.575,0.399,238.27,10.87,16.5,0.0,17.8
04/09/2026,18:45:00,2.503,0.428,239.18,10.21,18.5,0.9,15.7
04/09/2026,18:46:00,2.418,0.388,239.44,10.14,17.1,0.0,17.9
04/09/2026,18:47:00,2.673,0.408,239.86,10.74,17.6,1.0,18.7
04/09/2026,18:48:00,2.562,0.385,237.86,10.64,16.7,0.9,17.7
04/09/2026,18:49:00,2.429,0.408,238.92,10.24,18.9,0.0,17.4
04/09/2026,18:50:00,2.511,0.435,237.97,10.55,16.4,0.1,12.9
04/09/2026,18:51:00,2.561,0.434,237.94,10.5,19.1,2.0,18.7
04/09/2026,18:52:00,2.693,0.438,238.9,11.11,18.3,1.4,17.9
04/09/2026,18:53:00,2.473,0.36,238.7,9.97,19.8,0.0,21.6
04/09/2026,18:54:00,2.645,0.409,239.45,10.84,20.1,1.6,20.0
04/09/2026,18:55:00,2.683,0.471,238.41,11.34,18.1,3.1,14.2
04/09/2026,18:56:00,2.526,0.431,238.57,10.5,19.5,0.3,19.8
04/09/2026,18:57:00,2.558,0.369,238.81,10.74,17.9,1.8,14.7
04/09/2026,18:58:00,2.502,0.399,238.06,10.51,21.5,1.6,19.4
04/09/2026,18:59:00,2.573,0.418,238.17,10.81,18.2,0.2,20.8
04/09/2026,19:00:00,2.591,0.392,239.46,10.97,18.6,0.0,21.7
04/09/2026,19:01:00,2.653,0.361,238.29,11.1,18.1,3.0,16.7
04/09/2026,19:02:00,2.693,0.426,239.51,11.38,17.6,2.2,19.2
04/09/2026,19:03:00,2.551,0.386,239.11,10.3,23.2,0.4,19.9
04/09/2026,19:04:00,2.46,0.376,237.61,10.52,20.2,2.4,18.8
04/09/2026,19:05:00,2.621,0.406,239.07,10.77,19.4,1.5,14.1
04/09/2026,19:06:00,2.651,0.415,239.07,10.93,18.4,2.4,18.2
04/09/2026,19:07:00,2.653,0.418,239.0,11.0,21.6,0.0,19.1
04/09/2026,19:08:00,2.612,0.391,238.61,11.11,18.3,0.3,17.9
04/09/2026,19:09:00,2.654,0.413,238.05,11.01,19.7,2.8,16.0
04/09/2026,19:10:00,2.77,0.388,239.66,11.46,23.9,4.3,17.5
04/09/2026,19:11:00,2.684,0.43,238.65,11.1,17.7,0.3,20.0
04/09/2026,19:12:00,2.629,0.344,238.11,11.08,20.7,0.3,18.9
04/09/2026,19:13:00,2.624,0.408,239.05,11.09,20.2,1.7,19.1
04/09/2026,19:14:00,2.655,0.442,238.21,11.4,20.8,1.3,17.6
04/09/2026,19:15:00,2.804,0.41,238.07,12.14,19.2,1.5,19.1
04/09/2026,19:16:00,2.663,0.437,238.48,11.26,18.6,0.0,13.5
04/09/2026,19:17:00,2.681,0.451,238.28,11.3,20.3,0.5,18.1
04/09/2026,19:18:00,2.648,0.335,238.11,10.94,19.0,1.8,17.4
04/09/2026,19:19:00,2.779,0.43,239.32,11.9,15.3,0.0,18.3
04/09/2026,19:20:00,2.852,0.37,238.68,11.98,18.3,0.0,15.7
04/09/2026,19:21:00,2.735,0.425,239.64,11.37,19.4,0.0,19.1
04/09/2026,19:22:00,2.71,0.425,238.17,11.44,17.9,1.6,22.6
04/09/2026,19:23:00,2.71,0.363,237.57,11.31,20.4,0.0,18.6
04/09/2026,19:24:00,2.52,0.451,238.88,10.2,18.6,0.0,18.5
04/09/2026,19:25:00,2.774,0.44,240.08,11.64,20.1,0.9,24.0
04/09/2026,19:26:00,2.729,0.406,239.16,11.61,24.5,0.0,16.4
04/09/2026,19:27:00,2.756,0.467,241.05,11.52,22.7,1.4,19.6
04/09/2026,19:28:00,2.668,0.375,239.03,11.16,21.5,3.9,22.0
04/09/2026,19:29:00,2.698,0.393,238.97,11.29,23.9,0.3,17.7
04/09/2026,19:30:00,2.699,0.366,237.3,11.4,20.2,0.0,20.4
04/09/2026,19:31:00,2.817,0.483,239.11,11.8,20.2,0.2,18.9
04/09/2026,19:32:00,2.708,0.433,238.94,11.32,18.3,1.4,16.2
04/09/2026,19:33:00,2.907,0.465,238.54,12.19,23.0,1.3,18.3
04/09/2026,19:34:00,2.778,0.441,238.74,11.87,24.4,1.9,18.6
04/09/2026,19:35:00,2.644,0.432,238.79,11.14,22.3,0.0,17.3
04/09/2026,19:36:00,2.739,0.431,238.72,11.49,23.3,0.4,15.1
04/09/2026,19:37:00,2.699,0.431,240.31,11.33,15.0,0.0,17.8
04/09/2026,19:38:00,2.578,0.412,238.59,10.91,25.2,1.6,15.4
04/09/2026,19:39:00,2.884,0.431,238.98,12.21,20.4,0.0,19.9
04/09/2026,19:40:00,2.815,0.437,238.58,11.68,25.3,1.1,20.0
04/09/2026,19:41:00,2.803,0.443,239.42,11.64,24.1,0.0,16.0
04/09/2026,19:42:00,2.776,0.436,239.0,11.49,22.2,0.7,19.0
04/09/2026,19:43:00,2.654,0.382,238.68,11.23,20.0,2.0,15.8
04/09/2026,19:44:00,2.728,0.394,237.54,11.59,21.0,0.2,18.0
04/09/2026,19:45:00,2.835,0.467,239.06,11.67,16.9,0.0,17.3
04/09/2026,19:46:00,2.685,0.415,238.68,11.31,22.6,0.8,19.9
04/09/2026,19:47:00,2.568,0.423,238.86,10.96,15.6,0.0,15.3
04/09/2026,19:48:00,2.754,0.403,238.08,11.53,20.1,0.0,21.0
04/09/2026,19:49:00,2.762,0.395,239.92,11.56,23.8,3.2,21.6
04/09/2026,19:50:00,2.785,0.413,239.52,11.74,22.2,0.0,18.5
04/09/2026,19:51:00,2.834,0.435,239.93,11.61,17.7,1.7,15.9
04/09/2026,19:52:00,2.828,0.423,239.73,11.82,18.1,0.6,14.3
04/09/2026,19:53:00,2.798,0.468,239.35,11.88,19.6,0.0,21.3
04/09/2026,19:54:00,2.874,0.449,238.14,11.98,20.9,1.3,23.3
04/09/2026,19:55:00,2.657,0.465,240.24,11.19,22.5,0.8,19.0
04/09/2026,19:56:00,2.82,0.448,238.3,11.84,22.0,2.5,16.3
04/09/2026,19:57:00,2.83,0.379,238.77,11.75,18.7,0.0,16.5
04/09/2026,19:58:00,2.681,0.448,239.46,11.18,22.0,0.1,21.5
04/09/2026,19:59:00,2.66,0.381,239.5,11.03,22.3,2.1,19.3
04/09/2026,20:00:00,2.72,0.432,239.38,11.23,21.8,0.5,16.8
04/09/2026,20:01:00,2.727,0.408,238.7,11.39,25.8,1.5,24.0
04/09/2026,20:02:00,2.84,0.494,238.57,11.92,22.3,2.4,21.2
04/09/2026,20:03:00,2.73,0.464,240.77,11.32,22.7,1.5,20.1
04/09/2026,20:04:00,2.711,0.407,238.98,11.3,24.5,0.0,17.7
04/09/2026,20:05:00,2.73,0.424,238.9,11.46,22.5,0.3,21.6
04/09/2026,20:06:00,2.868,0.45,238.52,12.1,19.7,2.4,20.8
04/09/2026,20:07:00,2.778,0.455,239.19,11.44,23.3,1.0,18.6
04/09/2026,20:08:00,2.762,0.432,239.17,11.51,20.0,0.5,21.3
04/09/2026,20:09:00,2.767,0.406,239.02,11.28,18.8,1.3,21.2
04/09/2026,20:10:00,2.878,0.427,239.31,12.0,19.0,0.0,19.5
04/09/2026,20:11:00,2.714,0.426,240.28,11.32,23.2,0.5,16.3
04/09/2026,20:12:00,2.877,0.476,238.64,12.14,22.0,0.7,16.6
04/09/2026,20:13:00,2.788,0.445,239.09,11.68,22.8,0.7,15.3
04/09/2026,20:14:00,2.757,0.411,238.61,11.63,21.9,0.3,21.7
04/09/2026,20:15:00,2.968,0.472,239.28,12.41,21.1,0.4,15.6
04/09/2026,20:16:00,2.682,0.412,238.68,11.13,21.3,0.7,18.9
04/09/2026,20:17:00,2.736,0.451,238.72,11.29,21.8,2.7,15.3
04/09/2026,20:18:00,2.664,0.483,238.07,11.15,19.4,0.0,22.5
04/09/2026,20:19:00,2.837,0.431,239.17,11.75,18.0,1.7,16.2
04/09/2026,20:20:00,2.893,0.467,239.41,12.07,19.6,0.7,19.5
04/09/2026,20:21:00,2.89,0.428,240.42,11.95,21.7,0.7,15.3
04/09/2026,20:22:00,2.852,0.439,239.45,11.97,19.3,0.3,20.6
04/09/2026,20:23:00,2.736,0.429,238.81,11.46,24.8,1.5,21.1
04/09/2026,20:24:00,2.72,0.422,238.18,11.49,21.4,2.0,18.7
04/09/2026,20:25:00,2.613,0.475,238.29,11.03,20.7,0.0,18.5
04/09/2026,20:26:00,2.906,0.441,238.24,12.17,19.2,3.5,20.4
04/09/2026,20:27:00,2.778,0.448,240.47,11.54,22.3,1.0,17.3
04/09/2026,20:28:00,2.698,0.376,239.36,11.35,18.0,0.9,21.0
04/09/2026,20:29:00,2.841,0.452,238.76,12.27,21.0,0.0,19.2
04/09/2026,20:30:00,2.654,0.447,238.5,10.98,19.5,0.1,15.1
04/09/2026,20:31:00,2.761,0.418,238.58,11.58,20.5,2.6,22.6
04/09/2026,20:32:00,2.711,0.363,238.76,11.18,21.2,0.9,18.9
04/09/2026,20:33:00,2.773,0.432,240.12,11.54,17.9,1.3,17.7
04/09/2026,20:34:00,2.713,0.426,239.18,11.24,16.9,0.2,18.8
04/09/2026,20:35:00,2.598,0.43,238.2,10.89,18.3,3.4,16.9
04/09/2026,20:36:00,2.717,0.476,240.83,11.3,21.9,0.6,18.1
04/09/2026,20:37:00,2.791,0.425,238.43,11.63,20.8,2.3,20.1
04/09/2026,20:38:00,2.701,0.403,238.82,11.04,19.2,0.6,19.9
04/09/2026,20:39:00,2.761,0.402,240.16,11.71,24.0,1.3,19.7
04/09/2026,20:40:00,2.611,0.418,239.54,11.03,22.5,1.3,17.0
04/09/2026,20:41:00,2.688,0.435,238.92,11.23,22.0,2.0,16.4
04/09/2026,20:42:00,2.636,0.403,238.4,10.92,18.4,1.8,19.1
04/09/2026,20:43:00,2.742,0.448,238.59,11.5,21.9,0.2,19.9
04/09/2026,20:44:00,2.68,0.433,238.64,11.28,20.5,2.3,16.6
04/09/2026,20:45:00,2.728,0.428,239.29,11.52,18.3,0.0,17.6
04/09/2026,20:46:00,2.755,0.408,239.42,11.64,19.5,0.0,19.0
04/09/2026,20:47:00,2.719,0.414,239.19,11.52,17.6,0.4,17.9
04/09/2026,20:48:00,2.68,0.361,239.28,10.94,18.2,1.3,20.6
04/09/2026,20:49:00,2.574,0.415,238.58,10.74,17.3,0.0,15.1
04/09/2026,20:50:00,2.648,0.418,239.52,11.21,21.4,0.7,14.8
04/09/2026,20:51:00,2.601,0.417,240.22,10.69,19.3,0.0,20.3
04/09/2026,20:52:00,2.611,0.426,239.22,11.1,17.5,0.4,19.2
04/09/2026,20:53:00,2.603,0.422,239.21,11.15,20.4,2.1,18.1
04/09/2026,20:54:00,2.549,0.403,239.41,10.83,19.3,0.0,17.1
04/09/2026,20:55:00,2.465,0.397,240.14,10.37,21.4,0.0,18.8
04/09/2026,20:56:00,2.563,0.372,238.74,10.67,19.5,1.3,18.2
04/09/2026,20:57:00,2.626,0.401,240.39,10.97,16.3,0.0,18.4
04/09/2026,20:58:00,2.497,0.401,239.67,10.22,18.1,3.9,17.5
04/09/2026,20:59:00,2.601,0.394,239.41,10.75,16.7,1.0,18.8
04/09/2026,21:00:00,2.746,0.451,240.24,11.32,20.1,2.1,19.6
04/09/2026,21:01:00,2.669,0.404,238.57,11.2,21.1,0.0,19.5
04/09/2026,21:02:00,2.713,0.431,239.77,11.26,15.8,1.4,18.5
04/09/2026,21:03:00,2.607,0.416,239.72,10.91,18.6,0.0,17.4
04/09/2026,21:04:00,2.663,0.438,238.77,11.28,21.1,0.6,18.4
04/09/2026,21:05:00,2.505,0.423,239.75,10.34,15.6,0.0,20.0
04/09/2026,21:06:00,2.505,0.418,239.64,10.48,17.8,2.2,17.0
04/09/2026,21:07:00,2.331,0.327,239.32,9.68,18.6,1.2,16.7
04/09/2026,21:08:00,2.639,0.447,240.06,11.02,20.6,1.0,18.3
04/09/2026,21:09:00,2.661,0.457,239.06,11.23,19.5,2.6,18.8
04/09/2026,21:10:00,2.487,0.386,239.66,10.51,19.9,0.8,16.9
04/09/2026,21:11:00,2.504,0.406,239.39,10.56,19.5,2.1,18.1
04/09/2026,21:12:00,2.457,0.373,239.06,10.34,17.5,3.1,15.2
04/09/2026,21:13:00,2.541,0.356,239.85,10.38,21.5,1.0,17.0
04/09/2026,21:14:00,2.594,0.393,239.36,10.67,16.8,1.1,20.4
04/09/2026,21:15:00,2.357,0.369,238.48,9.76,12.5,2.0,18.2
04/09/2026,21:16:00,2.523,0.394,238.26,10.64,14.4,2.7,15.4
04/09/2026,21:17:00,2.461,0.371,240.08,10.06,17.7,1.0,15.7
04/09/2026,21:18:00,2.485,0.38,238.68,10.46,17.2,0.0,14.0
04/09/2026,21:19:00,2.505,0.4,239.74,10.49,16.7,1.9,20.3
04/09/2026,21:20:00,2.446,0.374,239.59,9.92,18.0,1.5,14.4
04/09/2026,21:21:00,2.446,0.407,239.3,10.06,20.0,1.9,11.0
04/09/2026,21:22:00,2.429,0.409,240.94,10.24,18.5,1.7,13.4
04/09/2026,21:23:00,2.517,0.462,239.7,10.6,18.8,1.1,16.6
04/09/2026,21:24:00,2.465,0.424,240.11,10.14,15.3,1.1,14.8
04/09/2026,21:25:00,2.442,0.399,239.79,10.03,16.3,1.7,16.7
04/09/2026,21:26:00,2.315,0.362,239.44,9.3,18.7,0.0,17.1
04/09/2026,21:27:00,2.379,0.393,239.59,10.15,17.4,2.5,14.9
04/09/2026,21:28:00,2.473,0.405,240.63,10.28,18.1,1.4,14.2
04/09/2026,21:29:00,2.397,0.375,240.38,10.25,18.3,0.0,18.2
04/09/2026,21:30:00,2.439,0.412,241.0,10.09,17.3,1.0,16.8
04/09/2026,21:31:00,2.519,0.367,239.79,10.55,20.1,2.5,10.2
04/09/2026,21:32:00,2.453,0.388,239.03,10.4,15.8,1.2,12.6
04/09/2026,21:33:00,2.37,0.398,239.35,10.15,15.1,0.0,12.0
04/09/2026,21:34:00,2.314,0.37,238.83,9.76,13.1,0.0,15.5
04/09/2026,21:35:00,2.142,0.352,240.21,8.92,18.1,4.0,16.3
04/09/2026,21:36:00,2.325,0.376,239.27,9.72,15.4,0.0,15.4
04/09/2026,21:37:00,2.304,0.356,237.55,9.54,19.0,1.2,14.3
04/09/2026,21:38:00,2.354,0.412,241.42,9.69,16.9,0.0,17.9
04/09/2026,21:39:00,2.302,0.351,239.3,9.63,15.6,2.2,16.3
04/09/2026,21:40:00,2.28,0.382,239.31,9.74,14.1,0.0,13.5
04/09/2026,21:41:00,2.155,0.369,240.89,8.88,17.8,2.9,13.6
04/09/2026,21:42:00,2.214,0.342,238.88,9.43,15.9,0.6,13.7
04/09/2026,21:43:00,2.319,0.38,240.53,9.63,16.5,0.5,14.6
04/09/2026,21:44:00,2.41,0.366,239.33,10.26,17.1,0.4,15.4
04/09/2026,21:45:00,2.257,0.406,238.83,9.55,16.3,0.0,16.1
04/09/2026,21:46:00,2.283,0.345,240.95,9.56,14.0,0.3,13.4
04/09/2026,21:47:00,2.324,0.363,240.41,9.81,16.7,1.7,12.1
04/09/2026,21:48:00,2.175,0.33,240.42,9.17,17.2,0.0,15.9
04/09/2026,21:49:00,2.26,0.337,240.04,9.58,16.2,0.0,16.8
04/09/2026,21:50:00,2.163,0.399,240.21,9.33,16.7,2.7,18.7
04/09/2026,21:51:00,2.283,0.388,238.94,9.8,16.8,0.7,15.8
04/09/2026,21:52:00,2.218,0.37,239.89,9.31,14.4,0.1,13.2
04/09/2026,21:53:00,2.221,0.35,239.17,9.22,14.3,0.0,16.1
04/09/2026,21:54:00,2.126,0.378,238.85,8.96,19.5,0.0,14.4
04/09/2026,21:55:00,2.237,0.348,240.12,9.03,17.6,2.1,11.7
04/09/2026,21:56:00,2.338,0.4,240.65,9.84,14.8,0.0,14.5
04/09/2026,21:57:00,2.082,0.328,239.58,8.53,16.2,1.8,15.1
04/09/2026,21:58:00,2.127,0.339,239.71,9.04,12.9,0.0,17.6
04/09/2026,21:59:00,2.164,0.379,239.07,9.35,13.5,0.6,14.5
04/09/2026,22:00:00,2.2,0.386,239.88,8.95,12.1,0.7,12.5
04/09/2026,22:01:00,2.083,0.365,240.42,8.66,15.1,0.0,10.1
04/09/2026,22:02:00,1.893,0.301,240.45,7.71,15.0,0.9,11.5
04/09/2026,22:03:00,2.22,0.355,240.28,8.98,16.5,0.0,12.0
04/09/2026,22:04:00,2.163,0.363,239.48,9.02,13.8,0.7,17.7
04/09/2026,22:05:00,1.954,0.313,239.46,8.26,16.3,1.4,13.6
04/09/2026,22:06:00,2.036,0.379,240.48,8.58,15.4,0.0,13.8
04/09/2026,22:07:00,2.201,0.304,240.5,9.18,18.9,1.1,16.3
04/09/2026,22:08:00,2.183,0.343,239.82,8.85,17.2,1.0,15.2
04/09/2026,22:09:00,2.134,0.343,239.65,8.92,16.8,1.1,13.2
04/09/2026,22:10:00,2.036,0.273,240.78,8.23,15.4,0.0,16.2
04/09/2026,22:11:00,2.048,0.311,239.72,8.33,11.9,0.9,12.1
04/09/2026,22:12:00,2.022,0.358,240.5,8.26,14.1,0.0,14.2
04/09/2026,22:13:00,2.114,0.354,239.89,8.97,18.0,0.0,10.8
04/09/2026,22:14:00,1.945,0.373,239.26,8.21,14.4,0.8,14.0
04/09/2026,22:15:00,1.942,0.372,241.13,8.1,11.7,1.1,15.6
04/09/2026,22:16:00,2.078,0.36,240.09,8.53,13.9,0.0,15.3
04/09/2026,22:17:00,1.985,0.346,239.52,8.23,11.2,0.4,15.3
04/09/2026,22:18:00,2.09,0.352,239.05,8.54,11.3,1.8,19.6
04/09/2026,22:19:00,1.918,0.264,239.13,8.22,13.8,0.0,12.6
04/09/2026,22:20:00,1.958,0.3,239.78,8.5,14.4,0.0,11.1
04/09/2026,22:21:00,1.88,0.328,241.4,7.87,11.2,1.5,14.0
04/09/2026,22:22:00,1.946,0.349,239.65,8.23,11.6,0.0,11.0
04/09/2026,22:23:00,1.818,0.325,241.08,7.52,9.8,0.0,10.4
04/09/2026,22:24:00,1.889,0.304,239.98,7.63,12.3,1.0,12.3
04/09/2026,22:25:00,1.804,0.34,239.26,7.41,8.6,0.9,17.1
04/09/2026,22:26:00,1.966,0.373,239.76,8.13,11.8,2.1,14.2
04/09/2026,22:27:00,1.959,0.359,239.2,8.13,12.5,0.5,13.5
04/09/2026,22:28:00,1.755,0.335,239.51,7.23,8.7,0.9,8.9
04/09/2026,22:29:00,1.991,0.325,239.5,8.32,10.1,0.0,11.2
04/09/2026,22:30:00,2.076,0.376,238.79,8.57,11.9,1.6,15.6
04/09/2026,22:31:00,1.871,0.328,241.19,8.08,11.6,0.0,11.8
04/09/2026,22:32:00,1.808,0.33,240.29,7.32,11.6,5.0,17.2
04/09/2026,22:33:00,2.076,0.358,239.67,8.8,12.4,0.5,13.3
04/09/2026,22:34:00,1.737,0.305,240.31,7.19,8.4,1.4,11.9
04/09/2026,22:35:00,1.835,0.299,239.58,7.73,13.1,1.6,11.5
04/09/2026,22:36:00,1.839,0.319,238.31,7.8,10.9,0.7,12.0
04/09/2026,22:37:00,1.924,0.356,242.25,7.97,10.3,1.4,8.9
04/09/2026,22:38:00,1.837,0.309,240.32,7.47,7.7,3.7,14.1
04/09/2026,22:39:00,1.76,0.334,239.79,7.29,10.8,0.0,12.9
04/09/2026,22:40:00,1.715,0.324,238.86,7.21,12.3,0.0,11.3
04/09/2026,22:41:00,1.756,0.303,239.17,7.36,11.4,0.0,11.6
04/09/2026,22:42:00,1.694,0.338,241.38,6.87,11.4,2.1,13.5
04/09/2026,22:43:00,1.77,0.304,241.28,7.53,10.3,0.2,16.2
04/09/2026,22:44:00,1.713,0.343,240.77,6.74,10.8,3.8,15.0
04/09/2026,22:45:00,1.63,0.306,239.47,6.77,8.6,1.7,12.0
04/09/2026,22:46:00,1.842,0.321,241.32,7.5,10.7,0.0,9.7
04/09/2026,22:47:00,1.694,0.281,240.58,7.07,9.7,0.0,8.1
04/09/2026,22:48:00,1.624,0.293,240.73,6.9,8.3,0.2,11.7
04/09/2026,22:49:00,1.704,0.299,240.6,6.87,12.0,0.0,9.6
04/09/2026,22:50:00,1.715,0.274,239.24,7.52,7.3,1.2,11.6
04/09/2026,22:51:00,1.561,0.282,239.46,6.55,11.4,1.7,11.9
04/09/2026,22:52:00,1.719,0.286,239.95,7.22,11.4,0.0,12.8
04/09/2026,22:53:00,1.601,0.307,240.77,6.43,9.1,0.0,8.5
04/09/2026,22:54:00,1.814,0.35,239.36,7.57,12.2,0.0,9.1
04/09/2026,22:55:00,1.711,0.275,240.21,7.27,8.9,2.1,10.3
04/09/2026,22:56:00,1.629,0.338,240.22,6.81,8.7,1.8,11.5
04/09/2026,22:57:00,1.594,0.288,240.9,6.64,7.5,1.1,11.3
04/09/2026,22:58:00,1.637,0.272,240.83,6.79,9.8,2.9,16.5
04/09/2026,22:59:00,1.687,0.321,239.66,6.83,7.8,0.0,5.8
04/09/2026,23:00:00,1.628,0.284,241.38,6.54,8.1,0.5,13.2
04/09/2026,23:01:00,1.605,0.291,239.57,6.87,9.5,1.5,13.0
04/09/2026,23:02:00,1.619,0.284,241.15,6.85,9.5,1.8,8.6
04/09/2026,23:03:00,1.558,0.267,240.01,6.65,12.0,1.8,9.5
04/09/2026,23:04:00,1.572,0.307,240.52,6.41,11.2,1.7,14.4
04/09/2026,23:05:00,1.425,0.264,240.57,5.9,10.4,2.5,9.1
04/09/2026,23:06:00,1.662,0.264,240.56,7.09,8.9,1.8,9.1
04/09/2026,23:07:00,1.6,0.306,240.9,6.46,8.3,0.0,10.6
04/09/2026,23:08:00,1.507,0.251,240.71,6.43,9.0,0.2,11.4
04/09/2026,23:09:00,1.714,0.277,240.99,7.02,7.9,0.0,12.4
04/09/2026,23:10:00,1.561,0.317,240.78,6.36,7.5,2.1,12.5
04/09/2026,23:11:00,1.464,0.246,239.58,6.11,8.7,2.4,11.9
04/09/2026,23:12:00,1.608,0.235,240.66,6.52,7.0,0.0,5.9
04/09/2026,23:13:00,1.564,0.303,240.08,6.23,7.1,0.3,9.9
04/09/2026,23:14:00,1.557,0.279,239.71,6.51,10.6,0.0,11.4
04/09/2026,23:15:00,1.484,0.273,240.29,6.26,5.8,0.6,11.4
04/09/2026,23:16:00,1.547,0.278,240.63,6.61,6.4,0.0,8.3
04/09/2026,23:17:00,1.483,0.284,240.68,6.25,11.0,0.0,7.6
04/09/2026,23:18:00,1.541,0.266,241.25,6.68,7.6,0.8,7.4
04/09/2026,23:19:00,1.337,0.297,241.44,5.74,11.1,3.2,10.8
04/09/2026,23:20:00,1.448,0.237,240.77,6.13,5.9,1.8,11.9
04/09/2026,23:21:00,1.614,0.305,240.9,6.77,8.3,0.5,9.9
04/09/2026,23:22:00,1.408,0.285,240.61,6.04,9.6,0.7,7.2
04/09/2026,23:23:00,1.414,0.251,241.09,5.53,6.2,3.2,9.9
04/09/2026,23:24:00,1.42,0.245,240.9,5.82,11.3,2.4,7.4
04/09/2026,23:25:00,1.352,0.288,240.53,5.34,7.1,0.4,7.8
04/09/2026,23:26:00,1.266,0.227,242.08,5.33,8.9,1.5,8.6
04/09/2026,23:27:00,1.417,0.255,240.2,5.79,6.4,0.0,7.6
04/09/2026,23:28:00,1.44,0.295,241.61,6.41,10.7,0.8,6.8
04/09/2026,23:29:00,1.418,0.271,239.65,5.84,8.3,1.8,12.7
04/09/2026,23:30:00,1.404,0.224,241.18,5.84,11.8,2.1,5.1
04/09/2026,23:31:00,1.413,0.313,241.62,5.79,9.9,0.0,7.9
04/09/2026,23:32:00,1.485,0.265,239.29,6.13,9.1,2.1,8.6
04/09/2026,23:33:00,1.382,0.256,240.73,5.55,5.5,1.0,11.8
04/09/2026,23:34:00,1.345,0.268,241.14,5.38,7.5,0.4,9.7
04/09/2026,23:35:00,1.362,0.279,240.82,5.33,6.7,3.3,8.4
04/09/2026,23:36:00,1.424,0.32,240.92,5.99,7.3,0.3,7.3
04/09/2026,23:37:00,1.485,0.237,240.76,6.1,7.5,0.0,11.4
04/09/2026,23:38:00,1.316,0.279,239.9,5.77,5.3,0.0,7.1
04/09/2026,23:39:00,1.368,0.283,242.33,5.46,6.7,1.7,9.3
04/09/2026,23:40:00,1.381,0.262,240.33,5.97,6.8,0.0,8.4
04/09/2026,23:41:00,1.268,0.272,240.99,5.5,4.9,1.9,9.8
04/09/2026,23:42:00,1.344,0.285,240.25,5.78,8.5,0.0,12.1
04/09/2026,23:43:00,1.219,0.212,239.11,5.13,7.3,0.7,10.2
04/09/2026,23:44:00,1.189,0.286,240.07,4.9,8.4,3.7,8.3
04/09/2026,23:45:00,1.354,0.223,239.71,5.84,7.7,0.0,12.2
04/09/2026,23:46:00,1.288,0.226,241.49,5.21,3.2,0.0,12.0
04/09/2026,23:47:00,1.329,0.253,240.31,5.57,4.9,2.6,11.0
04/09/2026,23:48:00,1.306,0.305,240.38,5.43,9.8,0.0,9.1
04/09/2026,23:49:00,1.224,0.239,240.0,4.97,8.1,0.0,6.7
04/09/2026,23:50:00,1.293,0.254,240.82,5.41,3.2,1.7,3.2
04/09/2026,23:51:00,1.192,0.279,240.26,5.07,7.3,1.7,8.8
04/09/2026,23:52:00,1.397,0.26,241.47,5.64,4.7,0.0,10.0
04/09/2026,23:53:00,1.172,0.211,240.99,4.93,2.1,0.4,5.3
04/09/2026,23:54:00,1.259,0.241,240.38,4.9,9.5,1.9,9.1
04/09/2026,23:55:00,1.186,0.277,241.39,4.76,6.3,3.4,7.2
04/09/2026,23:56:00,1.31,0.259,240.8,5.37,6.6,0.0,9.3
04/09/2026,23:57:00,1.233,0.296,240.82,5.17,3.6,2.2,6.7
04/09/2026,23:58:00,1.212,0.264,239.79,5.19,3.7,0.0,6.5
04/09/2026,23:59:00,1.317,0.242,240.77,5.48,2.8,2.2,7.9
05/09/2026,00:00:00,1.552,0.288,241.05,6.52,7.2,2.9,6.4
05/09/2026,00:01:00,1.591,0.27,241.77,6.56,1.0,4.0,11.1
05/09/2026,00:02:00,1.472,0.26,240.31,6.18,7.6,4.8,9.0
05/09/2026,00:03:00,1.438,0.384,242.44,5.98,2.3,5.5,6.5
05/09/2026,00:04:00,1.559,0.312,241.24,6.38,1.9,5.0,7.6
05/09/2026,00:05:00,1.525,0.304,239.8,6.3,4.2,3.7,10.3
05/09/2026,00:06:00,1.6,0.276,240.28,6.75,3.0,3.6,8.3
05/09/2026,00:07:00,1.544,0.324,241.87,6.65,4.5,6.6,10.6
05/09/2026,00:08:00,1.566,0.315,241.75,6.66,2.6,4.7,6.8
05/09/2026,00:09:00,1.42,0.317,240.9,5.73,3.7,3.7,8.4
05/09/2026,00:10:00,1.701,0.35,241.0,6.89,2.8,5.0,8.8
05/09/2026,00:11:00,1.537,0.247,240.09,6.32,6.0,5.1,13.9
05/09/2026,00:12:00,1.606,0.265,241.83,6.66,5.3,2.5,7.4
05/09/2026,00:13:00,1.483,0.253,240.22,6.18,4.8,4.9,10.4
05/09/2026,00:14:00,1.575,0.265,241.51,6.71,6.4,2.3,10.0
05/09/2026,00:15:00,1.446,0.282,241.87,6.17,4.8,3.5,12.8
05/09/2026,00:16:00,1.586,0.276,240.97,6.58,4.7,3.0,12.0
05/09/2026,00:17:00,1.522,0.334,241.62,6.26,4.1,4.1,8.0
05/09/2026,00:18:00,1.552,0.334,242.24,6.49,2.9,3.7,6.7
05/09/2026,00:19:00,1.606,0.293,241.14,6.82,2.9,4.0,5.9
05/09/2026,00:20:00,1.451,0.323,240.84,6.11,4.6,1.8,9.5
05/09/2026,00:21:00,1.495,0.317,240.92,6.14,6.4,4.2,11.2
05/09/2026,00:22:00,1.587,0.279,240.45,6.51,5.5,2.9,11.5
05/09/2026,00:23:00,1.718,0.256,240.44,6.98,5.4,7.3,8.4
05/09/2026,00:24:00,1.539,0.279,241.3,6.41,2.1,3.8,9.1
05/09/2026,00:25:00,1.597,0.276,240.88,6.72,5.4,4.0,12.1
05/09/2026,00:26:00,1.541,0.29,241.23,6.5,3.5,5.2,7.3
05/09/2026,00:27:00,1.705,0.307,239.96,7.28,4.7,6.0,3.6
05/09/2026,00:28:00,1.41,0.271,240.95,6.08,5.4,2.8,11.5
05/09/2026,00:29:00,1.558,0.3,241.74,6.24,2.0,5.0,6.4
05/09/2026,00:30:00,1.42,0.24,240.24,5.97,4.6,5.6,8.4
05/09/2026,00:31:00,1.35,0.272,241.04,5.66,4.8,4.5,10.0
05/09/2026,00:32:00,1.574,0.278,239.74,6.55,6.3,4.5,8.0
05/09/2026,00:33:00,1.561,0.292,240.13,6.38,3.3,3.6,11.4
05/09/2026,00:34:00,1.527,0.307,241.61,6.54,4.2,3.9,14.9
05/09/2026,00:35:00,1.542,0.254,240.84,6.31,4.7,4.2,7.2
05/09/2026,00:36:00,1.798,0.309,242.33,7.09,3.3,3.7,9.3
05/09/2026,00:37:00,1.529,0.281,241.37,6.34,3.3,5.5,9.0
05/09/2026,00:38:00,1.591,0.278,241.44,6.55,3.2,3.2,9.7
05/09/2026,00:39:00,1.498,0.302,240.32,6.51,4.1,5.4,7.7
05/09/2026,00:40:00,1.574,0.271,240.81,6.61,7.8,6.0,7.6
05/09/2026,00:41:00,1.531,0.27,240.58,6.32,4.1,4.8,7.6
05/09/2026,00:42:00,1.517,0.264,240.35,6.28,5.3,2.0,8.0
05/09/2026,00:43:00,1.696,0.331,241.56,6.99,4.4,5.1,8.0
05/09/2026,00:44:00,1.644,0.285,241.71,7.14,3.7,3.5,3.5
05/09/2026,00:45:00,1.561,0.299,241.39,6.57,4.3,3.6,9.2
05/09/2026,00:46:00,1.366,0.313,240.54,5.47,5.9,4.8,8.3
05/09/2026,00:47:00,1.521,0.281,241.35,6.27,4.2,5.7,7.4
05/09/2026,00:48:00,1.766,0.34,239.79,7.36,4.0,2.1,9.2
05/09/2026,00:49:00,1.532,0.326,242.06,6.16,3.9,4.4,9.0
05/09/2026,00:50:00,1.638,0.322,240.23,6.55,2.3,6.9,8.1
05/09/2026,00:51:00,1.665,0.299,240.36,7.02,6.4,2.9,9.0
05/09/2026,00:52:00,1.568,0.304,241.23,6.38,3.4,4.0,7.7
05/09/2026,00:53:00,1.483,0.246,241.3,6.33,7.3,3.5,6.4
05/09/2026,00:54:00,1.355,0.243,241.11,5.62,4.8,5.2,13.3
05/09/2026,00:55:00,1.605,0.277,240.39,6.61,7.1,2.7,7.9
05/09/2026,00:56:00,1.485,0.334,241.96,5.77,3.9,2.3,9.6
05/09/2026,00:57:00,1.564,0.267,240.0,6.7,2.9,5.4,14.7
05/09/2026,00:58:00,1.45,0.253,240.14,6.08,6.4,4.6,8.1
05/09/2026,00:59:00,1.529,0.257,241.11,6.27,3.2,2.8,10.0
05/09/2026,01:00:00,1.553,0.3,240.31,6.33,6.9,4.2,14.1
05/09/2026,01:01:00,1.572,0.292,242.05,6.73,5.5,2.6,5.4
05/09/2026,01:02:00,1.461,0.302,240.38,5.92,7.3,5.5,11.9
05/09/2026,01:03:00,1.646,0.314,242.3,6.74,2.4,4.7,9.5
05/09/2026,01:04:00,1.502,0.246,241.94,6.3,6.2,3.4,7.9
05/09/2026,01:05:00,1.416,0.25,242.08,6.07,2.8,3.5,9.1
05/09/2026,01:06:00,1.542,0.319,242.54,6.32,0.0,3.7,8.2
05/09/2026,01:07:00,1.553,0.281,241.28,6.33,6.1,2.9,12.5
05/09/2026,01:08:00,1.563,0.317,240.52,6.48,4.3,6.0,9.0
05/09/2026,01:09:00,1.659,0.295,241.16,7.02,6.2,5.8,10.5
05/09/2026,01:10:00,1.531,0.26,240.84,6.53,4.5,3.8,7.8
05/09/2026,01:11:00,1.541,0.277,240.75,6.19,4.4,3.9,9.6
05/09/2026,01:12:00,1.462,0.251,241.35,6.07,7.3,2.8,8.2
05/09/2026,01:13:00,1.616,0.28,241.04,6.49,4.6,4.1,5.9
05/09/2026,01:14:00,1.565,0.293,240.73,6.63,3.4,4.9,11.9
05/09/2026,01:15:00,1.517,0.295,241.09,6.35,4.1,5.8,9.8
05/09/2026,01:16:00,1.398,0.228,241.65,5.65,4.6,3.1,10.7
05/09/2026,01:17:00,1.666,0.299,241.94,7.12,0.0,2.1,7.4
05/09/2026,01:18:00,1.452,0.26,240.15,6.1,5.3,3.0,11.6
05/09/2026,01:19:00,1.503,0.264,241.07,6.27,7.0,5.0,10.0
05/09/2026,01:20:00,1.579,0.293,241.19,6.52,4.2,4.2,9.3
05/09/2026,01:21:00,1.455,0.261,240.46,6.05,3.5,5.6,11.3
05/09/2026,01:22:00,1.431,0.306,241.21,5.88,5.1,4.4,8.3
05/09/2026,01:23:00,1.381,0.295,241.4,5.61,7.8,6.4,11.8
05/09/2026,01:24:00,1.608,0.323,241.66,6.84,5.3,2.2,7.5
05/09/2026,01:25:00,1.507,0.268,241.36,6.17,4.8,1.1,9.1
05/09/2026,01:26:00,1.785,0.29,240.69,7.34,3.5,6.1,6.9
05/09/2026,01:27:00,1.471,0.279,242.72,6.04,2.2,3.3,6.5
05/09/2026,01:28:00,1.477,0.273,241.9,6.32,4.4,4.5,8.0
05/09/2026,01:29:00,1.505,0.265,241.71,6.4,4.4,4.5,8.6
05/09/2026,01:30:00,1.57,0.259,242.03,6.43,0.5,4.7,10.2
05/09/2026,01:31:00,1.513,0.281,241.5,6.45,2.9,3.7,7.6
05/09/2026,01:32:00,1.6,0.282,242.23,6.62,6.6,3.1,10.3
05/09/2026,01:33:00,1.472,0.294,241.38,5.97,3.8,3.0,8.3
05/09/2026,01:34:00,1.44,0.289,241.34,5.9,0.0,5.1,7.9
05/09/2026,01:35:00,1.407,0.296,241.79,6.02,7.5,5.3,10.4
05/09/2026,01:36:00,1.373,0.233,242.45,5.97,2.5,4.0,7.8
05/09/2026,01:37:00,1.509,0.291,242.41,6.27,3.4,3.5,13.0
05/09/2026,01:38:00,1.527,0.265,241.77,6.23,6.5,5.0,10.0
05/09/2026,01:39:00,1.5,0.25,241.72,6.19,2.8,2.4,6.0
05/09/2026,01:40:00,1.65,0.287,241.85,6.71,0.4,6.8,8.7
05/09/2026,01:41:00,1.649,0.325,242.06,6.72,4.8,4.9,7.6
05/09/2026,01:42:00,1.524,0.274,242.28,6.18,5.9,4.1,5.4
05/09/2026,01:43:00,1.407,0.308,241.21,5.82,3.4,5.4,11.3
05/09/2026,01:44:00,1.506,0.294,242.3,6.23,4.1,5.1,11.4
05/09/2026,01:45:00,1.503,0.271,241.62,6.2,2.0,4.6,7.4
05/09/2026,01:46:00,1.498,0.309,241.84,6.16,2.3,1.8,10.6
05/09/2026,01:47:00,1.495,0.291,242.35,6.28,3.7,4.8,10.9
05/09/2026,01:48:00,1.499,0.257,241.91,6.16,5.6,6.2,9.0
05/09/2026,01:49:00,1.52,0.329,242.03,6.26,4.5,3.6,11.1
05/09/2026,01:50:00,1.5,0.287,241.12,6.2,6.4,5.5,9.6
05/09/2026,01:51:00,1.568,0.289,242.45,6.7,7.6,5.4,11.5
05/09/2026,01:52:00,1.58,0.268,241.89,6.46,6.1,4.7,6.4
05/09/2026,01:53:00,1.478,0.307,241.49,6.21,1.2,4.5,9.3
05/09/2026,01:54:00,1.653,0.311,242.18,6.71,3.8,5.0,9.4
05/09/2026,01:55:00,1.473,0.292,243.22,6.11,6.1,4.8,6.5
05/09/2026,01:56:00,1.422,0.258,240.59,5.99,4.1,6.8,6.7
05/09/2026,01:57:00,1.582,0.311,240.85,6.73,1.1,5.6,5.5
05/09/2026,01:58:00,1.486,0.301,243.3,6.05,3.2,5.2,9.1
05/09/2026,01:59:00,1.577,0.273,241.72,6.36,0.0,5.7,8.0
05/09/2026,02:00:00,1.359,0.228,241.56,5.51,3.8,5.2,6.2
05/09/2026,02:01:00,1.663,0.314,241.35,7.04,3.0,1.6,11.7
05/09/2026,02:02:00,1.606,0.253,242.27,6.94,3.6,4.1,9.9
05/09/2026,02:03:00,1.432,0.276,243.26,6.01,6.7,3.5,7.4
05/09/2026,02:04:00,1.434,0.261,240.97,5.76,1.7,4.7,9.4
05/09/2026,02:05:00,1.686,0.333,241.37,7.1,2.9,3.6,8.5
05/09/2026,02:06:00,1.493,0.269,241.19,6.05,2.1,5.1,5.6
05/09/2026,02:07:00,1.485,0.306,241.95,6.09,6.5,3.8,9.6
05/09/2026,02:08:00,1.371,0.252,242.3,5.69,6.6,6.5,12.6
05/09/2026,02:09:00,1.524,0.308,242.58,6.34,5.1,6.4,12.1
05/09/2026,02:10:00,1.534,0.336,241.98,6.35,5.0,2.4,9.2
05/09/2026,02:11:00,1.61,0.266,243.21,6.53,2.0,4.7,8.0
05/09/2026,02:12:00,1.441,0.28,241.05,6.14,4.8,3.7,10.2
05/09/2026,02:13:00,1.431,0.34,240.87,5.86,2.1,4.6,9.6
05/09/2026,02:14:00,1.589,0.292,242.48,6.74,4.4,5.1,8.7
05/09/2026,02:15:00,1.633,0.298,241.54,6.56,3.7,2.6,13.1
05/09/2026,02:16:00,1.427,0.291,240.5,5.97,3.2,3.0,8.1
05/09/2026,02:17:00,1.64,0.298,241.24,6.61,4.4,3.2,11.1
05/09/2026,02:18:00,1.556,0.244,241.64,6.31,5.7,3.6,9.3
05/09/2026,02:19:00,1.641,0.325,241.01,6.73,7.9,3.6,9.3
05/09/2026,02:20:00,1.548,0.236,240.76,6.66,5.5,5.3,5.4
05/09/2026,02:21:00,1.352,0.252,241.32,5.8,8.9,4.6,11.4
05/09/2026,02:22:00,1.541,0.315,240.73,6.53,4.8,3.2,10.8
05/09/2026,02:23:00,1.638,0.288,241.92,6.78,7.9,3.9,9.4
05/09/2026,02:24:00,1.482,0.261,240.11,6.2,5.3,1.2,11.3
05/09/2026,02:25:00,1.523,0.305,241.54,6.49,4.9,6.9,9.9
05/09/2026,02:26:00,1.54,0.264,241.84,6.47,4.0,4.3,6.1
05/09/2026,02:27:00,1.322,0.228,241.41,5.48,5.0,5.6,6.9
05/09/2026,02:28:00,1.688,0.309,242.25,7.19,5.3,5.3,8.9
05/09/2026,02:29:00,1.482,0.273,240.52,6.29,1.6,4.3,5.3
05/09/2026,02:30:00,1.595,0.26,240.99,6.65,5.8,1.2,11.5
05/09/2026,02:31:00,1.548,0.302,241.25,6.35,1.4,3.6,8.5
05/09/2026,02:32:00,1.655,0.31,241.98,6.76,5.8,4.8,9.3
05/09/2026,02:33:00,1.587,0.282,241.64,6.52,5.6,4.4,6.8
05/09/2026,02:34:00,1.536,0.277,242.99,6.39,7.2,5.7,10.4
05/09/2026,02:35:00,1.484,0.29,240.92,6.28,2.7,4.3,8.7
05/09/2026,02:36:00,1.619,0.324,240.51,6.52,2.4,6.7,8.3
05/09/2026,02:37:00,1.406,0.262,242.74,5.5,6.6,2.9,12.1
05/09/2026,02:38:00,1.608,0.309,240.49,6.54,2.3,5.0,11.9
05/09/2026,02:39:00,1.468,0.29,241.97,6.01,2.1,3.0,10.6
05/09/2026,02:40:00,1.656,0.321,240.81,7.06,4.8,5.5,9.5
05/09/2026,02:41:00,1.569,0.289,240.05,6.5,4.3,3.3,7.9
05/09/2026,02:42:00,1.608,0.27,241.23,6.7,4.7,2.0,8.4
05/09/2026,02:43:00,1.563,0.276,242.12,6.52,5.5,2.4,8.3
05/09/2026,02:44:00,1.417,0.279,240.64,5.73,5.5,3.7,9.9
05/09/2026,02:45:00,1.488,0.324,241.9,6.37,4.3,6.3,8.9
05/09/2026,02:46:00,1.611,0.281,242.03,6.56,4.5,5.3,9.0
05/09/2026,02:47:00,1.571,0.309,240.61,6.76,4.3,4.9,12.4
05/09/2026,02:48:00,1.652,0.29,241.34,6.83,4.5,4.2,11.5
05/09/2026,02:49:00,1.59,0.294,242.6,6.51,1.7,2.8,7.3
05/09/2026,02:50:00,1.481,0.316,241.95,5.95,6.0,3.1,9.7
05/09/2026,02:51:00,1.495,0.299,241.32,6.22,6.6,3.6,7.3
05/09/2026,02:52:00,1.567,0.257,241.79,6.82,5.7,3.5,10.3
05/09/2026,02:53:00,1.374,0.251,241.02,5.76,5.6,3.4,13.2
05/09/2026,02:54:00,1.693,0.335,242.28,7.03,2.5,3.1,8.2
05/09/2026,02:55:00,1.595,0.295,242.28,6.48,1.6,4.3,10.7
05/09/2026,02:56:00,1.658,0.27,241.58,6.95,6.1,3.3,12.5
05/09/2026,02:57:00,1.434,0.252,241.66,5.96,4.5,5.8,8.7
05/09/2026,02:58:00,1.66,0.317,240.8,6.89,4.8,5.8,10.1
05/09/2026,02:59:00,1.74,0.334,240.55,7.31,4.9,5.1,12.8
05/09/2026,03:00:00,1.456,0.275,241.24,5.76,5.0,4.9,6.9
05/09/2026,03:01:00,1.623,0.357,241.44,6.71,5.8,2.3,6.7
05/09/2026,03:02:00,1.562,0.308,242.24,6.27,4.3,7.3,6.3
05/09/2026,03:03:00,1.439,0.267,242.15,5.95,0.7,3.9,10.7
05/09/2026,03:04:00,1.602,0.272,241.63,6.52,5.9,5.3,6.8
05/09/2026,03:05:00,1.63,0.271,242.33,6.63,5.7,5.4,10.2
05/09/2026,03:06:00,1.515,0.29,240.84,6.09,1.9,2.9,12.0
05/09/2026,03:07:00,1.657,0.287,242.25,7.01,2.2,3.5,7.5
05/09/2026,03:08:00,1.431,0.314,240.94,5.84,6.3,4.8,7.3
05/09/2026,03:09:00,1.445,0.31,242.36,5.87,6.8,2.3,10.5
05/09/2026,03:10:00,1.576,0.305,241.49,6.76,0.0,4.2,9.1
05/09/2026,03:11:00,1.567,0.259,240.1,6.61,5.4,1.2,3.8
05/09/2026,03:12:00,1.509,0.264,242.01,5.93,4.1,4.3,12.4
05/09/2026,03:13:00,1.631,0.327,242.06,6.95,4.7,6.1,10.2
05/09/2026,03:14:00,1.609,0.279,241.17,6.92,4.8,4.3,8.2
05/09/2026,03:15:00,1.636,0.324,241.23,7.01,3.1,2.4,8.1
05/09/2026,03:16:00,1.558,0.299,241.38,6.55,5.9,3.6,10.5
05/09/2026,03:17:00,1.616,0.295,240.14,6.57,3.2,5.1,8.9
05/09/2026,03:18:00,1.533,0.266,239.84,6.38,6.1,4.5,9.1
05/09/2026,03:19:00,1.734,0.306,242.4,6.93,6.6,4.9,9.3
05/09/2026,03:20:00,1.505,0.285,240.91,6.12,2.9,4.1,7.2
05/09/2026,03:21:00,1.739,0.334,242.79,6.99,2.9,3.3,8.2
05/09/2026,03:22:00,1.574,0.267,242.45,6.4,4.9,4.5,8.6
05/09/2026,03:23:00,1.461,0.269,242.58,6.05,7.7,4.4,7.3
05/09/2026,03:24:00,1.681,0.303,241.03,6.91,3.5,5.6,9.6
05/09/2026,03:25:00,1.583,0.306,240.36,6.51,3.9,3.7,10.1
05/09/2026,03:26:00,1.641,0.274,240.72,6.77,5.3,4.4,12.7
05/09/2026,03:27:00,1.672,0.268,241.17,7.16,6.0,4.1,7.3
05/09/2026,03:28:00,1.601,0.309,239.82,7.0,5.8,7.3,11.0
05/09/2026,03:29:00,1.528,0.245,241.14,6.27,4.8,3.3,12.1
05/09/2026,03:30:00,1.654,0.331,241.33,6.9,4.1,3.8,11.1
05/09/2026,03:31:00,1.577,0.285,240.57,6.43,5.4,3.1,7.9
05/09/2026,03:32:00,1.632,0.257,240.74,6.89,0.0,6.0,8.3
05/09/2026,03:33:00,1.406,0.257,241.32,5.75,8.5,6.1,12.3
05/09/2026,03:34:00,1.614,0.303,241.72,6.57,4.4,4.0,8.6
05/09/2026,03:35:00,1.528,0.27,240.84,6.65,5.2,5.8,8.9
05/09/2026,03:36:00,1.712,0.306,241.67,6.88,9.0,4.7,7.9
05/09/2026,03:37:00,1.631,0.314,241.56,6.38,3.3,5.2,10.7
05/09/2026,03:38:00,1.601,0.287,241.5,6.74,9.5,3.0,3.6
05/09/2026,03:39:00,1.621,0.271,241.0,6.67,6.3,4.5,7.2
05/09/2026,03:40:00,1.503,0.273,240.53,6.15,5.7,6.7,6.8
05/09/2026,03:41:00,1.714,0.341,242.64,7.47,6.1,6.2,12.5
05/09/2026,03:42:00,1.744,0.351,241.9,7.32,3.2,5.3,9.5
05/09/2026,03:43:00,1.617,0.244,242.16,6.67,1.6,5.5,8.6
05/09/2026,03:44:00,1.714,0.333,241.39,6.99,2.5,7.5,8.6
05/09/2026,03:45:00,1.542,0.291,241.33,6.46,7.1,5.3,6.0
05/09/2026,03:46:00,1.525,0.306,241.79,6.05,3.1,3.4,12.0
05/09/2026,03:47:00,1.593,0.277,240.16,6.55,1.6,5.9,8.2
05/09/2026,03:48:00,1.625,0.251,240.66,6.75,4.8,4.2,10.3
05/09/2026,03:49:00,1.56,0.302,240.88,6.51,6.1,4.9,7.6
05/09/2026,03:50:00,1.636,0.273,241.12,6.76,5.1,4.5,8.9
05/09/2026,03:51:00,1.618,0.259,240.82,6.62,6.2,3.4,7.0
05/09/2026,03:52:00,1.515,0.249,241.67,6.41,7.3,4.7,8.5
05/09/2026,03:53:00,1.637,0.311,241.49,6.53,6.2,5.6,11.3
05/09/2026,03:54:00,1.666,0.303,242.4,6.83,4.8,5.3,9.2
05/09/2026,03:55:00,1.612,0.313,243.16,6.55,4.0,4.9,9.8
05/09/2026,03:56:00,1.691,0.32,240.54,7.18,6.6,4.0,9.1
05/09/2026,03:57:00,1.503,0.27,241.52,6.15,5.7,2.1,12.6
05/09/2026,03:58:00,1.639,0.295,241.52,6.85,3.4,4.2,7.2
05/09/2026,03:59:00,1.509,0.268,241.4,6.3,7.8,5.0,8.7
05/09/2026,04:00:00,1.515,0.277,240.65,6.02,5.7,1.5,9.4
05/09/2026,04:01:00,1.555,0.262,240.77,6.45,6.5,4.2,6.8
05/09/2026,04:02:00,1.531,0.293,241.57,6.08,4.4,4.2,9.3
05/09/2026,04:03:00,1.564,0.315,240.74,6.55,7.5,3.1,9.1
05/09/2026,04:04:00,1.592,0.271,241.51,6.48,2.1,5.3,9.3
05/09/2026,04:05:00,1.677,0.333,241.22,7.13,8.6,5.5,9.3
05/09/2026,04:06:00,1.586,0.293,241.49,6.54,1.4,6.7,7.5
05/09/2026,04:07:00,1.486,0.284,240.72,6.06,2.6,4.3,5.4
05/09/2026,04:08:00,1.706,0.262,241.5,7.24,5.8,6.0,9.4
05/09/2026,04:09:00,1.549,0.241,240.77,6.3,4.3,3.2,7.0
05/09/2026,04:10:00,1.613,0.297,241.49,6.81,4.7,3.8,8.8
05/09/2026,04:11:00,1.655,0.318,242.31,6.9,4.4,5.2,7.4
05/09/2026,04:12:00,1.637,0.28,241.56,6.72,3.9,3.5,5.7
05/09/2026,04:13:00,1.71,0.347,241.6,6.88,6.1,4.1,9.8
05/09/2026,04:14:00,1.662,0.318,241.94,7.06,5.4,5.4,10.5
05/09/2026,04:15:00,1.556,0.264,240.38,6.55,7.3,4.3,11.4
05/09/2026,04:16:00,1.801,0.317,242.56,7.31,5.7,3.1,8.0
05/09/2026,04:17:00,1.644,0.359,240.62,6.87,4.7,3.5,9.1
05/09/2026,04:18:00,1.619,0.263,241.97,6.84,7.1,4.0,9.7
05/09/2026,04:19:00,1.709,0.318,241.87,7.08,2.0,5.1,11.2
05/09/2026,04:20:00,1.654,0.29,240.71,6.91,0.5,3.9,5.1
05/09/2026,04:21:00,1.668,0.318,242.05,7.04,2.5,1.1,5.8
05/09/2026,04:22:00,1.837,0.352,241.69,7.83,5.0,5.3,12.1
05/09/2026,04:23:00,1.617,0.284,242.66,6.65,6.5,5.1,5.3
05/09/2026,04:24:00,1.616,0.322,241.47,6.49,0.4,2.9,11.0
05/09/2026,04:25:00,1.653,0.354,241.25,6.65,5.8,2.8,11.9
05/09/2026,04:26:00,1.731,0.309,240.96,7.08,5.1,6.1,10.8
05/09/2026,04:27:00,1.527,0.303,240.1,6.22,6.1,4.0,6.8
05/09/2026,04:28:00,1.492,0.264,241.09,5.94,2.1,5.3,7.0
05/09/2026,04:29:00,1.604,0.293,241.12,6.93,11.2,3.4,8.9
05/09/2026,04:30:00,1.523,0.278,241.49,6.38,6.0,5.2,12.9
05/09/2026,04:31:00,1.621,0.314,240.31,6.67,3.6,3.1,12.8
05/09/2026,04:32:00,1.698,0.334,241.13,7.04,6.3,4.9,9.7
05/09/2026,04:33:00,1.588,0.288,241.7,6.3,9.0,4.8,5.5
05/09/2026,04:34:00,1.548,0.324,241.76,6.58,3.5,1.6,9.4
05/09/2026,04:35:00,1.67,0.339,239.98,6.67,3.1,4.5,8.5
05/09/2026,04:36:00,1.735,0.329,241.78,7.25,5.9,3.4,9.1
05/09/2026,04:37:00,1.533,0.271,241.1,6.08,6.1,5.7,5.4
05/09/2026,04:38:00,1.737,0.293,241.14,7.14,7.7,4.6,9.5
05/09/2026,04:39:00,1.739,0.288,239.61,7.44,9.2,4.0,5.7
05/09/2026,04:40:00,1.752,0.334,242.31,6.99,7.9,6.3,3.4
05/09/2026,04:41:00,1.776,0.283,241.38,7.33,3.6,1.8,9.5
05/09/2026,04:42:00,1.857,0.34,240.18,7.83,4.2,6.8,13.2
05/09/2026,04:43:00,1.655,0.272,241.51,6.92,4.8,6.8,7.2
05/09/2026,04:44:00,1.695,0.324,241.49,7.03,8.0,3.8,8.0
05/09/2026,04:45:00,1.655,0.299,242.1,6.91,7.7,5.5,11.0
05/09/2026,04:46:00,1.691,0.336,241.02,6.93,9.1,4.9,11.6
05/09/2026,04:47:00,1.816,0.347,241.24,7.82,7.7,1.1,9.2
05/09/2026,04:48:00,1.589,0.327,240.78,6.36,5.4,4.2,7.4
05/09/2026,04:49:00,1.63,0.332,241.64,6.92,6.3,2.7,11.9
05/09/2026,04:50:00,1.812,0.321,240.67,7.56,3.8,2.6,6.3
05/09/2026,04:51:00,1.786,0.285,240.59,7.52,8.0,3.9,7.9
05/09/2026,04:52:00,1.679,0.275,241.16,7.08,5.6,4.0,10.3
05/09/2026,04:53:00,1.779,0.261,240.34,7.49,9.3,5.9,5.5
05/09/2026,04:54:00,1.741,0.282,242.32,7.06,8.1,3.3,9.9
05/09/2026,04:55:00,1.837,0.322,242.54,7.53,10.8,3.8,11.5
05/09/2026,04:56:00,1.725,0.293,240.87,6.95,7.8,6.1,12.7
05/09/2026,04:57:00,1.805,0.312,240.21,7.47,7.8,4.1,8.1
05/09/2026,04:58:00,1.937,0.345,241.41,8.07,6.7,3.7,8.0
05/09/2026,04:59:00,1.777,0.306,240.83,7.47,6.4,5.4,10.6
05/09/2026,05:00:00,1.736,0.28,241.99,7.23,6.7,5.0,7.6
05/09/2026,05:01:00,1.793,0.314,240.61,7.19,9.2,4.5,8.3
05/09/2026,05:02:00,1.709,0.283,241.54,6.99,4.6,5.5,9.7
05/09/2026,05:03:00,1.933,0.325,241.23,7.91,7.5,2.7,9.8
05/09/2026,05:04:00,1.759,0.345,240.67,7.11,4.1,3.6,4.8
05/09/2026,05:05:00,1.726,0.3,241.31,7.03,8.2,6.9,6.4
05/09/2026,05:06:00,1.685,0.346,241.75,6.97,6.6,0.4,5.0
05/09/2026,05:07:00,1.843,0.357,241.19,7.85,8.6,3.5,5.3
05/09/2026,05:08:00,1.828,0.305,241.19,7.44,6.1,2.8,6.5
05/09/2026,05:09:00,1.722,0.279,240.51,6.99,7.1,4.4,8.5
05/09/2026,05:10:00,1.812,0.316,241.91,7.4,9.0,5.1,8.7
05/09/2026,05:11:00,1.648,0.327,241.84,6.87,8.0,5.8,4.3
05/09/2026,05:12:00,1.788,0.302,240.81,7.61,10.9,3.8,6.9
05/09/2026,05:13:00,1.813,0.34,241.01,7.51,6.9,3.1,5.7
05/09/2026,05:14:00,1.917,0.36,242.08,7.7,6.8,2.5,8.6
05/09/2026,05:15:00,1.722,0.287,240.29,6.98,10.5,4.4,7.6
05/09/2026,05:16:00,1.685,0.285,241.5,7.01,7.3,7.1,11.8
05/09/2026,05:17:00,1.72,0.324,240.68,7.29,7.3,3.6,8.7
05/09/2026,05:18:00,1.688,0.306,242.31,7.24,8.9,4.3,7.7
05/09/2026,05:19:00,1.906,0.312,241.1,7.73,7.9,4.5,8.4
05/09/2026,05:20:00,1.927,0.322,241.94,7.99,7.7,3.8,7.6
05/09/2026,05:21:00,1.833,0.318,240.52,7.47,7.0,6.2,12.0
05/09/2026,05:22:00,1.909,0.29,240.17,7.81,11.1,5.9,8.3
05/09/2026,05:23:00,1.826,0.338,240.87,7.43,8.2,5.4,10.0
05/09/2026,05:24:00,1.812,0.305,241.21,7.46,7.4,5.6,10.7
05/09/2026,05:25:00,1.797,0.246,240.67,7.33,8.0,3.5,7.5
05/09/2026,05:26:00,1.803,0.316,241.55,7.83,9.4,2.9,5.0
05/09/2026,05:27:00,1.708,0.286,240.87,7.02,11.7,3.5,7.9
05/09/2026,05:28:00,1.857,0.365,239.55,7.9,8.5,4.7,10.4
05/09/2026,05:29:00,1.837,0.306,241.39,7.51,7.1,3.9,5.3
05/09/2026,05:30:00,1.904,0.301,240.38,8.26,12.8,5.1,9.6
05/09/2026,05:31:00,1.856,0.335,240.73,7.76,9.3,4.5,10.8
05/09/2026,05:32:00,1.84,0.304,242.07,7.73,8.9,2.6,12.1
05/09/2026,05:33:00,1.788,0.295,242.22,7.29,9.3,6.0,10.5
05/09/2026,05:34:00,1.868,0.337,240.57,7.91,6.7,3.7,9.6
05/09/2026,05:35:00,1.925,0.305,241.37,8.03,9.2,5.4,9.4
05/09/2026,05:36:00,1.779,0.277,240.57,7.34,10.9,3.3,6.3
05/09/2026,05:37:00,1.882,0.369,240.75,7.66,11.9,3.2,6.9
05/09/2026,05:38:00,1.899,0.342,240.52,7.86,8.8,3.2,5.2
05/09/2026,05:39:00,1.827,0.313,239.73,7.57,9.9,2.5,9.2
05/09/2026,05:40:00,1.842,0.321,241.0,7.77,12.1,2.5,10.0
05/09/2026,05:41:00,1.912,0.342,241.13,7.9,9.8,4.9,9.3
05/09/2026,05:42:00,1.808,0.341,240.45,7.23,11.2,3.2,9.6
05/09/2026,05:43:00,1.931,0.313,241.67,8.09,10.7,4.8,10.7
05/09/2026,05:44:00,1.836,0.33,240.6,7.83,8.6,4.5,6.1
05/09/2026,05:45:00,1.998,0.327,240.45,8.06,8.2,5.5,9.1
05/09/2026,05:46:00,2.105,0.348,241.26,8.99,12.2,3.1,9.5
05/09/2026,05:47:00,1.854,0.326,239.8,7.94,4.8,5.8,8.0
05/09/2026,05:48:00,1.97,0.336,241.51,8.06,8.9,3.2,4.3
05/09/2026,05:49:00,1.874,0.343,240.59,7.62,7.5,0.8,6.7
05/09/2026,05:50:00,2.021,0.355,241.56,8.52,12.5,4.6,7.9
05/09/2026,05:51:00,1.841,0.283,241.76,7.41,13.2,3.3,9.3
05/09/2026,05:52:00,1.986,0.304,241.3,8.13,9.1,6.4,9.1
05/09/2026,05:53:00,1.882,0.317,240.27,7.64,16.1,4.8,13.2
05/09/2026,05:54:00,1.941,0.379,239.96,8.09,13.4,4.3,11.1
05/09/2026,05:55:00,1.88,0.304,239.82,8.06,11.1,4.7,8.9
05/09/2026,05:56:00,2.033,0.339,241.59,8.47,13.8,3.8,9.3
05/09/2026,05:57:00,1.906,0.315,240.72,8.07,9.6,6.6,11.8
05/09/2026,05:58:00,2.022,0.329,240.39,8.36,10.4,3.7,11.9
05/09/2026,05:59:00,1.955,0.339,240.71,8.14,12.0,5.0,9.7
05/09/2026,06:00:00,1.979,0.372,241.55,8.01,9.7,3.4,12.8
05/09/2026,06:01:00,2.005,0.352,241.33,8.29,8.6,4.4,7.0
05/09/2026,06:02:00,1.937,0.312,241.09,7.92,9.4,2.8,8.9
05/09/2026,06:03:00,2.021,0.411,241.22,8.35,11.0,4.7,16.0
05/09/2026,06:04:00,2.131,0.358,240.89,8.81,12.4,4.5,10.6
05/09/2026,06:05:00,1.952,0.32,240.97,8.05,10.8,5.2,8.7
05/09/2026,06:06:00,2.113,0.389,240.91,9.09,8.3,5.1,9.2
05/09/2026,06:07:00,2.145,0.346,240.74,9.17,12.6,4.5,9.4
05/09/2026,06:08:00,1.965,0.377,241.26,8.36,14.3,7.1,12.7
05/09/2026,06:09:00,1.919,0.309,240.98,8.23,10.5,4.4,10.8
05/09/2026,06:10:00,2.065,0.384,240.11,8.81,15.2,4.5,8.8
05/09/2026,06:11:00,2.002,0.345,241.08,8.3,13.7,4.3,5.3
05/09/2026,06:12:00,2.201,0.396,240.88,9.12,10.0,4.7,7.4
05/09/2026,06:13:00,2.06,0.395,241.13,8.58,10.9,4.1,9.1
05/09/2026,06:14:00,1.998,0.311,240.62,8.27,11.6,4.0,8.7
05/09/2026,06:15:00,1.976,0.369,241.25,8.04,12.0,5.5,11.4
05/09/2026,06:16:00,2.161,0.324,240.63,9.02,7.5,4.4,8.5
05/09/2026,06:17:00,2.033,0.318,241.18,8.2,11.0,5.9,10.8
05/09/2026,06:18:00,2.088,0.33,240.34,8.71,11.5,2.0,5.8
05/09/2026,06:19:00,2.166,0.373,240.38,8.86,16.4,6.5,7.8
05/09/2026,06:20:00,2.056,0.348,241.07,8.52,13.2,5.7,10.5
05/09/2026,06:21:00,2.097,0.347,240.41,8.75,11.2,4.4,13.5
05/09/2026,06:22:00,2.105,0.356,242.18,8.64,12.0,4.4,8.7
05/09/2026,06:23:00,2.166,0.375,241.02,8.74,13.8,5.3,10.8
05/09/2026,06:24:00,2.164,0.376,240.63,8.82,12.3,3.2,11.9
05/09/2026,06:25:00,2.105,0.38,241.18,8.8,12.0,4.6,11.1
05/09/2026,06:26:00,2.133,0.401,240.27,8.79,12.1,4.7,10.6
05/09/2026,06:27:00,2.104,0.352,241.24,8.81,14.3,1.9,8.2
05/09/2026,06:28:00,2.021,0.329,241.21,8.38,10.6,5.0,12.3
05/09/2026,06:29:00,2.165,0.375,241.46,8.94,11.3,2.8,6.1
05/09/2026,06:30:00,2.301,0.348,240.26,9.63,11.7,5.9,6.2
05/09/2026,06:31:00,2.085,0.333,239.71,8.6,11.4,6.3,13.1
05/09/2026,06:32:00,2.099,0.377,240.13,8.8,12.0,6.5,9.8
05/09/2026,06:33:00,2.097,0.349,240.35,8.66,15.6,4.1,6.3
05/09/2026,06:34:00,2.23,0.337,241.71,9.61,15.9,4.1,5.8
05/09/2026,06:35:00,2.213,0.328,242.07,8.97,14.5,2.0,5.8
05/09/2026,06:36:00,2.17,0.362,240.77,8.96,14.4,5.5,13.5
05/09/2026,06:37:00,2.115,0.382,240.52,8.75,12.7,2.6,8.8
05/09/2026,06:38:00,2.201,0.392,240.26,8.96,10.0,2.7,7.9
05/09/2026,06:39:00,2.074,0.352,241.08,8.71,14.5,4.2,12.6
05/09/2026,06:40:00,2.216,0.416,242.03,9.09,14.9,3.2,9.6
05/09/2026,06:41:00,2.28,0.371,241.74,9.07,13.0,3.4,8.3
05/09/2026,06:42:00,2.115,0.35,241.27,8.87,12.3,4.7,11.3
05/09/2026,06:43:00,2.098,0.288,241.26,8.6,12.0,5.8,10.3
05/09/2026,06:44:00,2.352,0.371,241.04,9.74,15.0,5.3,10.3
05/09/2026,06:45:00,2.182,0.383,240.42,9.18,14.9,4.9,8.4
05/09/2026,06:46:00,2.328,0.418,239.93,9.65,17.2,6.1,7.0
05/09/2026,06:47:00,2.23,0.347,240.42,9.22,13.2,4.8,6.8
05/09/2026,06:48:00,2.234,0.38,240.73,9.65,14.3,4.0,9.2
05/09/2026,06:49:00,2.288,0.401,239.4,9.23,15.0,3.7,9.0
05/09/2026,06:50:00,2.187,0.363,240.31,8.91,14.0,5.4,10.1
05/09/2026,06:51:00,2.274,0.316,239.83,9.32,16.8,3.2,8.1
05/09/2026,06:52:00,2.238,0.375,241.11,9.55,17.7,5.1,11.8
05/09/2026,06:53:00,2.168,0.379,240.01,8.94,13.1,4.1,6.1
05/09/2026,06:54:00,2.306,0.353,240.61,9.62,14.4,3.6,9.9
05/09/2026,06:55:00,2.263,0.365,239.88,9.36,18.1,3.6,7.0
05/09/2026,06:56:00,2.276,0.344,241.48,9.52,16.1,6.0,8.5
05/09/2026,06:57:00,2.197,0.299,239.17,9.18,15.8,3.6,7.0
05/09/2026,06:58:00,2.426,0.417,240.68,10.12,16.3,4.4,8.2
05/09/2026,06:59:00,2.374,0.385,239.45,10.11,17.0,4.1,6.6
05/09/2026,07:00:00,2.386,0.426,239.98,10.01,16.5,6.1,6.8
05/09/2026,07:01:00,2.291,0.396,240.47,9.42,16.3,6.7,11.1
05/09/2026,07:02:00,2.183,0.353,240.5,9.12,15.9,5.9,6.0
05/09/2026,07:03:00,2.484,0.396,240.47,10.69,18.7,4.3,10.5
05/09/2026,07:04:00,2.329,0.394,240.41,9.77,15.5,5.2,11.0
05/09/2026,07:05:00,2.281,0.398,239.84,9.53,16.1,3.6,10.7
05/09/2026,07:06:00,2.38,0.394,240.17,9.71,19.2,5.1,9.1
05/09/2026,07:07:00,2.447,0.421,240.3,10.29,16.9,2.5,6.8
05/09/2026,07:08:00,2.358,0.375,240.4,9.94,16.1,5.1,5.8
05/09/2026,07:09:00,2.468,0.371,240.21,10.32,17.6,4.7,6.7
05/09/2026,07:10:00,2.458,0.393,240.76,10.23,16.8,5.4,6.7
05/09/2026,07:11:00,2.292,0.38,240.31,9.96,15.0,4.8,9.9
05/09/2026,07:12:00,2.33,0.35,240.38,9.82,17.0,5.9,6.2
05/09/2026,07:13:00,2.466,0.363,239.96,10.46,14.9,3.9,8.9
05/09/2026,07:14:00,2.179,0.373,239.48,9.11,20.3,5.8,9.5
05/09/2026,07:15:00,2.39,0.377,240.32,9.92,17.1,5.5,8.7
05/09/2026,07:16:00,2.293,0.371,241.05,9.61,14.8,6.3,8.8
05/09/2026,07:17:00,2.375,0.376,240.5,9.86,16.0,6.4,12.3
05/09/2026,07:18:00,2.395,0.425,239.61,9.99,18.3,3.7,10.6
05/09/2026,07:19:00,2.396,0.419,240.75,10.02,14.7,5.6,11.1
05/09/2026,07:20:00,2.386,0.355,239.93,9.87,22.4,3.4,8.7
05/09/2026,07:21:00,2.348,0.368,240.66,9.79,14.1,6.4,11.3
05/09/2026,07:22:00,2.625,0.436,239.89,10.95,18.9,3.8,10.3
05/09/2026,07:23:00,2.596,0.427,240.39,10.95,16.1,4.5,10.1
05/09/2026,07:24:00,2.36,0.382,239.77,9.75,15.5,5.3,8.8
05/09/2026,07:25:00,2.585,0.382,239.78,10.48,18.2,5.9,10.2
05/09/2026,07:26:00,2.431,0.375,239.02,10.13,16.3,5.5,14.4
05/09/2026,07:27:00,2.479,0.385,240.47,10.37,20.4,6.0,11.1
05/09/2026,07:28:00,2.469,0.403,240.36,10.42,14.5,5.0,13.5
05/09/2026,07:29:00,2.426,0.434,240.39,9.99,18.4,5.3,5.6
05/09/2026,07:30:00,2.563,0.39,240.28,10.75,16.8,2.7,10.0
05/09/2026,07:31:00,2.499,0.374,239.54,10.6,18.0,6.4,11.7
05/09/2026,07:32:00,2.456,0.392,240.75,10.31,18.4,4.7,10.7
05/09/2026,07:33:00,2.395,0.413,240.76,9.83,14.0,4.5,11.0
05/09/2026,07:34:00,2.433,0.356,239.5,10.05,18.0,7.6,9.1
05/09/2026,07:35:00,2.378,0.422,240.42,9.95,19.7,1.6,12.6
05/09/2026,07:36:00,2.515,0.397,240.65,10.69,18.5,5.2,6.5
05/09/2026,07:37:00,2.423,0.372,239.7,10.11,16.8,2.2,9.7
05/09/2026,07:38:00,2.502,0.36,239.81,10.41,14.8,5.6,10.3
05/09/2026,07:39:00,2.637,0.434,240.39,10.77,18.7,4.3,8.8
05/09/2026,07:40:00,2.628,0.411,238.95,10.94,21.4,1.4,10.2
05/09/2026,07:41:00,2.534,0.408,239.23,10.49,19.0,6.6,5.8
05/09/2026,07:42:00,2.534,0.382,239.29,10.59,20.0,3.5,7.3
05/09/2026,07:43:00,2.696,0.416,238.72,11.07,19.6,6.5,13.0
05/09/2026,07:44:00,2.591,0.399,240.73,10.72,17.0,4.0,10.7
05/09/2026,07:45:00,2.528,0.401,238.57,10.44,18.0,4.6,9.4
05/09/2026,07:46:00,2.444,0.377,240.19,10.32,19.5,2.3,12.4
05/09/2026,07:47:00,2.594,0.373,240.51,10.66,14.7,5.8,13.3
05/09/2026,07:48:00,2.633,0.484,239.73,10.9,19.1,4.5,14.3
05/09/2026,07:49:00,2.52,0.368,239.46,10.56,20.4,4.8,6.2
05/09/2026,07:50:00,2.597,0.416,240.08,10.75,17.8,5.2,13.4
05/09/2026,07:51:00,2.549,0.362,239.91,10.98,19.5,3.2,7.8
05/09/2026,07:52:00,2.567,0.358,240.61,10.81,16.8,6.3,11.1
05/09/2026,07:53:00,2.386,0.389,238.05,10.03,18.0,4.6,11.8
05/09/2026,07:54:00,2.571,0.413,239.24,10.8,17.4,8.4,14.0
05/09/2026,07:55:00,2.67,0.452,240.27,10.76,18.8,4.8,11.5
05/09/2026,07:56:00,2.546,0.415,239.91,10.8,17.7,4.9,11.1
05/09/2026,07:57:00,2.604,0.409,240.39,10.91,14.6,3.7,8.7
05/09/2026,07:58:00,2.543,0.381,240.04,10.58,16.5,3.4,6.9
05/09/2026,07:59:00,2.635,0.454,239.75,11.08,21.8,6.6,8.7
05/09/2026,08:00:00,2.592,0.434,239.63,10.92,19.1,6.9,13.7
05/09/2026,08:01:00,2.538,0.373,241.46,10.45,13.7,4.8,10.7
05/09/2026,08:02:00,2.722,0.428,240.89,11.36,20.3,5.7,14.3
05/09/2026,08:03:00,2.693,0.427,240.16,11.37,15.6,7.2,9.1
05/09/2026,08:04:00,2.573,0.4,239.86,10.8,19.7,5.9,12.5
05/09/2026,08:05:00,2.665,0.439,240.17,11.06,20.5,6.2,11.1
05/09/2026,08:06:00,2.671,0.441,240.37,11.16,18.1,5.7,13.6
05/09/2026,08:07:00,2.682,0.417,240.07,11.38,15.9,4.8,10.3
05/09/2026,08:08:00,2.498,0.393,239.24,10.56,16.4,6.1,10.6
05/09/2026,08:09:00,2.716,0.463,241.01,11.1,19.1,8.1,13.5
05/09/2026,08:10:00,2.593,0.434,239.93,10.89,15.6,5.0,6.3
05/09/2026,08:11:00,2.612,0.415,241.16,10.9,16.7,6.8,10.6
05/09/2026,08:12:00,2.854,0.402,239.87,12.07,18.9,5.9,7.3
05/09/2026,08:13:00,2.67,0.429,239.56,11.15,16.5,5.0,10.9
05/09/2026,08:14:00,2.617,0.432,240.69,10.82,20.6,6.9,10.1
05/09/2026,08:15:00,2.474,0.328,239.92,10.11,15.7,6.8,12.4
05/09/2026,08:16:00,2.764,0.438,239.8,11.42,11.2,6.5,12.1
05/09/2026,08:17:00,2.547,0.395,238.86,10.84,16.2,8.1,10.4
05/09/2026,08:18:00,2.576,0.404,240.15,10.76,18.3,8.2,9.0
05/09/2026,08:19:00,2.632,0.393,239.34,10.98,19.4,5.9,11.3
05/09/2026,08:20:00,2.774,0.429,239.36,11.78,16.8,5.7,14.0
05/09/2026,08:21:00,2.724,0.462,239.32,11.55,17.1,4.0,9.0
05/09/2026,08:22:00,2.652,0.407,239.96,10.94,17.5,7.9,7.9
05/09/2026,08:23:00,2.691,0.447,238.57,11.46,21.1,5.8,7.2
05/09/2026,08:24:00,2.62,0.394,239.49,10.69,18.3,5.2,7.9
05/09/2026,08:25:00,2.68,0.441,240.32,11.22,16.5,4.8,11.3
05/09/2026,08:26:00,2.677,0.421,238.75,11.26,21.6,4.8,8.2
05/09/2026,08:27:00,2.75,0.439,239.74,11.64,17.5,8.3,10.5
05/09/2026,08:28:00,2.751,0.43,239.17,11.56,13.3,7.2,12.4
05/09/2026,08:29:00,2.715,0.442,239.32,11.31,14.6,4.1,6.7
05/09/2026,08:30:00,2.648,0.354,240.75,10.97,18.5,4.2,13.6
05/09/2026,08:31:00,2.737,0.393,238.43,11.88,13.8,6.3,14.6
05/09/2026,08:32:00,2.672,0.431,240.11,11.14,18.3,4.8,15.6
05/09/2026,08:33:00,2.594,0.36,239.23,10.93,15.7,5.8,14.7
05/09/2026,08:34:00,2.649,0.405,239.19,10.77,19.5,8.2,16.8
05/09/2026,08:35:00,2.689,0.421,238.77,11.14,17.5,7.6,12.0
05/09/2026,08:36:00,2.756,0.41,240.07,11.56,13.8,4.0,13.3
05/09/2026,08:37:00,2.67,0.403,239.4,10.91,18.9,4.9,11.0
05/09/2026,08:38:00,2.588,0.417,239.31,10.9,19.7,6.6,13.1
05/09/2026,08:39:00,2.69,0.448,239.6,11.12,14.4,7.8,11.9
05/09/2026,08:40:00,2.696,0.4,239.39,11.11,15.3,5.2,8.0
05/09/2026,08:41:00,2.702,0.41,238.1,11.24,17.9,6.8,8.4
05/09/2026,08:42:00,2.762,0.413,239.15,11.78,18.2,5.8,15.7
05/09/2026,08:43:00,2.77,0.372,240.12,11.59,21.5,8.7,12.1
05/09/2026,08:44:00,2.642,0.421,238.43,10.94,18.5,7.2,14.9
05/09/2026,08:45:00,2.64,0.44,238.71,11.18,21.5,6.2,10.5
05/09/2026,08:46:00,2.607,0.438,239.17,11.02,16.6,4.5,9.8
05/09/2026,08:47:00,2.746,0.408,238.95,11.44,17.3,5.1,11.6
05/09/2026,08:48:00,2.807,0.406,239.43,11.87,15.4,3.2,13.6
05/09/2026,08:49:00,2.666,0.42,238.68,11.32,15.4,6.9,14.9
05/09/2026,08:50:00,2.672,0.441,239.16,11.3,16.7,7.4,12.3
05/09/2026,08:51:00,2.809,0.441,239.39,11.63,15.2,7.5,13.4
05/09/2026,08:52:00,2.732,0.435,239.87,11.21,11.1,5.8,11.6
05/09/2026,08:53:00,2.727,0.456,240.28,11.09,14.9,8.3,15.2
05/09/2026,08:54:00,2.597,0.393,239.22,10.76,18.3,8.7,15.2
05/09/2026,08:55:00,2.746,0.424,240.72,11.35,16.2,5.8,10.3
05/09/2026,08:56:00,2.618,0.455,239.26,10.9,16.2,8.2,12.9
05/09/2026,08:57:00,2.601,0.407,239.96,10.83,14.4,6.9,9.9
05/09/2026,08:58:00,2.664,0.388,240.72,11.33,16.6,6.1,13.9
05/09/2026,08:59:00,2.645,0.401,239.46,10.99,19.1,8.4,11.3
05/09/2026,09:00:00,2.674,0.397,238.4,11.21,18.6,5.2,10.4
05/09/2026,09:01:00,2.576,0.418,239.41,10.49,16.4,4.9,7.7
05/09/2026,09:02:00,2.768,0.41,238.91,11.92,13.9,6.4,14.6
05/09/2026,09:03:00,2.781,0.441,239.14,11.43,19.1,6.6,12.6
05/09/2026,09:04:00,2.535,0.386,240.72,10.42,17.6,4.8,12.8
05/09/2026,09:05:00,2.769,0.379,238.46,11.71,12.5,7.6,14.1
05/09/2026,09:06:00,2.625,0.423,239.52,11.0,11.8,6.0,10.6
05/09/2026,09:07:00,2.758,0.435,238.69,11.8,12.4,5.3,10.3
05/09/2026,09:08:00,2.684,0.435,239.08,11.33,14.2,7.9,13.5
05/09/2026,09:09:00,2.691,0.406,239.81,11.21,16.9,6.5,14.9
05/09/2026,09:10:00,2.673,0.401,239.51,11.32,16.8,8.5,13.6
05/09/2026,09:11:00,2.785,0.444,239.12,11.82,15.7,7.7,15.9
05/09/2026,09:12:00,2.588,0.449,238.81,10.74,14.6,6.9,13.7
05/09/2026,09:13:00,2.735,0.428,239.48,11.57,19.6,8.6,13.6
05/09/2026,09:14:00,2.774,0.443,240.45,11.5,14.8,7.7,14.3
05/09/2026,09:15:00,2.743,0.421,238.62,11.48,14.5,7.2,12.0
05/09/2026,09:16:00,2.871,0.406,240.58,11.95,13.6,7.9,9.8
05/09/2026,09:17:00,2.642,0.441,240.07,10.95,19.0,8.0,12.6
05/09/2026,09:18:00,2.76,0.454,240.18,11.42,15.9,5.9,14.1
05/09/2026,09:19:00,2.674,0.439,239.43,11.32,12.3,10.4,10.7
05/09/2026,09:20:00,2.78,0.429,240.03,11.35,12.0,7.4,9.5
05/09/2026,09:21:00,2.68,0.437,238.5,11.08,10.9,7.5,11.0
05/09/2026,09:22:00,2.649,0.44,238.73,11.2,14.0,5.1,15.6
05/09/2026,09:23:00,2.784,0.475,239.73,11.6,11.1,7.6,13.8
05/09/2026,09:24:00,2.639,0.441,239.39,11.17,11.7,7.7,12.4
05/09/2026,09:25:00,2.564,0.409,239.07,10.78,16.1,6.0,10.6
05/09/2026,09:26:00,2.635,0.384,237.42,10.9,15.6,6.2,13.4
05/09/2026,09:27:00,2.725,0.431,238.86,11.42,16.8,6.4,13.2
05/09/2026,09:28:00,2.786,0.441,238.33,11.77,10.8,7.2,13.8
05/09/2026,09:29:00,2.682,0.44,239.49,11.24,11.6,7.9,18.3
05/09/2026,09:30:00,2.778,0.467,239.01,11.55,12.3,7.3,13.9
05/09/2026,09:31:00,2.563,0.405,238.7,10.7,16.7,8.1,11.3
05/09/2026,09:32:00,2.635,0.469,240.98,10.85,13.5,8.6,9.8
05/09/2026,09:33:00,2.646,0.374,239.85,10.84,16.9,8.4,11.7
05/09/2026,09:34:00,2.659,0.43,239.85,10.87,14.5,8.2,11.9
05/09/2026,09:35:00,2.674,0.401,240.65,11.17,12.9,8.1,14.8
05/09/2026,09:36:00,2.722,0.379,239.66,11.23,14.2,8.2,11.6
05/09/2026,09:37:00,2.63,0.411,238.55,11.11,9.5,7.6,10.8
05/09/2026,09:38:00,2.675,0.385,238.47,11.13,8.8,7.0,14.2
05/09/2026,09:39:00,2.659,0.415,239.76,10.9,13.3,7.8,11.7
05/09/2026,09:40:00,2.588,0.411,237.63,10.83,12.8,8.8,14.3
05/09/2026,09:41:00,2.652,0.446,239.01,11.41,16.5,8.8,11.2
05/09/2026,09:42:00,2.648,0.38,237.54,11.13,9.8,8.6,12.1
05/09/2026,09:43:00,2.645,0.44,239.12,11.16,13.2,7.4,11.8
05/09/2026,09:44:00,2.66,0.422,239.65,11.12,13.8,7.7,14.0
05/09/2026,09:45:00,2.662,0.445,239.24,10.92,13.0,7.8,12.8
05/09/2026,09:46:00,2.621,0.404,239.69,11.15,14.4,7.3,10.5
05/09/2026,09:47:00,2.756,0.397,240.4,11.43,10.9,9.3,10.3
05/09/2026,09:48:00,2.559,0.377,238.92,10.51,13.7,5.7,12.5
05/09/2026,09:49:00,2.594,0.379,240.98,10.69,13.1,10.8,10.1
05/09/2026,09:50:00,2.873,0.457,239.16,11.98,14.3,10.9,12.3
05/09/2026,09:51:00,2.566,0.445,239.67,10.82,10.8,8.3,13.8
05/09/2026,09:52:00,2.54,0.391,238.57,10.54,9.4,8.8,10.7
05/09/2026,09:53:00,2.705,0.44,240.13,11.66,10.4,9.4,15.2
05/09/2026,09:54:00,2.479,0.359,239.72,10.2,9.5,7.3,16.4
05/09/2026,09:55:00,2.625,0.42,240.01,11.03,10.4,9.1,15.7
05/09/2026,09:56:00,2.815,0.454,239.01,11.48,10.8,10.1,14.8
05/09/2026,09:57:00,2.518,0.366,238.09,10.56,9.5,6.0,14.3
05/09/2026,09:58:00,2.482,0.393,239.28,10.43,11.3,6.5,13.9
05/09/2026,09:59:00,2.519,0.42,237.77,10.43,8.8,9.4,14.2
05/09/2026,10:00:00,2.71,0.352,238.71,11.58,11.0,8.1,12.1
05/09/2026,10:01:00,2.727,0.461,239.08,11.47,10.1,8.0,13.4
05/09/2026,10:02:00,2.595,0.42,240.6,10.74,10.7,8.1,13.8
05/09/2026,10:03:00,2.689,0.441,239.15,11.31,11.7,7.1,14.9
05/09/2026,10:04:00,2.744,0.419,239.02,11.39,10.0,8.0,10.0
05/09/2026,10:05:00,2.775,0.39,238.88,11.8,9.2,6.9,14.0
05/09/2026,10:06:00,2.611,0.427,237.97,11.12,9.4,10.3,15.9
05/09/2026,10:07:00,2.445,0.391,238.97,10.29,12.6,8.8,12.3
05/09/2026,10:08:00,2.563,0.408,238.98,10.82,13.1,8.8,13.4
05/09/2026,10:09:00,2.593,0.438,238.22,10.66,9.4,9.5,9.5
05/09/2026,10:10:00,2.605,0.432,238.06,11.16,10.0,12.3,13.8
05/09/2026,10:11:00,2.61,0.461,238.55,10.92,6.9,7.4,10.4
05/09/2026,10:12:00,2.713,0.429,238.93,11.51,9.8,6.4,12.5
05/09/2026,10:13:00,2.724,0.41,238.55,11.53,7.2,8.7,13.6
05/09/2026,10:14:00,2.607,0.408,238.13,11.1,9.1,6.4,12.4
05/09/2026,10:15:00,2.708,0.435,239.07,11.17,12.1,8.4,13.4
05/09/2026,10:16:00,2.647,0.443,239.24,10.93,6.9,10.0,14.6
05/09/2026,10:17:00,2.622,0.378,238.94,11.31,8.0,10.9,13.7
05/09/2026,10:18:00,2.689,0.423,238.45,11.05,8.0,6.9,14.1
05/09/2026,10:19:00,2.621,0.455,239.26,10.79,6.4,7.7,9.7
05/09/2026,10:20:00,2.778,0.427,238.7,11.65,11.3,9.4,13.5
05/09/2026,10:21:00,2.497,0.423,238.0,10.5,10.1,9.9,9.0
05/09/2026,10:22:00,2.57,0.421,239.55,10.65,13.1,10.0,13.0
05/09/2026,10:23:00,2.6,0.436,239.07,10.97,7.4,10.9,17.9
05/09/2026,10:24:00,2.644,0.397,238.73,11.21,5.8,10.0,16.0
05/09/2026,10:25:00,2.709,0.405,237.71,11.39,11.2,8.9,10.8
05/09/2026,10:26:00,2.604,0.413,238.28,10.89,8.5,10.5,12.7
05/09/2026,10:27:00,2.491,0.361,240.21,10.37,8.2,9.2,13.6
05/09/2026,10:28:00,2.671,0.414,237.74,11.16,12.0,9.5,15.1
05/09/2026,10:29:00,2.663,0.426,238.62,10.91,9.3,8.5,15.9
05/09/2026,10:30:00,2.446,0.438,238.78,10.29,10.7,9.4,17.6
05/09/2026,10:31:00,2.6,0.422,239.01,10.99,7.6,7.1,11.9
05/09/2026,10:32:00,2.472,0.412,237.73,10.37,7.4,10.5,14.5
05/09/2026,10:33:00,2.545,0.434,238.89,10.31,8.0,7.9,10.2
05/09/2026,10:34:00,2.524,0.379,237.59,10.54,10.0,8.1,15.0
05/09/2026,10:35:00,2.66,0.415,238.83,11.27,8.7,6.2,15.2
05/09/2026,10:36:00,2.604,0.473,238.3,10.71,9.5,8.2,14.1
05/09/2026,10:37:00,2.49,0.397,238.15,10.56,3.3,8.0,15.6
05/09/2026,10:38:00,2.662,0.447,239.33,11.06,4.7,9.6,12.2
05/09/2026,10:39:00,2.476,0.421,238.58,10.38,4.1,7.6,11.2
05/09/2026,10:40:00,2.616,0.377,239.07,10.84,7.5,8.8,12.1
05/09/2026,10:41:00,2.523,0.411,239.09,10.38,5.4,8.5,15.0
05/09/2026,10:42:00,2.558,0.411,239.62,10.89,11.6,7.1,17.1
05/09/2026,10:43:00,2.626,0.423,237.88,11.16,8.1,9.7,12.3
05/09/2026,10:44:00,2.627,0.396,239.36,11.07,8.5,9.1,12.7
05/09/2026,10:45:00,2.691,0.395,238.73,11.41,5.8,9.5,14.5
05/09/2026,10:46:00,2.576,0.397,238.45,10.88,5.7,10.5,21.8
05/09/2026,10:47:00,2.606,0.41,237.9,11.09,11.0,9.5,13.3
05/09/2026,10:48:00,2.545,0.435,239.13,10.54,11.4,9.0,16.4
05/09/2026,10:49:00,2.593,0.457,238.05,11.1,8.6,10.7,13.9
05/09/2026,10:50:00,2.613,0.448,239.06,11.12,3.7,9.1,13.1
05/09/2026,10:51:00,2.569,0.43,240.04,10.76,6.8,8.9,11.4
05/09/2026,10:52:00,2.431,0.367,239.37,10.11,8.2,10.4,13.7
05/09/2026,10:53:00,2.601,0.402,239.66,10.67,7.1,8.5,16.2
05/09/2026,10:54:00,2.602,0.418,238.18,10.96,3.3,11.1,12.5
05/09/2026,10:55:00,2.517,0.386,239.21,10.78,11.1,9.8,14.6
05/09/2026,10:56:00,2.468,0.411,237.87,10.2,5.7,11.6,12.5
05/09/2026,10:57:00,2.687,0.441,238.5,11.42,4.7,9.5,13.5
05/09/2026,10:58:00,2.607,0.426,239.88,10.8,7.2,10.8,11.1
05/09/2026,10:59:00,2.549,0.431,238.24,10.64,9.6,7.5,19.5
05/09/2026,11:00:00,2.475,0.374,239.43,10.16,8.2,11.3,15.1
05/09/2026,11:01:00,2.499,0.423,239.36,10.33,4.5,10.5,13.8
05/09/2026,11:02:00,2.668,0.403,239.4,11.24,4.1,8.8,17.3
05/09/2026,11:03:00,2.573,0.385,237.76,10.94,2.7,10.8,14.3
05/09/2026,11:04:00,2.517,0.415,239.01,10.57,6.4,8.0,15.5
05/09/2026,11:05:00,2.6,0.442,238.53,10.83,6.0,9.0,18.0
05/09/2026,11:06:00,2.493,0.411,239.4,10.25,7.9,8.6,17.8
05/09/2026,11:07:00,2.677,0.422,237.47,11.28,5.5,10.9,12.0
05/09/2026,11:08:00,2.664,0.427,238.89,11.1,8.8,11.3,14.6
05/09/2026,11:09:00,2.517,0.405,238.78,10.57,8.1,9.1,17.4
05/09/2026,11:10:00,2.503,0.372,237.23,10.5,5.3,8.1,12.2
05/09/2026,11:11:00,2.343,0.35,238.0,9.8,7.5,8.5,14.0
05/09/2026,11:12:00,2.432,0.39,237.33,10.27,9.3,9.9,14.0
05/09/2026,11:13:00,2.442,0.395,238.1,10.31,4.7,9.8,15.7
05/09/2026,11:14:00,2.559,0.407,238.99,10.89,6.1,9.3,16.4
05/09/2026,11:15:00,2.521,0.419,238.74,10.51,6.0,8.7,17.2
05/09/2026,11:16:00,2.438,0.387,238.72,10.29,5.8,11.9,14.8
05/09/2026,11:17:00,2.522,0.417,237.87,10.87,8.0,9.0,12.4
05/09/2026,11:18:00,2.584,0.406,239.38,10.88,8.2,8.7,13.9
05/09/2026,11:19:00,2.584,0.456,238.58,11.01,7.2,11.3,12.4
05/09/2026,11:20:00,2.388,0.389,238.61,9.92,7.0,9.4,13.2
05/09/2026,11:21:00,2.529,0.462,239.25,10.46,5.2,10.5,16.3
05/09/2026,11:22:00,2.427,0.4,237.89,10.18,6.9,8.7,11.6
05/09/2026,11:23:00,2.609,0.408,238.74,10.92,3.6,10.4,13.5
05/09/2026,11:24:00,2.598,0.389,238.88,11.04,11.1,10.7,16.7
05/09/2026,11:25:00,2.462,0.359,238.2,10.23,8.8,8.3,16.3
05/09/2026,11:26:00,2.471,0.372,239.03,10.32,8.0,9.1,13.0
05/09/2026,11:27:00,2.494,0.377,238.91,10.6,6.9,8.6,12.8
05/09/2026,11:28:00,2.349,0.392,238.5,9.88,6.8,9.1,18.3
05/09/2026,11:29:00,2.555,0.393,238.47,10.71,2.6,11.9,15.6
05/09/2026,11:30:00,2.505,0.405,238.93,10.52,3.4,10.1,13.0
05/09/2026,11:31:00,2.603,0.444,239.11,10.72,3.7,12.3,14.7
05/09/2026,11:32:00,2.436,0.39,238.6,10.04,6.0,11.7,17.2
05/09/2026,11:33:00,2.473,0.449,239.34,10.09,5.3,11.3,12.9
05/09/2026,11:34:00,2.4,0.359,239.02,10.07,7.5,11.7,12.9
05/09/2026,11:35:00,2.439,0.389,237.3,10.42,3.9,11.3,15.4
05/09/2026,11:36:00,2.423,0.377,237.57,10.31,7.8,12.0,11.9
05/09/2026,11:37:00,2.596,0.435,239.38,11.02,4.1,10.5,13.4
05/09/2026,11:38:00,2.459,0.339,238.37,10.53,4.9,10.7,14.0
05/09/2026,11:39:00,2.523,0.367,238.66,10.59,7.5,10.6,9.1
05/09/2026,11:40:00,2.481,0.395,239.34,10.36,6.7,9.2,15.1
05/09/2026,11:41:00,2.408,0.428,238.54,10.32,3.1,10.9,16.3
05/09/2026,11:42:00,2.495,0.405,238.57,10.35,7.7,11.4,19.2
05/09/2026,11:43:00,2.555,0.373,237.93,10.56,5.8,9.0,16.3
05/09/2026,11:44:00,2.408,0.359,238.79,10.04,1.3,8.6,12.7
05/09/2026,11:45:00,2.568,0.45,238.94,10.68,3.8,9.0,14.0
05/09/2026,11:46:00,2.434,0.377,238.13,10.23,4.7,11.5,19.1
05/09/2026,11:47:00,2.461,0.372,237.88,10.22,3.1,9.4,16.0
05/09/2026,11:48:00,2.541,0.442,240.37,10.63,8.1,8.3,17.3
05/09/2026,11:49:00,2.444,0.419,238.46,10.16,4.7,8.4,13.8
05/09/2026,11:50:00,2.498,0.432,238.05,10.68,6.3,8.5,14.5
05/09/2026,11:51:00,2.468,0.372,239.02,10.15,5.8,8.8,14.9
05/09/2026,11:52:00,2.502,0.362,238.49,10.47,6.8,7.9,17.1
05/09/2026,11:53:00,2.299,0.379,237.76,9.62,8.7,10.5,14.1
05/09/2026,11:54:00,2.342,0.389,238.86,9.84,6.7,9.4,16.4
05/09/2026,11:55:00,2.536,0.413,237.92,10.8,8.8,10.4,15.1
05/09/2026,11:56:00,2.567,0.445,239.62,10.75,6.7,6.7,12.4
05/09/2026,11:57:00,2.41,0.346,238.86,10.07,5.5,11.1,15.1
05/09/2026,11:58:00,2.461,0.417,238.32,10.43,5.9,9.5,17.5
05/09/2026,11:59:00,2.503,0.373,238.59,10.62,0.0,10.3,15.1
05/09/2026,12:00:00,2.533,0.425,239.14,10.63,4.3,11.6,14.4
05/09/2026,12:01:00,2.313,0.366,238.64,9.75,4.9,10.1,18.2
05/09/2026,12:02:00,2.402,0.368,240.0,10.11,6.0,12.4,16.0
05/09/2026,12:03:00,2.445,0.378,239.3,9.97,5.1,7.2,12.1
05/09/2026,12:04:00,2.526,0.367,238.85,10.52,5.8,9.2,14.5
05/09/2026,12:05:00,2.667,0.421,237.85,11.27,2.5,7.2,15.7
05/09/2026,12:06:00,2.447,0.374,238.4,10.22,1.9,10.0,15.7
05/09/2026,12:07:00,2.351,0.402,238.84,9.8,2.7,9.6,16.3
05/09/2026,12:08:00,2.494,0.415,237.93,10.54,8.2,8.1,14.8
05/09/2026,12:09:00,2.565,0.45,239.41,10.77,2.5,12.3,14.7
05/09/2026,12:10:00,2.466,0.405,237.82,10.44,3.4,9.0,15.2
05/09/2026,12:11:00,2.383,0.399,238.06,9.89,5.2,6.6,16.9
05/09/2026,12:12:00,2.53,0.439,238.11,10.41,1.8,10.4,13.7
05/09/2026,12:13:00,2.504,0.385,239.02,10.6,3.2,10.4,15.0
05/09/2026,12:14:00,2.367,0.347,237.94,9.84,6.3,8.8,15.7
05/09/2026,12:15:00,2.478,0.402,237.24,10.32,4.1,10.5,14.0
05/09/2026,12:16:00,2.525,0.367,239.26,10.42,8.3,8.2,16.2
05/09/2026,12:17:00,2.537,0.466,238.19,10.83,1.5,8.9,16.0
05/09/2026,12:18:00,2.435,0.429,237.75,10.28,4.2,9.9,10.7
05/09/2026,12:19:00,2.41,0.443,237.97,10.18,4.0,10.6,15.3
05/09/2026,12:20:00,2.535,0.406,239.7,10.68,4.9,9.1,18.4
05/09/2026,12:21:00,2.337,0.394,238.04,9.81,2.4,8.7,18.5
05/09/2026,12:22:00,2.467,0.385,238.41,10.5,3.7,9.3,16.7
05/09/2026,12:23:00,2.32,0.4,238.19,9.56,6.4,6.6,18.0
05/09/2026,12:24:00,2.513,0.371,237.64,10.41,4.3,8.9,14.9
05/09/2026,12:25:00,2.405,0.325,237.98,9.93,2.7,6.7,16.5
05/09/2026,12:26:00,2.524,0.383,237.59,10.69,9.0,8.1,15.6
05/09/2026,12:27:00,2.46,0.359,239.17,10.36,4.9,7.4,16.7
05/09/2026,12:28:00,2.32,0.415,238.57,9.66,6.0,9.9,19.3
05/09/2026,12:29:00,2.53,0.449,240.24,10.5,6.3,8.2,17.5
05/09/2026,12:30:00,2.538,0.369,238.0,10.85,4.6,10.8,14.5
05/09/2026,12:31:00,2.482,0.43,237.9,10.33,3.2,6.7,18.8
05/09/2026,12:32:00,2.348,0.406,239.58,9.85,5.2,8.8,15.8
05/09/2026,12:33:00,2.382,0.347,239.24,9.85,3.4,9.2,16.7
05/09/2026,12:34:00,2.416,0.38,238.77,10.28,5.5,9.7,14.8
05/09/2026,12:35:00,2.345,0.367,237.72,9.96,4.4,11.8,16.9
05/09/2026,12:36:00,2.535,0.423,239.73,10.36,6.8,6.5,16.2
05/09/2026,12:37:00,2.408,0.358,238.45,10.06,2.4,8.0,17.8
05/09/2026,12:38:00,2.178,0.359,238.2,8.83,6.2,11.6,14.2
05/09/2026,12:39:00,2.419,0.373,239.31,10.24,5.9,7.8,17.4
05/09/2026,12:40:00,2.362,0.395,238.49,10.21,4.2,9.5,10.0
05/09/2026,12:41:00,2.381,0.38,237.69,9.69,6.2,7.7,14.0
05/09/2026,12:42:00,2.355,0.369,238.54,9.66,5.5,7.1,12.4
05/09/2026,12:43:00,2.447,0.388,237.96,10.31,6.0,7.8,16.1
05/09/2026,12:44:00,2.469,0.447,236.4,10.44,5.9,11.4,17.5
05/09/2026,12:45:00,2.4,0.378,237.89,10.03,4.8,7.3,15.3
05/09/2026,12:46:00,2.347,0.356,238.14,9.6,3.5,8.4,18.3
05/09/2026,12:47:00,2.369,0.399,237.7,10.01,3.4,8.4,13.6
05/09/2026,12:48:00,2.371,0.381,238.92,10.06,4.2,9.9,12.3
05/09/2026,12:49:00,2.303,0.341,237.97,10.1,6.3,10.2,16.9
05/09/2026,12:50:00,2.411,0.445,238.85,10.29,5.9,8.8,17.9
05/09/2026,12:51:00,2.399,0.379,237.65,9.9,6.7,4.5,15.6
05/09/2026,12:52:00,2.483,0.388,239.16,10.38,6.9,7.5,19.4
05/09/2026,12:53:00,2.457,0.399,237.63,10.43,4.2,7.1,16.5
05/09/2026,12:54:00,2.299,0.419,236.88,9.6,8.6,10.1,16.2
05/09/2026,12:55:00,2.417,0.348,239.39,10.21,4.4,7.4,14.4
05/09/2026,12:56:00,2.273,0.38,237.93,9.66,3.6,10.7,12.5
05/09/2026,12:57:00,2.402,0.44,239.76,10.2,5.3,9.1,14.8
05/09/2026,12:58:00,2.302,0.38,238.92,9.76,5.6,10.0,18.9
05/09/2026,12:59:00,2.259,0.34,239.08,9.49,3.1,11.4,15.8
05/09/2026,13:00:00,2.361,0.368,239.26,9.77,4.3,7.2,14.5
05/09/2026,13:01:00,2.122,0.36,238.61,8.7,3.7,6.3,13.4
05/09/2026,13:02:00,2.193,0.396,238.62,9.22,4.9,8.6,16.6
05/09/2026,13:03:00,2.316,0.369,239.43,9.61,6.2,9.6,12.9
05/09/2026,13:04:00,2.334,0.401,238.62,9.74,4.1,7.5,16.2
05/09/2026,13:05:00,2.296,0.34,238.03,9.81,5.8,8.4,14.4
05/09/2026,13:06:00,2.196,0.327,238.95,9.4,1.8,9.9,14.8
05/09/2026,13:07:00,2.255,0.358,237.06,9.32,6.4,9.7,16.8
05/09/2026,13:08:00,2.349,0.418,239.47,9.78,3.7,7.5,13.3
05/09/2026,13:09:00,2.361,0.385,239.49,9.79,3.7,8.6,15.4
05/09/2026,13:10:00,2.311,0.385,239.39,9.7,5.4,7.0,12.0
05/09/2026,13:11:00,2.402,0.395,239.36,9.69,5.5,6.3,15.2
05/09/2026,13:12:00,2.338,0.408,238.5,9.59,4.4,9.9,16.5
05/09/2026,13:13:00,2.244,0.354,238.48,9.39,2.8,5.3,17.1
05/09/2026,13:14:00,2.279,0.391,237.7,9.71,3.6,8.3,17.9
05/09/2026,13:15:00,2.186,0.342,239.79,9.13,4.8,7.6,16.9
05/09/2026,13:16:00,2.287,0.424,238.22,9.7,5.6,8.7,14.5
05/09/2026,13:17:00,2.382,0.366,238.8,10.01,3.0,7.1,11.4
05/09/2026,13:18:00,2.346,0.359,238.75,10.02,3.3,9.5,17.6
05/09/2026,13:19:00,2.4,0.402,237.63,10.32,5.1,7.7,14.3
05/09/2026,13:20:00,2.261,0.373,237.35,9.41,4.4,9.8,12.2
05/09/2026,13:21:00,2.391,0.395,238.58,10.15,4.9,8.2,19.5
05/09/2026,13:22:00,2.265,0.377,238.26,9.58,0.0,6.5,15.3
05/09/2026,13:23:00,2.395,0.36,238.52,10.42,4.0,8.5,16.5
05/09/2026,13:24:00,2.273,0.413,239.33,9.38,6.3,8.3,15.9
05/09/2026,13:25:00,2.329,0.402,238.75,9.74,3.4,7.6,15.4
05/09/2026,13:26:00,2.388,0.42,239.12,9.83,5.6,6.8,14.6
05/09/2026,13:27:00,2.252,0.357,238.91,9.28,2.2,8.8,14.1
05/09/2026,13:28:00,2.282,0.384,238.38,9.63,1.5,6.4,20.3
05/09/2026,13:29:00,2.365,0.389,237.9,9.97,5.5,6.5,12.2
05/09/2026,13:30:00,2.249,0.398,238.79,9.5,4.5,8.3,14.5
05/09/2026,13:31:00,2.151,0.387,238.66,9.09,4.0,7.3,13.5
05/09/2026,13:32:00,2.426,0.396,239.25,10.1,6.3,5.0,16.6
05/09/2026,13:33:00,2.214,0.328,238.51,9.25,4.0,6.3,14.5
05/09/2026,13:34:00,2.262,0.416,238.41,9.34,3.4,8.1,14.3
05/09/2026,13:35:00,2.339,0.395,238.46,9.7,3.2,7.1,16.8
05/09/2026,13:36:00,2.195,0.348,237.98,9.22,2.7,7.3,19.7
05/09/2026,13:37:00,2.161,0.369,239.64,9.05,5.6,7.8,13.6
05/09/2026,13:38:00,2.259,0.333,239.43,9.54,4.0,8.0,12.0
05/09/2026,13:39:00,2.093,0.378,237.78,8.89,6.9,7.5,15.6
05/09/2026,13:40:00,2.211,0.329,239.2,9.48,0.0,3.0,17.3
05/09/2026,13:41:00,2.251,0.365,237.35,9.34,6.5,7.3,14.9
05/09/2026,13:42:00,2.207,0.371,239.33,9.19,5.4,6.6,16.8
05/09/2026,13:43:00,2.103,0.378,238.16,8.7,4.5,7.3,14.2
05/09/2026,13:44:00,2.352,0.385,238.9,10.04,2.1,8.6,20.7
05/09/2026,13:45:00,2.23,0.383,237.3,9.32,1.4,5.8,16.8
05/09/2026,13:46:00,2.334,0.379,237.82,9.99,6.2,7.3,14.4
05/09/2026,13:47:00,2.196,0.363,238.99,9.41,5.2,7.8,13.8
05/09/2026,13:48:00,2.144,0.359,238.17,9.06,5.2,6.7,16.0
05/09/2026,13:49:00,2.234,0.363,238.08,9.43,4.5,5.4,16.9
05/09/2026,13:50:00,2.193,0.321,239.65,9.16,6.4,5.5,12.5
05/09/2026,13:51:00,2.113,0.334,240.22,8.75,3.6,7.0,15.4
05/09/2026,13:52:00,2.323,0.385,239.34,9.64,4.1,6.2,17.0
05/09/2026,13:53:00,2.153,0.352,237.92,9.03,4.4,4.5,16.1
05/09/2026,13:54:00,2.054,0.343,239.92,8.83,4.3,5.9,16.8
05/09/2026,13:55:00,2.305,0.368,237.6,9.54,7.4,5.3,18.7
05/09/2026,13:56:00,2.156,0.337,238.48,9.07,2.3,7.9,8.6
05/09/2026,13:57:00,2.145,0.345,238.74,9.09,0.9,5.0,15.9
05/09/2026,13:58:00,2.051,0.338,240.05,8.5,1.9,8.7,10.2
05/09/2026,13:59:00,2.329,0.38,239.35,9.79,6.2,9.7,15.3
05/09/2026,14:00:00,2.084,0.36,238.39,8.52,4.6,5.9,18.3
05/09/2026,14:01:00,2.19,0.358,238.05,9.4,1.6,6.0,15.1
05/09/2026,14:02:00,2.256,0.345,239.42,9.59,5.0,8.0,13.4
05/09/2026,14:03:00,2.215,0.331,238.35,9.28,4.2,8.1,17.2
05/09/2026,14:04:00,2.175,0.426,238.88,8.97,5.9,6.1,15.7
05/09/2026,14:05:00,2.041,0.317,237.78,8.7,6.4,6.1,15.8
05/09/2026,14:06:00,2.111,0.34,239.14,8.65,9.9,6.1,20.2
05/09/2026,14:07:00,2.188,0.376,239.09,9.0,2.5,5.5,12.1
05/09/2026,14:08:00,2.108,0.362,237.88,8.86,1.1,7.8,14.0
05/09/2026,14:09:00,2.186,0.375,239.47,9.36,6.1,6.8,16.2
05/09/2026,14:10:00,2.222,0.356,239.15,9.39,6.9,5.6,18.1
05/09/2026,14:11:00,2.243,0.375,239.28,9.28,2.3,6.6,13.3
05/09/2026,14:12:00,2.066,0.349,238.5,8.41,2.4,6.0,14.5
05/09/2026,14:13:00,2.338,0.373,238.9,9.79,5.6,9.7,15.3
05/09/2026,14:14:00,2.222,0.373,238.82,9.34,8.4,6.1,15.1
05/09/2026,14:15:00,2.158,0.385,238.68,9.03,3.2,7.4,16.9
05/09/2026,14:16:00,2.244,0.369,238.9,9.66,5.1,7.0,15.3
05/09/2026,14:17:00,2.344,0.381,239.67,9.76,1.2,6.2,16.8
05/09/2026,14:18:00,2.038,0.371,239.55,8.17,4.6,6.9,12.8
05/09/2026,14:19:00,2.134,0.38,237.97,8.91,4.8,6.6,15.7
05/09/2026,14:20:00,1.96,0.375,239.5,8.25,7.9,9.5,15.5
05/09/2026,14:21:00,2.164,0.316,239.64,9.09,3.6,6.2,17.3
05/09/2026,14:22:00,2.176,0.384,238.71,9.09,6.4,2.9,21.0
05/09/2026,14:23:00,2.142,0.372,239.18,8.91,3.5,9.1,17.5
05/09/2026,14:24:00,2.092,0.329,239.17,8.45,5.2,5.6,13.9
05/09/2026,14:25:00,1.979,0.344,238.24,8.32,9.2,6.3,16.8
05/09/2026,14:26:00,2.171,0.387,238.57,9.05,8.7,5.5,15.3
05/09/2026,14:27:00,2.256,0.35,239.37,9.46,9.0,5.4,14.7
05/09/2026,14:28:00,2.091,0.362,238.5,8.84,5.9,4.7,14.2
05/09/2026,14:29:00,2.172,0.382,239.54,9.26,4.7,3.5,14.1
05/09/2026,14:30:00,2.011,0.314,239.77,8.24,5.7,5.2,12.9
05/09/2026,14:31:00,2.171,0.357,239.66,8.87,6.1,6.7,12.6
05/09/2026,14:32:00,2.102,0.36,240.25,8.66,5.9,3.9,16.9
05/09/2026,14:33:00,2.071,0.329,238.81,8.56,3.8,6.7,14.6
05/09/2026,14:34:00,2.07,0.326,239.0,8.54,3.7,9.0,15.8
05/09/2026,14:35:00,2.099,0.348,239.11,8.99,4.0,6.3,13.5
05/09/2026,14:36:00,2.16,0.379,238.85,9.06,7.4,4.1,16.7
05/09/2026,14:37:00,2.023,0.359,239.28,8.75,7.6,6.5,13.9
05/09/2026,14:38:00,2.095,0.33,237.7,8.81,11.6,7.2,12.5
05/09/2026,14:39:00,2.123,0.371,239.05,8.7,6.1,7.6,18.9
05/09/2026,14:40:00,2.037,0.324,237.95,8.44,3.7,6.1,15.9
05/09/2026,14:41:00,2.268,0.332,238.25,9.67,4.4,6.6,14.7
05/09/2026,14:42:00,2.055,0.337,239.44,8.41,5.0,6.9,15.0
05/09/2026,14:43:00,2.069,0.376,238.79,8.75,8.4,6.6,14.6
05/09/2026,14:44:00,2.044,0.362,239.42,8.48,6.8,6.2,16.5
05/09/2026,14:45:00,2.265,0.372,238.79,9.35,2.7,4.9,12.0
05/09/2026,14:46:00,2.165,0.349,239.72,9.24,5.3,7.0,11.5
05/09/2026,14:47:00,2.045,0.336,238.79,8.48,2.5,5.0,15.7
05/09/2026,14:48:00,2.208,0.368,237.59,9.17,6.6,9.1,11.6
05/09/2026,14:49:00,2.135,0.329,239.12,8.92,4.1,4.9,11.2
05/09/2026,14:50:00,2.139,0.348,237.45,8.93,4.3,6.7,17.4
05/09/2026,14:51:00,2.09,0.345,237.96,9.12,1.8,4.0,15.8
05/09/2026,14:52:00,2.058,0.313,238.37,8.79,7.0,5.0,15.8
05/09/2026,14:53:00,2.144,0.336,238.29,8.91,8.0,4.8,13.0
05/09/2026,14:54:00,2.073,0.359,238.62,8.62,4.2,3.8,18.5
05/09/2026,14:55:00,2.262,0.372,238.27,9.19,5.3,4.8,17.7
05/09/2026,14:56:00,2.015,0.334,238.03,8.49,4.7,6.0,12.5
05/09/2026,14:57:00,2.239,0.346,240.09,9.21,5.2,5.2,15.2
05/09/2026,14:58:00,2.107,0.392,238.55,8.85,4.0,7.1,14.6
05/09/2026,14:59:00,2.14,0.336,237.47,8.72,3.5,4.3,15.4
05/09/2026,15:00:00,2.182,0.368,238.78,9.14,8.5,6.4,17.9
05/09/2026,15:01:00,2.065,0.336,238.25,8.92,0.5,4.7,14.6
05/09/2026,15:02:00,2.185,0.363,238.43,9.17,6.8,6.9,17.6
05/09/2026,15:03:00,1.899,0.339,239.55,7.81,6.4,6.5,11.7
05/09/2026,15:04:00,2.058,0.313,238.75,8.62,9.1,6.7,14.1
05/09/2026,15:05:00,2.042,0.345,238.26,8.56,5.4,5.2,14.6
05/09/2026,15:06:00,2.016,0.372,239.39,8.75,5.1,7.1,14.3
05/09/2026,15:07:00,2.1,0.396,239.89,8.7,4.3,3.2,15.6
05/09/2026,15:08:00,2.148,0.354,239.46,8.79,6.6,5.9,15.9
05/09/2026,15:09:00,2.174,0.362,237.38,9.16,4.5,5.5,16.0
05/09/2026,15:10:00,2.137,0.412,238.32,9.0,3.7,6.4,17.5
05/09/2026,15:11:00,2.065,0.376,239.14,8.72,4.5,5.2,17.1
05/09/2026,15:12:00,2.148,0.342,238.94,9.1,4.1,4.0,12.2
05/09/2026,15:13:00,2.129,0.34,238.89,9.21,4.0,3.9,15.9
05/09/2026,15:14:00,2.195,0.387,238.44,9.12,6.3,5.2,14.2
05/09/2026,15:15:00,2.183,0.337,238.15,9.06,5.7,4.9,17.4
05/09/2026,15:16:00,2.124,0.382,240.55,8.55,7.2,6.3,18.4
05/09/2026,15:17:00,2.05,0.354,239.17,8.67,6.5,6.5,17.4
05/09/2026,15:18:00,2.071,0.361,239.6,8.51,3.8,5.3,19.8
05/09/2026,15:19:00,2.08,0.343,239.17,8.83,2.0,5.2,17.2
05/09/2026,15:20:00,2.099,0.336,239.2,8.7,4.1,6.6,17.8
05/09/2026,15:21:00,2.147,0.394,239.13,9.24,7.8,4.8,13.8
05/09/2026,15:22:00,2.184,0.356,238.4,8.95,7.8,4.9,15.5
05/09/2026,15:23:00,2.124,0.345,238.13,9.07,8.3,3.4,17.1
05/09/2026,15:24:00,2.13,0.354,239.47,9.03,8.1,6.3,16.2
05/09/2026,15:25:00,2.142,0.362,239.33,9.03,8.6,5.0,13.6
05/09/2026,15:26:00,2.09,0.325,239.87,8.55,7.3,6.6,13.6
05/09/2026,15:27:00,2.059,0.333,239.73,8.67,10.1,3.5,11.7
05/09/2026,15:28:00,1.993,0.324,238.66,8.37,7.1,4.4,16.5
05/09/2026,15:29:00,2.08,0.371,240.02,8.39,10.6,6.3,13.4
05/09/2026,15:30:00,2.175,0.339,239.77,9.3,5.3,5.5,17.1
05/09/2026,15:31:00,2.082,0.306,239.73,8.63,5.3,3.5,17.3
05/09/2026,15:32:00,2.121,0.305,240.83,9.03,6.3,6.2,16.2
05/09/2026,15:33:00,2.179,0.325,240.69,9.04,6.6,3.3,16.6
05/09/2026,15:34:00,2.185,0.396,239.75,9.26,6.1,6.1,17.9
05/09/2026,15:35:00,2.058,0.347,239.67,8.46,7.9,3.7,18.2
05/09/2026,15:36:00,2.226,0.38,240.04,9.31,6.6,6.5,10.8
05/09/2026,15:37:00,2.238,0.382,238.88,9.39,5.6,5.1,17.3
05/09/2026,15:38:00,2.06,0.349,238.9,8.57,6.1,5.4,16.8
05/09/2026,15:39:00,2.086,0.348,239.78,8.57,9.4,4.8,16.4
05/09/2026,15:40:00,2.249,0.396,238.71,8.96,7.6,5.0,16.8
05/09/2026,15:41:00,2.144,0.361,239.73,8.82,3.7,5.0,15.1
05/09/2026,15:42:00,1.981,0.373,239.44,8.38,10.1,5.8,10.5
05/09/2026,15:43:00,2.048,0.361,238.73,8.37,8.0,4.8,14.5
05/09/2026,15:44:00,2.143,0.342,239.36,8.77,8.4,6.8,11.8
05/09/2026,15:45:00,2.072,0.336,240.26,8.41,9.0,3.9,12.2
05/09/2026,15:46:00,2.134,0.338,239.41,8.94,9.2,6.0,18.2
05/09/2026,15:47:00,2.172,0.391,239.42,8.94,5.4,5.6,14.7
05/09/2026,15:48:00,2.289,0.365,239.6,9.74,5.2,6.4,16.5
05/09/2026,15:49:00,2.151,0.338,239.7,9.08,12.1,5.0,15.9
05/09/2026,15:50:00,2.263,0.38,239.15,9.49,6.0,5.3,18.8
05/09/2026,15:51:00,2.294,0.373,239.64,9.62,8.2,5.2,16.1
05/09/2026,15:52:00,2.297,0.383,238.67,9.51,10.7,3.2,14.6
05/09/2026,15:53:00,2.207,0.412,238.85,9.13,6.6,5.3,19.2
05/09/2026,15:54:00,2.03,0.366,238.95,8.6,6.8,9.0,14.9
05/09/2026,15:55:00,2.227,0.368,239.75,9.43,9.5,6.9,16.9
05/09/2026,15:56:00,2.277,0.338,239.54,9.61,8.1,3.8,17.1
05/09/2026,15:57:00,2.19,0.35,239.35,9.08,8.7,2.4,13.3
05/09/2026,15:58:00,2.339,0.398,239.93,9.69,7.6,4.8,18.0
05/09/2026,15:59:00,2.271,0.343,239.72,9.33,6.7,6.2,19.0
05/09/2026,16:00:00,2.251,0.424,239.26,9.52,7.2,4.7,13.5
05/09/2026,16:01:00,2.295,0.376,238.75,9.32,10.3,7.2,16.1
05/09/2026,16:02:00,2.238,0.37,238.91,9.04,7.4,3.7,19.0
05/09/2026,16:03:00,2.015,0.325,238.46,8.15,8.8,5.0,12.5
05/09/2026,16:04:00,2.178,0.374,239.59,8.77,6.1,4.6,17.5
05/09/2026,16:05:00,2.317,0.349,238.9,9.9,12.2,5.6,13.4
05/09/2026,16:06:00,2.16,0.413,239.16,9.15,8.8,5.7,15.4
05/09/2026,16:07:00,2.21,0.398,239.43,9.05,8.9,6.2,15.7
05/09/2026,16:08:00,2.148,0.382,240.26,8.93,10.1,4.5,13.6
05/09/2026,16:09:00,2.378,0.351,240.18,10.12,7.3,6.3,14.2
05/09/2026,16:10:00,2.374,0.39,239.5,9.99,10.7,5.1,16.1
05/09/2026,16:11:00,2.172,0.391,240.44,9.35,5.4,6.4,19.3
05/09/2026,16:12:00,2.258,0.386,238.15,9.47,7.2,6.6,17.3
05/09/2026,16:13:00,2.196,0.338,240.88,9.02,6.9,4.7,12.7
05/09/2026,16:14:00,2.303,0.36,240.06,9.43,4.8,3.8,17.3
05/09/2026,16:15:00,2.299,0.365,239.65,9.6,7.6,4.9,16.4
05/09/2026,16:16:00,2.327,0.364,238.97,9.88,8.6,5.9,14.9
05/09/2026,16:17:00,2.293,0.413,239.29,9.6,6.6,2.7,15.4
05/09/2026,16:18:00,2.505,0.353,240.03,10.38,6.3,4.0,17.5
05/09/2026,16:19:00,2.192,0.379,240.06,9.32,8.9,5.5,12.9
05/09/2026,16:20:00,2.142,0.325,240.09,9.0,8.7,1.2,15.0
05/09/2026,16:21:00,2.251,0.346,239.12,9.4,8.4,3.2,13.9
05/09/2026,16:22:00,2.162,0.309,238.99,8.93,6.5,3.8,14.7
05/09/2026,16:23:00,2.172,0.347,239.78,9.02,8.3,4.5,17.2
05/09/2026,16:24:00,2.216,0.404,240.19,9.3,7.8,4.2,16.6
05/09/2026,16:25:00,2.226,0.374,239.66,9.17,9.4,4.2,18.0
05/09/2026,16:26:00,2.228,0.337,240.71,9.07,8.1,2.8,11.6
05/09/2026,16:27:00,2.351,0.408,239.7,9.73,9.2,6.9,16.0
05/09/2026,16:28:00,2.273,0.404,239.69,9.48,6.8,3.8,16.4
05/09/2026,16:29:00,2.304,0.379,240.16,9.8,6.7,2.1,13.0
05/09/2026,16:30:00,2.395,0.438,240.56,9.78,10.6,6.0,15.1
05/09/2026,16:31:00,2.267,0.393,238.77,9.53,11.1,3.5,16.6
05/09/2026,16:32:00,2.312,0.394,238.94,9.63,8.9,3.0,17.4
05/09/2026,16:33:00,2.367,0.364,239.51,9.85,9.8,5.4,17.5
05/09/2026,16:34:00,2.187,0.378,241.95,9.27,8.9,3.8,12.4
05/09/2026,16:35:00,2.157,0.364,239.56,9.02,12.0,4.7,15.4
05/09/2026,16:36:00,2.38,0.399,239.67,9.79,9.5,3.7,13.4
05/09/2026,16:37:00,2.397,0.371,240.19,10.11,9.0,3.9,16.8
05/09/2026,16:38:00,2.528,0.407,240.45,10.64,12.0,3.2,15.9
05/09/2026,16:39:00,2.381,0.365,239.9,9.77,8.5,2.9,15.5
05/09/2026,16:40:00,2.439,0.339,240.6,9.96,10.5,9.0,23.9
05/09/2026,16:41:00,2.363,0.408,238.96,9.95,8.1,3.4,14.6
05/09/2026,16:42:00,2.408,0.351,239.27,10.06,11.6,2.6,16.9
05/09/2026,16:43:00,2.523,0.405,240.62,10.41,12.0,6.0,18.0
05/09/2026,16:44:00,2.225,0.375,239.83,9.43,7.9,4.8,17.8
05/09/2026,16:45:00,2.433,0.4,238.94,10.09,7.6,4.5,18.3
05/09/2026,16:46:00,2.576,0.402,238.91,10.85,11.1,3.8,17.8
05/09/2026,16:47:00,2.434,0.399,239.28,10.35,14.5,3.9,16.4
05/09/2026,16:48:00,2.549,0.418,239.85,10.58,12.5,4.1,17.1
05/09/2026,16:49:00,2.372,0.403,240.19,9.6,10.4,5.9,15.7
05/09/2026,16:50:00,2.426,0.434,239.64,10.06,9.1,4.1,15.5
05/09/2026,16:51:00,2.436,0.398,240.15,10.17,8.5,5.9,14.3
05/09/2026,16:52:00,2.262,0.373,239.58,9.59,12.4,4.4,19.0
05/09/2026,16:53:00,2.352,0.36,240.75,9.69,12.9,4.2,19.7
05/09/2026,16:54:00,2.364,0.395,241.69,10.04,9.9,3.1,16.0
05/09/2026,16:55:00,2.523,0.419,239.63,10.33,10.7,7.2,17.2
05/09/2026,16:56:00,2.533,0.399,240.25,10.57,11.4,4.5,20.9
05/09/2026,16:57:00,2.495,0.413,240.21,10.35,15.0,4.4,19.9
05/09/2026,16:58:00,2.541,0.398,240.03,10.79,11.6,6.8,19.4
05/09/2026,16:59:00,2.468,0.413,240.4,10.05,9.5,5.0,18.0
05/09/2026,17:00:00,2.584,0.433,240.29,10.82,9.3,5.1,16.1
05/09/2026,17:01:00,2.494,0.422,239.63,10.37,9.8,4.5,16.4
05/09/2026,17:02:00,2.504,0.403,240.89,10.63,14.3,3.4,18.1
05/09/2026,17:03:00,2.485,0.372,240.12,10.22,12.8,6.0,18.5
05/09/2026,17:04:00,2.567,0.393,239.72,10.77,11.2,2.6,15.5
05/09/2026,17:05:00,2.485,0.413,241.7,10.15,6.1,3.1,20.4
05/09/2026,17:06:00,2.603,0.474,239.92,10.88,10.3,3.4,20.8
05/09/2026,17:07:00,2.441,0.384,240.19,10.11,12.8,4.7,19.4
05/09/2026,17:08:00,2.45,0.405,240.14,10.14,12.9,4.4,21.0
05/09/2026,17:09:00,2.599,0.398,239.94,10.53,13.0,2.0,19.2
05/09/2026,17:10:00,2.544,0.381,240.35,10.64,9.7,7.4,18.4
05/09/2026,17:11:00,2.521,0.386,239.45,10.37,12.8,5.4,17.9
05/09/2026,17:12:00,2.635,0.364,240.47,10.79,10.6,3.8,17.2
05/09/2026,17:13:00,2.522,0.436,238.83,10.33,12.6,5.0,17.9
05/09/2026,17:14:00,2.561,0.352,239.16,10.55,11.1,5.0,15.6
05/09/2026,17:15:00,2.695,0.417,241.35,11.24,14.9,4.0,17.8
05/09/2026,17:16:00,2.713,0.396,239.21,11.41,13.5,4.9,15.4
05/09/2026,17:17:00,2.723,0.405,238.72,11.5,12.6,4.9,16.3
05/09/2026,17:18:00,2.581,0.444,239.24,10.63,15.7,5.8,20.8
05/09/2026,17:19:00,2.709,0.43,241.33,11.26,12.3,4.5,20.7
05/09/2026,17:20:00,2.541,0.381,238.86,10.55,10.3,4.8,16.3
05/09/2026,17:21:00,2.551,0.391,239.46,10.8,15.3,4.1,20.1
05/09/2026,17:22:00,2.443,0.374,239.11,10.28,13.8,3.8,16.9
05/09/2026,17:23:00,2.771,0.431,239.95,11.45,12.8,3.4,16.8
05/09/2026,17:24:00,2.575,0.413,239.85,10.89,12.2,3.3,21.3
05/09/2026,17:25:00,2.641,0.464,239.82,11.09,14.6,3.8,15.9
05/09/2026,17:26:00,2.586,0.362,241.47,10.5,15.3,4.1,14.4
05/09/2026,17:27:00,2.721,0.426,239.34,11.12,12.2,5.7,16.9
05/09/2026,17:28:00,2.642,0.409,240.11,10.8,14.9,3.9,17.1
05/09/2026,17:29:00,2.575,0.433,240.43,10.96,14.4,3.9,17.6
05/09/2026,17:30:00,2.722,0.435,239.51,11.21,12.3,4.0,14.7
05/09/2026,17:31:00,2.579,0.424,240.55,11.0,14.1,4.3,19.3
05/09/2026,17:32:00,2.633,0.425,239.94,10.81,13.0,6.6,22.7
05/09/2026,17:33:00,2.539,0.381,240.49,10.38,16.7,3.9,19.3
05/09/2026,17:34:00,2.601,0.442,240.16,10.96,13.0,5.1,18.1
05/09/2026,17:35:00,2.736,0.448,238.81,11.59,17.4,4.8,20.1
05/09/2026,17:36:00,2.571,0.431,241.16,10.75,14.7,4.4,18.9
05/09/2026,17:37:00,2.617,0.446,241.71,10.93,11.1,3.1,18.9
05/09/2026,17:38:00,2.743,0.44,240.14,11.3,10.3,5.0,18.6
05/09/2026,17:39:00,2.706,0.462,239.65,11.42,14.3,1.8,19.3
05/09/2026,17:40:00,2.916,0.459,241.34,12.12,17.5,3.0,17.9
05/09/2026,17:41:00,2.911,0.444,241.61,11.99,17.4,3.6,15.3
05/09/2026,17:42:00,2.702,0.424,240.18,11.26,15.3,4.1,23.0
05/09/2026,17:43:00,2.823,0.438,240.15,11.91,13.6,4.5,20.1
05/09/2026,17:44:00,2.846,0.428,240.26,11.9,14.3,6.2,17.4
05/09/2026,17:45:00,2.745,0.47,239.15,11.15,15.6,5.2,19.8
05/09/2026,17:46:00,2.68,0.429,240.13,11.3,17.5,4.6,16.6
05/09/2026,17:47:00,2.806,0.439,241.54,11.74,16.5,3.9,19.9
05/09/2026,17:48:00,2.801,0.446,240.23,11.6,17.4,3.9,20.8
05/09/2026,17:49:00,2.787,0.509,239.63,11.65,16.9,2.9,21.4
05/09/2026,17:50:00,2.864,0.415,240.71,11.92,17.5,1.6,20.5
05/09/2026,17:51:00,2.776,0.412,239.91,11.27,11.2,2.7,18.8
05/09/2026,17:52:00,2.751,0.396,240.33,11.39,14.0,5.9,21.5
05/09/2026,17:53:00,2.859,0.437,239.5,11.88,13.7,3.4,18.1
05/09/2026,17:54:00,2.888,0.453,239.67,12.03,13.6,3.7,20.0
05/09/2026,17:55:00,2.77,0.421,240.92,11.42,16.1,5.7,17.8
05/09/2026,17:56:00,2.946,0.44,240.49,12.35,13.3,0.9,19.9
05/09/2026,17:57:00,2.737,0.432,239.88,11.29,14.4,3.6,22.7
05/09/2026,17:58:00,2.84,0.428,240.51,11.94,16.1,2.9,21.2
05/09/2026,17:59:00,2.873,0.452,240.01,12.06,13.2,4.7,21.6
05/09/2026,18:00:00,2.849,0.47,239.9,12.08,15.5,5.1,22.0
05/09/2026,18:01:00,2.862,0.46,241.27,12.12,17.9,5.1,19.4
05/09/2026,18:02:00,3.064,0.49,241.01,12.97,14.2,6.3,17.7
05/09/2026,18:03:00,2.853,0.47,240.45,11.69,18.3,5.0,15.6
05/09/2026,18:04:00,3.124,0.482,240.58,13.04,15.2,4.6,17.3
05/09/2026,18:05:00,2.971,0.453,240.48,12.25,17.5,7.5,20.0
05/09/2026,18:06:00,2.95,0.435,240.83,12.74,14.8,1.6,15.3
05/09/2026,18:07:00,2.988,0.449,239.94,12.54,18.0,7.2,20.2
05/09/2026,18:08:00,3.159,0.466,241.11,13.31,16.6,6.6,20.9
05/09/2026,18:09:00,2.884,0.464,240.76,12.04,18.2,4.1,16.4
05/09/2026,18:10:00,2.881,0.454,240.34,11.59,16.2,3.4,21.8
05/09/2026,18:11:00,2.917,0.467,240.19,12.03,18.5,3.5,19.0
05/09/2026,18:12:00,2.987,0.429,241.13,12.28,19.2,3.9,16.4
05/09/2026,18:13:00,2.853,0.478,240.44,11.81,17.8,5.9,16.3
05/09/2026,18:14:00,3.0,0.449,240.07,12.55,16.7,1.1,19.9
05/09/2026,18:15:00,3.14,0.449,240.29,13.14,17.3,6.9,20.3
05/09/2026,18:16:00,3.024,0.452,241.11,12.15,15.3,4.3,20.1
05/09/2026,18:17:00,2.995,0.521,239.45,12.47,18.3,5.8,22.4
05/09/2026,18:18:00,2.976,0.447,240.34,12.31,19.2,2.7,20.3
05/09/2026,18:19:00,3.104,0.464,241.34,13.07,21.2,5.3,18.9
05/09/2026,18:20:00,2.972,0.452,240.48,12.45,20.7,4.8,19.5
05/09/2026,18:21:00,3.193,0.479,240.8,13.23,16.3,5.0,22.6
05/09/2026,18:22:00,3.206,0.465,241.38,13.32,18.7,3.4,17.8
05/09/2026,18:23:00,3.079,0.473,241.25,12.51,18.1,3.8,20.7
05/09/2026,18:24:00,3.064,0.495,240.32,12.85,20.9,2.7,20.8
05/09/2026,18:25:00,3.154,0.486,240.55,13.05,17.1,5.3,22.6
05/09/2026,18:26:00,3.165,0.452,241.28,13.0,20.4,6.1,20.7
05/09/2026,18:27:00,3.019,0.454,241.31,12.71,16.7,4.7,18.3
05/09/2026,18:28:00,3.048,0.452,240.6,12.71,18.5,0.8,20.9
05/09/2026,18:29:00,2.991,0.46,240.63,12.33,17.1,6.1,22.1
05/09/2026,18:30:00,3.136,0.51,240.86,12.93,15.0,4.5,20.8
05/09/2026,18:31:00,3.162,0.476,241.64,13.14,17.2,0.9,23.0
05/09/2026,18:32:00,3.007,0.459,241.44,12.5,18.5,2.1,17.7
05/09/2026,18:33:00,3.085,0.515,241.18,12.8,22.0,2.9,20.3
05/09/2026,18:34:00,3.02,0.484,239.95,12.4,17.0,4.3,20.6
05/09/2026,18:35:00,3.061,0.482,240.52,12.57,18.1,3.0,22.4
05/09/2026,18:36:00,3.183,0.531,240.56,13.12,16.5,3.2,22.7
05/09/2026,18:37:00,3.087,0.483,241.72,12.74,21.7,5.5,20.8
05/09/2026,18:38:00,3.127,0.426,240.57,12.99,18.6,5.9,19.9
05/09/2026,18:39:00,3.027,0.484,241.62,12.5,18.9,5.5,21.2
05/09/2026,18:40:00,3.178,0.442,240.35,13.2,18.9,2.2,18.3
05/09/2026,18:41:00,3.165,0.491,240.41,13.45,15.8,5.5,19.7
05/09/2026,18:42:00,3.116,0.431,241.1,13.05,16.8,3.7,22.1
05/09/2026,18:43:00,3.164,0.468,241.87,13.26,17.9,6.9,21.6
05/09/2026,18:44:00,3.199,0.475,240.63,13.37,21.1,4.6,19.4
05/09/2026,18:45:00,3.125,0.456,238.99,13.09,15.0,5.9,19.2
05/09/2026,18:46:00,3.078,0.461,239.7,12.9,21.1,5.0,19.2
05/09/2026,18:47:00,3.346,0.527,241.01,13.92,20.8,4.9,19.3
05/09/2026,18:48:00,3.156,0.461,239.77,13.28,16.5,3.8,21.3
05/09/2026,18:49:00,3.204,0.498,240.21,13.19,19.6,5.9,23.6
05/09/2026,18:50:00,3.298,0.472,240.83,13.8,22.6,5.5,23.9
05/09/2026,18:51:00,3.504,0.516,239.11,14.68,18.2,3.9,19.0
05/09/2026,18:52:00,3.127,0.483,240.57,12.73,19.3,3.7,21.8
05/09/2026,18:53:00,3.268,0.467,240.03,13.63,26.0,3.4,21.7
05/09/2026,18:54:00,3.18,0.449,239.8,13.06,21.2,5.4,21.5
05/09/2026,18:55:00,3.198,0.496,240.29,13.23,20.1,4.6,18.9
05/09/2026,18:56:00,3.188,0.511,240.11,13.25,19.7,4.7,19.5
05/09/2026,18:57:00,3.161,0.477,241.2,12.88,21.5,3.8,21.9
05/09/2026,18:58:00,3.252,0.479,241.71,13.45,22.2,6.2,20.3
05/09/2026,18:59:00,3.142,0.481,240.63,13.07,16.5,2.4,21.4
05/09/2026,19:00:00,3.34,0.502,240.47,14.0,16.4,5.3,18.9
05/09/2026,19:01:00,3.274,0.499,240.61,13.54,19.0,5.6,20.1
05/09/2026,19:02:00,3.309,0.434,240.13,13.82,20.7,3.9,18.3
05/09/2026,19:03:00,3.244,0.463,240.01,13.5,21.2,2.4,21.9
05/09/2026,19:04:00,3.258,0.47,239.76,13.52,17.7,4.8,20.6
05/09/2026,19:05:00,3.315,0.502,239.99,13.56,20.8,5.9,22.0
05/09/2026,19:06:00,3.205,0.489,242.07,13.22,21.1,6.6,20.6
05/09/2026,19:07:00,3.275,0.509,240.45,13.73,19.6,5.2,22.0
05/09/2026,19:08:00,3.24,0.495,238.88,13.42,20.3,3.5,25.5
05/09/2026,19:09:00,3.242,0.457,240.54,13.45,19.9,5.2,20.4
05/09/2026,19:10:00,3.15,0.514,239.84,13.12,22.4,5.0,22.6
05/09/2026,19:11:00,3.431,0.544,241.0,14.4,21.5,4.7,20.2
05/09/2026,19:12:00,3.274,0.461,240.93,13.59,19.3,3.2,21.3
05/09/2026,19:13:00,3.427,0.52,241.01,14.26,23.5,5.1,22.7
05/09/2026,19:14:00,3.424,0.496,240.95,14.21,18.9,4.9,22.3
05/09/2026,19:15:00,3.24,0.492,240.73,13.39,18.3,7.5,23.3
05/09/2026,19:16:00,3.261,0.518,239.97,13.42,21.2,4.4,23.9
05/09/2026,19:17:00,3.557,0.58,240.95,14.72,21.3,6.5,23.3
05/09/2026,19:18:00,3.497,0.538,241.72,14.52,22.0,6.1,23.9
05/09/2026,19:19:00,3.358,0.51,242.28,13.88,19.5,4.4,22.3
05/09/2026,19:20:00,3.386,0.498,240.85,14.28,23.7,5.9,20.3
05/09/2026,19:21:00,3.319,0.503,240.93,13.92,25.4,3.3,23.7
05/09/2026,19:22:00,3.408,0.543,241.38,14.3,21.9,4.1,21.1
05/09/2026,19:23:00,3.32,0.497,242.08,13.41,22.6,3.6,23.5
05/09/2026,19:24:00,3.218,0.464,240.7,13.61,17.8,4.1,19.2
05/09/2026,19:25:00,3.279,0.453,241.53,13.62,21.2,1.7,21.3
05/09/2026,19:26:00,3.39,0.52,240.48,14.16,20.7,6.6,20.5
05/09/2026,19:27:00,3.301,0.502,241.29,13.82,20.4,3.9,22.9
05/09/2026,19:28:00,3.39,0.491,241.74,14.03,20.9,5.3,20.8
05/09/2026,19:29:00,3.313,0.523,240.17,13.63,21.1,4.6,22.1
05/09/2026,19:30:00,3.339,0.49,240.71,14.09,19.3,3.9,21.8
05/09/2026,19:31:00,3.473,0.513,241.75,14.25,21.3,2.6,24.4
05/09/2026,19:32:00,3.428,0.511,241.52,14.04,20.2,3.1,23.2
05/09/2026,19:33:00,3.41,0.5,241.82,14.07,23.9,4.0,22.9
05/09/2026,19:34:00,3.484,0.524,241.69,14.36,23.0,3.7,22.3
05/09/2026,19:35:00,3.455,0.543,240.87,14.34,23.1,3.0,20.6
05/09/2026,19:36:00,3.535,0.496,242.65,14.55,24.4,3.4,20.3
05/09/2026,19:37:00,3.385,0.518,241.21,14.23,20.8,4.9,22.9
05/09/2026,19:38:00,3.39,0.511,238.98,14.25,23.0,5.4,19.2
05/09/2026,19:39:00,3.322,0.503,240.93,13.66,24.6,2.8,22.2
05/09/2026,19:40:00,3.394,0.529,240.8,13.99,20.7,3.2,22.6
05/09/2026,19:41:00,3.508,0.522,241.7,14.45,18.5,4.6,19.3
05/09/2026,19:42:00,3.537,0.536,240.83,14.63,21.2,4.1,22.3
05/09/2026,19:43:00,3.511,0.539,241.92,14.44,24.5,3.8,22.4
05/09/2026,19:44:00,3.293,0.483,241.55,13.47,20.7,5.5,27.0
05/09/2026,19:45:00,3.525,0.53,240.46,14.7,21.7,4.5,22.4
05/09/2026,19:46:00,3.292,0.489,241.07,13.59,21.1,2.2,24.3
05/09/2026,19:47:00,3.513,0.518,240.63,14.46,22.3,3.3,23.4
05/09/2026,19:48:00,3.413,0.501,241.31,14.22,20.5,2.1,23.0
05/09/2026,19:49:00,3.5,0.532,240.63,14.67,19.7,4.1,24.3
05/09/2026,19:50:00,3.338,0.503,241.24,13.8,21.8,2.6,19.3
05/09/2026,19:51:00,3.539,0.535,241.0,14.95,22.1,2.0,22.3
05/09/2026,19:52:00,3.329,0.499,241.09,14.14,24.9,1.6,23.1
05/09/2026,19:53:00,3.394,0.467,242.64,14.06,22.8,6.9,20.4
05/09/2026,19:54:00,3.368,0.505,240.95,13.91,20.4,2.5,22.4
05/09/2026,19:55:00,3.308,0.499,239.86,13.83,21.2,3.9,22.7
05/09/2026,19:56:00,3.457,0.521,241.93,14.1,24.1,4.4,22.1
05/09/2026,19:57:00,3.594,0.516,241.93,14.73,21.9,4.5,20.5
05/09/2026,19:58:00,3.663,0.51,239.84,15.02,20.5,5.1,20.8
05/09/2026,19:59:00,3.458,0.531,240.74,14.27,22.9,4.2,21.8
05/09/2026,20:00:00,3.539,0.518,241.54,14.47,21.1,3.7,23.3
05/09/2026,20:01:00,3.469,0.521,241.61,14.45,23.7,4.6,22.7
05/09/2026,20:02:00,3.49,0.512,241.24,14.35,23.4,4.6,22.9
05/09/2026,20:03:00,3.422,0.511,241.26,14.23,20.4,4.4,22.0
05/09/2026,20:04:00,3.465,0.505,240.6,14.51,26.3,5.1,20.6
05/09/2026,20:05:00,3.492,0.495,239.58,14.75,22.5,3.5,21.8
05/09/2026,20:06:00,3.402,0.52,242.7,13.96,17.4,4.0,20.7
05/09/2026,20:07:00,3.441,0.498,240.59,14.35,23.5,2.6,15.8
05/09/2026,20:08:00,3.442,0.517,241.4,14.31,17.5,4.0,22.4
05/09/2026,20:09:00,3.512,0.532,241.17,14.75,24.8,3.5,21.9
05/09/2026,20:10:00,3.359,0.488,241.91,14.0,22.8,5.7,25.2
05/09/2026,20:11:00,3.439,0.483,241.37,14.45,22.4,2.4,24.0
05/09/2026,20:12:00,3.595,0.592,241.4,14.64,22.5,3.7,23.5
05/09/2026,20:13:00,3.534,0.511,239.45,14.66,23.6,3.6,20.2
05/09/2026,20:14:00,3.547,0.541,240.71,14.89,21.5,5.2,24.7
05/09/2026,20:15:00,3.44,0.561,241.82,14.31,22.4,2.6,22.7
05/09/2026,20:16:00,3.462,0.535,241.76,14.3,22.7,4.3,21.6
05/09/2026,20:17:00,3.515,0.514,240.64,14.53,16.6,4.4,20.7
05/09/2026,20:18:00,3.557,0.525,240.21,14.93,23.6,5.5,20.9
05/09/2026,20:19:00,3.274,0.472,241.41,13.27,23.9,3.2,21.8
05/09/2026,20:20:00,3.323,0.521,239.29,14.01,23.2,2.6,20.1
05/09/2026,20:21:00,3.531,0.538,240.52,14.69,23.1,4.9,22.4
05/09/2026,20:22:00,3.402,0.495,242.56,13.95,25.5,2.5,22.0
05/09/2026,20:23:00,3.368,0.478,242.35,13.97,22.2,3.6,23.8
05/09/2026,20:24:00,3.319,0.465,241.68,13.67,22.2,4.0,22.0
05/09/2026,20:25:00,3.372,0.529,241.56,13.96,20.9,5.1,18.3
05/09/2026,20:26:00,3.301,0.499,239.98,13.75,18.4,2.3,21.6
05/09/2026,20:27:00,3.578,0.535,240.83,14.97,23.1,3.9,19.7
05/09/2026,20:28:00,3.406,0.488,241.15,14.15,21.1,4.3,20.9
05/09/2026,20:29:00,3.4,0.471,240.85,13.83,18.3,3.2,20.1
05/09/2026,20:30:00,3.449,0.538,241.11,14.09,21.9,3.8,26.8
05/09/2026,20:31:00,3.475,0.518,242.27,14.18,21.8,5.5,21.4
05/09/2026,20:32:00,3.471,0.539,240.99,14.47,21.6,3.6,23.7
05/09/2026,20:33:00,3.477,0.508,241.13,14.5,22.3,3.8,21.4
05/09/2026,20:34:00,3.338,0.495,241.89,14.05,18.8,5.5,21.6
05/09/2026,20:35:00,3.361,0.521,240.38,13.83,23.9,4.0,21.0
05/09/2026,20:36:00,3.442,0.531,240.79,14.49,22.7,6.0,20.5
05/09/2026,20:37:00,3.335,0.52,240.87,13.55,24.3,2.2,20.5
05/09/2026,20:38:00,3.372,0.497,241.43,13.97,20.7,3.9,22.8
05/09/2026,20:39:00,3.401,0.523,241.15,14.14,22.6,5.3,21.8
05/09/2026,20:40:00,3.428,0.539,241.17,14.25,18.0,3.4,24.8
05/09/2026,20:41:00,3.218,0.484,240.93,13.31,20.0,4.0,21.4
05/09/2026,20:42:00,3.413,0.497,240.65,14.2,18.9,5.9,21.2
05/09/2026,20:43:00,3.333,0.534,241.83,13.6,22.1,3.3,21.9
05/09/2026,20:44:00,3.404,0.492,241.17,14.24,19.3,4.9,23.1
05/09/2026,20:45:00,3.405,0.524,241.84,14.12,20.6,5.3,22.0
05/09/2026,20:46:00,3.467,0.515,240.63,14.46,21.5,4.4,24.7
05/09/2026,20:47:00,3.442,0.467,240.95,14.24,20.6,4.4,27.3
05/09/2026,20:48:00,3.436,0.541,241.26,14.19,18.7,3.0,23.4
05/09/2026,20:49:00,3.439,0.444,241.33,14.33,24.6,5.3,22.4
05/09/2026,20:50:00,3.342,0.451,241.95,14.05,21.5,2.7,17.2
05/09/2026,20:51:00,3.316,0.511,241.12,13.54,24.5,4.8,24.6
05/09/2026,20:52:00,3.378,0.519,241.95,13.74,19.1,3.6,24.2
05/09/2026,20:53:00,3.361,0.487,241.69,13.95,20.4,3.8,24.8
05/09/2026,20:54:00,3.273,0.496,241.36,13.51,21.2,4.0,23.2
05/09/2026,20:55:00,3.324,0.436,240.77,13.83,24.1,4.9,19.3
05/09/2026,20:56:00,3.284,0.512,241.97,13.57,24.3,6.3,19.2
05/09/2026,20:57:00,3.213,0.492,240.79,13.44,20.0,4.4,18.9
05/09/2026,20:58:00,3.378,0.504,241.43,13.95,19.4,3.4,21.4
05/09/2026,20:59:00,3.274,0.493,241.41,13.38,20.8,2.4,19.7
05/09/2026,21:00:00,3.427,0.524,241.3,14.09,23.1,5.8,23.1
05/09/2026,21:01:00,3.128,0.475,241.18,12.94,21.0,4.5,19.9
05/09/2026,21:02:00,3.207,0.438,240.87,13.13,21.3,4.0,20.4
05/09/2026,21:03:00,3.248,0.545,240.32,13.51,23.0,4.4,21.6
05/09/2026,21:04:00,3.33,0.53,242.44,13.75,22.6,5.3,20.0
05/09/2026,21:05:00,3.265,0.46,241.11,13.49,22.6,3.8,19.0
05/09/2026,21:06:00,3.252,0.482,241.37,13.5,21.8,3.4,16.9
05/09/2026,21:07:00,3.13,0.47,241.37,12.73,23.2,2.6,22.9
05/09/2026,21:08:00,3.121,0.502,242.23,12.74,18.0,2.9,18.8
05/09/2026,21:09:00,3.233,0.434,242.82,13.14,24.9,3.9,19.9
05/09/2026,21:10:00,3.092,0.459,241.58,12.93,22.4,5.7,19.9
05/09/2026,21:11:00,3.152,0.434,241.36,13.4,19.9,3.6,16.1
05/09/2026,21:12:00,3.227,0.48,240.68,13.28,22.4,4.6,21.3
05/09/2026,21:13:00,3.102,0.46,240.46,12.86,19.4,5.8,23.7
05/09/2026,21:14:00,3.302,0.498,240.23,13.64,21.0,4.8,22.6
05/09/2026,21:15:00,3.265,0.477,240.92,13.58,21.2,6.9,19.7
05/09/2026,21:16:00,3.034,0.445,240.01,12.55,21.6,4.4,22.8
05/09/2026,21:17:00,3.078,0.485,242.23,12.75,18.9,4.1,16.6
05/09/2026,21:18:00,2.963,0.467,241.77,12.35,21.5,3.8,22.2
05/09/2026,21:19:00,3.076,0.483,241.3,12.56,18.8,6.9,18.7
05/09/2026,21:20:00,3.193,0.479,242.26,13.22,21.1,5.9,22.4
05/09/2026,21:21:00,3.091,0.457,240.73,12.57,19.5,2.4,20.3
05/09/2026,21:22:00,3.153,0.475,240.91,13.05,15.8,7.0,17.5
05/09/2026,21:23:00,2.987,0.471,240.13,12.39,17.9,4.9,20.6
05/09/2026,21:24:00,3.166,0.425,242.03,13.05,21.0,4.5,20.0
05/09/2026,21:25:00,3.05,0.476,240.92,12.61,18.7,5.0,20.5
05/09/2026,21:26:00,3.088,0.478,241.5,12.71,21.6,3.1,18.2
05/09/2026,21:27:00,3.072,0.47,242.19,12.64,16.7,4.6,17.3
05/09/2026,21:28:00,2.97,0.453,242.45,12.28,20.4,3.9,21.2
05/09/2026,21:29:00,2.971,0.392,241.47,12.35,18.9,3.8,19.6
05/09/2026,21:30:00,3.133,0.465,241.76,12.98,18.4,5.5,21.0
05/09/2026,21:31:00,3.08,0.514,240.86,12.7,16.5,4.0,20.9
05/09/2026,21:32:00,3.124,0.475,242.67,13.04,19.2,4.4,21.1
05/09/2026,21:33:00,3.058,0.459,241.38,12.9,16.7,4.7,23.1
05/09/2026,21:34:00,3.036,0.465,241.55,12.38,17.3,5.5,19.9
05/09/2026,21:35:00,2.878,0.454,241.21,11.96,18.2,5.9,17.2
05/09/2026,21:36:00,2.987,0.475,242.34,12.26,17.7,4.3,17.7
05/09/2026,21:37:00,2.998,0.454,241.64,12.55,20.4,3.8,18.7
05/09/2026,21:38:00,3.149,0.488,242.03,13.01,13.1,6.8,19.7
05/09/2026,21:39:00,3.039,0.507,241.75,12.58,17.9,0.9,22.2
05/09/2026,21:40:00,3.099,0.497,241.34,12.91,17.4,5.4,18.8
05/09/2026,21:41:00,3.016,0.52,242.15,12.41,18.0,4.1,22.8
05/09/2026,21:42:00,2.903,0.432,241.74,12.26,16.9,5.0,22.9
05/09/2026,21:43:00,2.961,0.497,240.83,12.37,19.9,4.4,19.9
05/09/2026,21:44:00,2.962,0.436,240.81,12.44,17.3,6.0,20.3
05/09/2026,21:45:00,2.86,0.452,241.6,11.8,18.0,4.8,17.8
05/09/2026,21:46:00,2.896,0.466,242.14,11.94,19.4,2.5,22.5
05/09/2026,21:47:00,2.901,0.435,242.65,12.08,17.7,2.4,17.3
05/09/2026,21:48:00,3.038,0.467,240.26,12.75,14.9,4.0,21.3
05/09/2026,21:49:00,2.735,0.451,241.52,11.14,16.6,5.1,16.3
05/09/2026,21:50:00,2.989,0.441,241.84,12.38,17.1,6.0,19.9
05/09/2026,21:51:00,2.809,0.479,241.71,11.69,13.9,3.4,20.9
05/09/2026,21:52:00,2.766,0.397,242.21,11.4,15.7,1.4,20.4
05/09/2026,21:53:00,2.961,0.504,241.96,12.3,16.9,4.9,17.3
05/09/2026,21:54:00,2.917,0.475,240.81,12.1,21.0,4.4,17.7
05/09/2026,21:55:00,2.95,0.452,240.79,11.92,17.7,4.5,21.6
05/09/2026,21:56:00,2.905,0.439,241.72,11.82,17.1,2.9,17.1
05/09/2026,21:57:00,2.998,0.447,242.19,12.52,20.1,5.9,17.1
05/09/2026,21:58:00,2.869,0.441,241.6,11.84,17.8,3.2,21.4
05/09/2026,21:59:00,2.803,0.435,240.39,11.69,18.0,4.7,17.9
05/09/2026,22:00:00,2.834,0.471,240.76,11.77,15.7,4.7,17.8
05/09/2026,22:01:00,2.898,0.497,241.98,11.85,13.9,5.0,21.9
05/09/2026,22:02:00,2.727,0.432,241.25,11.23,16.8,3.3,16.4
05/09/2026,22:03:00,2.729,0.406,241.58,11.34,19.9,3.1,16.1
05/09/2026,22:04:00,2.747,0.416,242.24,11.41,19.2,5.4,18.1
05/09/2026,22:05:00,2.595,0.407,240.65,11.11,17.4,5.0,17.7
05/09/2026,22:06:00,2.766,0.406,241.2,11.4,14.6,4.7,15.8
05/09/2026,22:07:00,2.595,0.382,241.13,11.01,12.8,5.8,19.3
05/09/2026,22:08:00,2.742,0.481,241.74,11.21,14.2,4.7,17.5
05/09/2026,22:09:00,2.798,0.443,242.03,11.63,16.2,3.8,17.5
05/09/2026,22:10:00,2.682,0.401,240.45,11.18,14.7,5.0,17.3
05/09/2026,22:11:00,2.845,0.462,241.48,11.76,17.6,4.9,14.9
05/09/2026,22:12:00,2.586,0.381,242.1,10.68,12.5,4.9,15.4
05/09/2026,22:13:00,2.789,0.407,240.19,11.52,15.1,3.2,13.6
05/09/2026,22:14:00,2.739,0.409,241.44,11.48,13.8,3.0,19.6
05/09/2026,22:15:00,2.539,0.446,240.63,10.42,17.2,5.4,17.0
05/09/2026,22:16:00,2.884,0.44,241.03,12.01,16.2,4.1,19.1
05/09/2026,22:17:00,2.654,0.357,239.73,11.18,13.4,1.8,15.9
05/09/2026,22:18:00,2.58,0.44,242.45,10.85,16.7,2.5,19.3
05/09/2026,22:19:00,2.529,0.396,241.23,10.63,11.6,2.6,13.2
05/09/2026,22:20:00,2.615,0.368,240.91,10.94,11.2,5.7,18.8
05/09/2026,22:21:00,2.614,0.406,241.71,10.72,13.0,4.2,16.5
05/09/2026,22:22:00,2.623,0.428,240.74,10.78,10.7,4.3,13.5
05/09/2026,22:23:00,2.583,0.42,240.68,10.56,14.3,3.8,10.3
05/09/2026,22:24:00,2.649,0.463,242.53,10.74,14.3,2.9,17.5
05/09/2026,22:25:00,2.558,0.386,242.74,10.54,13.6,5.3,18.6
05/09/2026,22:26:00,2.426,0.392,241.05,9.95,15.4,5.1,16.5
05/09/2026,22:27:00,2.56,0.39,242.21,10.75,12.8,3.4,17.6
05/09/2026,22:28:00,2.374,0.346,241.71,9.73,11.5,6.1,17.2
05/09/2026,22:29:00,2.583,0.432,240.47,10.76,12.5,5.3,16.3
05/09/2026,22:30:00,2.468,0.408,240.81,10.21,11.5,3.2,18.2
05/09/2026,22:31:00,2.551,0.413,242.54,10.31,12.7,3.9,12.8
05/09/2026,22:32:00,2.634,0.427,240.46,11.12,15.0,3.8,16.2
05/09/2026,22:33:00,2.445,0.376,243.05,10.16,10.2,4.7,17.4
05/09/2026,22:34:00,2.597,0.386,241.05,10.89,13.0,2.4,14.9
05/09/2026,22:35:00,2.469,0.397,242.56,10.27,15.5,3.4,16.3
05/09/2026,22:36:00,2.635,0.445,241.23,10.81,15.6,5.3,13.1
05/09/2026,22:37:00,2.457,0.435,242.01,10.04,12.0,2.2,15.8
05/09/2026,22:38:00,2.411,0.409,242.42,10.01,17.7,4.0,14.0
05/09/2026,22:39:00,2.525,0.404,242.41,10.65,11.1,2.7,14.4
05/09/2026,22:40:00,2.427,0.398,241.03,10.13,12.7,5.5,16.7
05/09/2026,22:41:00,2.386,0.387,240.84,10.05,10.7,4.7,11.5
05/09/2026,22:42:00,2.406,0.363,241.38,9.89,13.9,2.4,13.0
05/09/2026,22:43:00,2.433,0.393,240.52,10.28,18.5,2.9,16.9
05/09/2026,22:44:00,2.536,0.371,241.6,10.43,16.5,4.3,14.9
05/09/2026,22:45:00,2.265,0.369,240.85,9.44,14.4,1.3,13.6
05/09/2026,22:46:00,2.414,0.431,242.18,9.91,11.4,2.9,16.1
05/09/2026,22:47:00,2.453,0.415,241.02,10.31,12.2,3.2,12.6
05/09/2026,22:48:00,2.411,0.366,240.2,10.17,14.7,6.0,12.5
05/09/2026,22:49:00,2.492,0.397,242.4,10.06,13.9,3.6,14.5
05/09/2026,22:50:00,2.373,0.364,241.54,10.02,12.5,5.2,14.6
05/09/2026,22:51:00,2.356,0.381,241.43,10.12,12.6,3.7,13.2
05/09/2026,22:52:00,2.41,0.415,242.17,9.9,14.3,5.3,14.2
05/09/2026,22:53:00,2.363,0.4,242.02,9.74,14.7,2.3,17.7
05/09/2026,22:54:00,2.316,0.44,240.87,9.8,9.0,3.4,14.6
05/09/2026,22:55:00,2.38,0.415,241.08,9.88,12.4,4.2,12.1
05/09/2026,22:56:00,2.279,0.379,240.62,9.47,13.0,4.5,14.6
05/09/2026,22:57:00,2.274,0.39,240.37,9.75,10.7,4.7,9.8
05/09/2026,22:58:00,2.273,0.368,241.79,9.2,14.3,4.6,18.0
05/09/2026,22:59:00,2.416,0.362,241.66,9.88,11.1,5.0,11.8
05/09/2026,23:00:00,2.042,0.378,241.92,8.5,14.2,4.3,14.8
05/09/2026,23:01:00,2.324,0.404,242.28,9.35,10.8,4.5,14.6
05/09/2026,23:02:00,2.287,0.368,241.92,9.4,12.0,3.0,12.5
05/09/2026,23:03:00,2.142,0.364,241.98,8.8,11.8,2.2,17.0
05/09/2026,23:04:00,2.294,0.406,239.92,9.71,14.6,2.8,18.6
05/09/2026,23:05:00,2.3,0.397,241.15,9.64,12.7,2.1,12.4
05/09/2026,23:06:00,2.301,0.34,242.04,9.26,10.2,4.6,15.6
05/09/2026,23:07:00,2.034,0.35,240.54,8.35,10.5,5.5,11.8
05/09/2026,23:08:00,2.348,0.378,241.42,9.62,10.4,3.1,16.8
05/09/2026,23:09:00,2.173,0.389,241.72,8.96,11.0,5.6,16.6
05/09/2026,23:10:00,2.279,0.399,241.66,9.27,9.0,4.9,16.0
05/09/2026,23:11:00,2.276,0.406,241.6,9.49,10.6,3.6,10.1
05/09/2026,23:12:00,2.14,0.329,241.76,8.75,13.4,3.8,12.5
05/09/2026,23:13:00,2.255,0.351,241.46,9.43,13.3,5.8,12.5
05/09/2026,23:14:00,2.164,0.388,240.31,9.01,7.4,1.3,12.3
05/09/2026,23:15:00,2.022,0.328,241.69,8.22,7.1,5.7,16.5
05/09/2026,23:16:00,2.274,0.335,241.53,9.62,9.2,5.5,9.5
05/09/2026,23:17:00,2.112,0.367,240.31,9.0,6.8,3.5,14.3
05/09/2026,23:18:00,2.098,0.338,242.28,8.7,7.8,4.2,15.0
05/09/2026,23:19:00,2.128,0.4,241.69,8.77,10.9,6.4,11.8
05/09/2026,23:20:00,2.175,0.368,240.34,8.89,10.1,2.6,14.4
05/09/2026,23:21:00,2.141,0.361,240.73,9.06,6.7,4.1,14.2
05/09/2026,23:22:00,2.183,0.353,240.91,9.18,12.4,5.1,12.6
05/09/2026,23:23:00,2.025,0.383,240.9,8.28,9.1,4.6,15.5
05/09/2026,23:24:00,2.066,0.357,241.5,8.45,8.9,4.4,11.9
05/09/2026,23:25:00,2.11,0.343,240.61,8.84,11.9,6.7,15.4
05/09/2026,23:26:00,2.264,0.352,242.08,9.18,10.6,2.9,13.3
05/09/2026,23:27:00,2.096,0.35,242.01,8.57,9.6,2.9,12.3
05/09/2026,23:28:00,2.186,0.338,241.71,8.89,8.6,1.0,12.4
05/09/2026,23:29:00,2.096,0.377,241.3,8.53,10.7,2.9,9.8
05/09/2026,23:30:00,2.047,0.3,241.92,8.35,8.6,3.4,12.0
05/09/2026,23:31:00,2.06,0.344,241.07,8.68,9.0,4.7,10.3
05/09/2026,23:32:00,2.06,0.362,240.75,8.29,7.0,5.5,13.3
05/09/2026,23:33:00,2.115,0.362,242.09,8.8,11.6,3.0,14.7
05/09/2026,23:34:00,2.17,0.343,241.47,9.03,12.4,4.1,13.6
05/09/2026,23:35:00,2.083,0.366,240.77,8.8,9.6,6.1,11.0
05/09/2026,23:36:00,2.143,0.335,240.95,8.93,8.2,4.1,12.0
05/09/2026,23:37:00,1.965,0.335,240.72,8.11,11.0,5.0,13.1
05/09/2026,23:38:00,2.003,0.357,242.65,8.13,10.2,5.8,13.2
05/09/2026,23:39:00,1.972,0.348,241.23,8.32,8.1,3.1,16.0
05/09/2026,23:40:00,2.049,0.329,241.33,8.56,11.2,2.8,13.7
05/09/2026,23:41:00,1.989,0.369,241.72,8.15,8.0,6.4,12.6
05/09/2026,23:42:00,2.07,0.351,240.36,8.75,6.2,5.1,12.5
05/09/2026,23:43:00,1.932,0.35,241.97,7.92,8.6,2.6,11.5
05/09/2026,23:44:00,2.004,0.379,240.78,8.32,10.8,2.9,12.2
05/09/2026,23:45:00,2.049,0.374,242.48,8.36,8.8,4.0,13.7
05/09/2026,23:46:00,1.824,0.347,240.97,7.65,6.2,6.1,10.6
05/09/2026,23:47:00,2.153,0.363,241.91,8.75,7.7,5.6,13.0
05/09/2026,23:48:00,1.955,0.354,239.43,8.12,10.9,5.7,11.8
05/09/2026,23:49:00,1.81,0.323,240.35,7.43,9.0,3.7,15.8
05/09/2026,23:50:00,1.979,0.307,240.97,8.25,8.3,4.3,12.6
05/09/2026,23:51:00,1.964,0.343,239.74,8.25,8.0,3.3,12.6
05/09/2026,23:52:00,1.949,0.34,241.58,7.9,10.4,3.8,10.0
05/09/2026,23:53:00,2.029,0.358,241.37,8.47,10.2,2.8,15.1
05/09/2026,23:54:00,2.005,0.337,240.46,8.12,5.3,3.2,12.9
05/09/2026,23:55:00,1.963,0.317,241.13,8.47,10.0,3.4,14.8
05/09/2026,23:56:00,1.97,0.353,241.7,8.07,9.1,4.1,11.3
05/09/2026,23:57:00,1.921,0.298,239.66,8.17,11.2,4.8,11.7
05/09/2026,23:58:00,2.066,0.384,240.24,8.63,7.8,6.5,8.6
05/09/2026,23:59:00,1.801,0.31,240.89,7.51,10.2,3.8,15.7
06/09/2026,00:00:00,1.561,0.293,241.13,6.3,5.3,5.1,9.8
06/09/2026,00:01:00,1.555,0.301,241.07,6.58,2.1,4.1,13.1
06/09/2026,00:02:00,1.615,0.309,241.73,6.69,6.4,5.6,8.2
06/09/2026,00:03:00,1.483,0.243,241.43,6.21,5.9,2.7,10.0
06/09/2026,00:04:00,1.411,0.29,241.58,5.83,3.0,3.6,11.2
06/09/2026,00:05:00,1.563,0.295,240.12,6.53,4.9,5.2,9.7
06/09/2026,00:06:00,1.573,0.273,241.19,6.39,8.5,5.1,8.3
06/09/2026,00:07:00,1.669,0.282,240.86,6.91,3.4,5.1,8.0
06/09/2026,00:08:00,1.448,0.265,242.1,5.92,5.8,6.1,8.2
06/09/2026,00:09:00,1.642,0.265,241.19,6.7,2.1,2.0,14.9
06/09/2026,00:10:00,1.739,0.352,240.59,7.25,3.2,2.7,7.6
06/09/2026,00:11:00,1.52,0.32,241.65,6.34,5.9,5.0,4.6
06/09/2026,00:12:00,1.447,0.285,241.44,6.03,4.8,5.4,9.1
06/09/2026,00:13:00,1.517,0.277,240.47,6.3,3.9,5.2,9.1
06/09/2026,00:14:00,1.551,0.281,240.79,6.5,7.7,7.8,8.3
06/09/2026,00:15:00,1.595,0.31,240.8,6.66,2.5,3.1,7.6
06/09/2026,00:16:00,1.503,0.324,241.88,6.23,4.0,4.8,8.4
06/09/2026,00:17:00,1.674,0.287,241.16,6.97,5.3,4.2,6.1
06/09/2026,00:18:00,1.461,0.247,241.52,6.23,2.6,5.1,12.9
06/09/2026,00:19:00,1.411,0.308,240.66,5.68,5.3,4.8,9.5
06/09/2026,00:20:00,1.639,0.252,241.23,6.74,6.5,3.6,9.3
06/09/2026,00:21:00,1.368,0.239,241.91,5.71,4.1,4.8,11.3
06/09/2026,00:22:00,1.534,0.278,240.73,6.13,3.0,4.4,15.0
06/09/2026,00:23:00,1.799,0.277,241.06,7.67,3.7,4.5,8.1
06/09/2026,00:24:00,1.549,0.314,240.02,6.49,0.0,5.8,9.7
06/09/2026,00:25:00,1.46,0.297,240.43,6.22,6.3,7.5,10.8
06/09/2026,00:26:00,1.545,0.271,240.73,6.59,4.8,1.8,10.5
06/09/2026,00:27:00,1.546,0.318,240.21,6.5,4.0,6.0,11.0
06/09/2026,00:28:00,1.563,0.324,241.87,6.13,1.0,5.1,11.0
06/09/2026,00:29:00,1.603,0.29,240.36,6.69,6.5,3.3,8.1
06/09/2026,00:30:00,1.467,0.265,241.49,6.11,3.4,3.8,11.6
06/09/2026,00:31:00,1.685,0.359,241.06,6.83,5.5,5.4,8.8
06/09/2026,00:32:00,1.57,0.306,240.94,6.25,4.3,4.4,9.6
06/09/2026,00:33:00,1.608,0.299,241.96,6.72,1.1,4.2,10.4
06/09/2026,00:34:00,1.5,0.314,239.33,6.08,6.9,3.4,7.4
06/09/2026,00:35:00,1.653,0.306,240.77,7.17,6.5,3.3,10.0
06/09/2026,00:36:00,1.53,0.271,240.14,6.41,5.8,3.0,10.4
06/09/2026,00:37:00,1.572,0.291,239.52,6.77,5.0,3.6,4.8
06/09/2026,00:38:00,1.475,0.303,240.05,6.15,1.9,4.1,12.1
06/09/2026,00:39:00,1.47,0.227,240.89,6.22,6.1,4.8,7.2
06/09/2026,00:40:00,1.605,0.285,240.36,6.69,8.7,3.2,9.6
06/09/2026,00:41:00,1.515,0.316,241.49,6.42,4.6,5.3,12.4
06/09/2026,00:42:00,1.482,0.265,240.71,5.85,4.6,3.1,10.4
06/09/2026,00:43:00,1.499,0.318,240.62,6.36,2.1,5.3,11.3
06/09/2026,00:44:00,1.606,0.328,240.62,6.77,0.2,3.2,11.4
06/09/2026,00:45:00,1.5,0.278,240.77,6.21,3.6,6.9,7.9
06/09/2026,00:46:00,1.541,0.271,240.54,6.34,7.3,5.1,6.7
06/09/2026,00:47:00,1.551,0.279,240.23,6.41,7.0,5.4,9.9
06/09/2026,00:48:00,1.397,0.334,241.51,5.83,4.2,4.1,10.6
06/09/2026,00:49:00,1.432,0.319,240.37,6.14,5.2,5.1,11.4
06/09/2026,00:50:00,1.577,0.292,240.53,6.48,1.9,2.7,10.7
06/09/2026,00:51:00,1.491,0.264,241.09,5.93,4.5,3.0,7.9
06/09/2026,00:52:00,1.635,0.299,241.01,7.16,3.3,3.9,10.9
06/09/2026,00:53:00,1.627,0.301,240.15,6.88,4.4,6.3,4.4
06/09/2026,00:54:00,1.608,0.262,241.3,6.6,3.8,5.6,11.8
06/09/2026,00:55:00,1.696,0.305,241.14,7.21,3.7,1.4,7.0
06/09/2026,00:56:00,1.544,0.318,240.88,6.55,6.3,3.0,7.0
06/09/2026,00:57:00,1.602,0.247,240.45,6.74,8.3,4.2,14.5
06/09/2026,00:58:00,1.503,0.301,240.46,6.18,4.0,5.9,9.1
06/09/2026,00:59:00,1.746,0.344,240.59,7.36,7.2,4.6,8.4
06/09/2026,01:00:00,1.709,0.291,239.87,7.29,1.8,1.0,6.5
06/09/2026,01:01:00,1.551,0.328,240.69,6.19,4.1,2.8,10.0
06/09/2026,01:02:00,1.581,0.272,241.34,6.59,1.7,5.2,10.7
06/09/2026,01:03:00,1.659,0.31,241.32,6.92,3.7,4.6,8.2
06/09/2026,01:04:00,1.538,0.277,240.43,6.44,5.8,4.5,4.3
06/09/2026,01:05:00,1.498,0.272,241.44,6.21,6.6,5.7,12.6
06/09/2026,01:06:00,1.62,0.279,242.02,6.87,2.8,3.8,8.4
06/09/2026,01:07:00,1.557,0.304,240.46,6.44,5.2,5.2,8.3
06/09/2026,01:08:00,1.565,0.309,241.15,6.49,6.8,6.4,8.9
06/09/2026,01:09:00,1.484,0.276,239.08,6.25,6.5,4.6,7.2
06/09/2026,01:10:00,1.413,0.236,239.77,5.87,4.8,3.1,11.8
06/09/2026,01:11:00,1.569,0.298,240.71,6.31,3.1,3.7,10.6
06/09/2026,01:12:00,1.623,0.305,239.94,6.8,2.9,3.1,10.1
06/09/2026,01:13:00,1.532,0.278,242.06,6.36,2.6,1.4,14.1
06/09/2026,01:14:00,1.665,0.347,241.04,6.85,4.3,3.3,7.5
06/09/2026,01:15:00,1.494,0.24,241.29,6.17,2.7,5.1,11.8
06/09/2026,01:16:00,1.466,0.22,240.59,5.62,5.7,4.3,4.1
06/09/2026,01:17:00,1.545,0.267,239.9,6.62,4.8,6.1,10.4
06/09/2026,01:18:00,1.544,0.303,240.23,6.56,4.7,4.5,14.0
06/09/2026,01:19:00,1.612,0.267,240.76,6.49,0.6,5.4,6.7
06/09/2026,01:20:00,1.488,0.254,240.13,6.1,4.4,2.0,12.6
06/09/2026,01:21:00,1.66,0.323,241.04,7.1,3.4,3.7,6.0
06/09/2026,01:22:00,1.708,0.316,241.06,6.91,8.7,4.0,13.6
06/09/2026,01:23:00,1.547,0.295,240.56,6.5,1.8,3.2,8.0
06/09/2026,01:24:00,1.65,0.318,239.27,6.82,3.9,6.3,7.4
06/09/2026,01:25:00,1.466,0.265,241.74,6.13,5.1,1.8,7.8
06/09/2026,01:26:00,1.637,0.287,240.38,6.82,2.4,4.2,9.1
06/09/2026,01:27:00,1.634,0.316,242.42,6.7,8.2,5.8,8.7
06/09/2026,01:28:00,1.62,0.261,240.97,6.78,8.2,5.3,8.9
06/09/2026,01:29:00,1.549,0.232,240.36,6.37,2.6,3.8,9.7
06/09/2026,01:30:00,1.314,0.247,240.81,5.19,3.1,3.1,9.5
06/09/2026,01:31:00,1.499,0.303,239.08,6.13,8.6,5.7,9.0
06/09/2026,01:32:00,1.501,0.286,241.2,6.06,7.1,3.6,8.0
06/09/2026,01:33:00,1.472,0.298,242.27,5.84,3.6,3.2,9.9
06/09/2026,01:34:00,1.56,0.237,239.01,6.58,5.2,5.6,9.8
06/09/2026,01:35:00,1.517,0.29,240.26,6.29,1.6,4.7,9.7
06/09/2026,01:36:00,1.485,0.295,240.38,6.23,8.7,3.8,9.0
06/09/2026,01:37:00,1.466,0.242,241.06,6.16,4.5,4.7,7.5
06/09/2026,01:38:00,1.494,0.301,241.91,6.29,5.5,4.9,9.2
06/09/2026,01:39:00,1.641,0.294,240.7,6.88,2.5,4.2,8.4
06/09/2026,01:40:00,1.498,0.357,241.92,6.04,2.1,4.5,4.5
06/09/2026,01:41:00,1.51,0.227,240.53,6.36,5.2,1.5,11.2
06/09/2026,01:42:00,1.514,0.316,240.72,6.32,8.2,4.2,9.6
06/09/2026,01:43:00,1.578,0.28,240.63,6.89,3.3,3.5,9.0
06/09/2026,01:44:00,1.587,0.25,241.24,6.58,2.4,3.3,10.2
06/09/2026,01:45:00,1.307,0.244,240.09,5.5,4.9,3.4,7.3
06/09/2026,01:46:00,1.633,0.303,240.95,6.76,7.6,3.7,12.0
06/09/2026,01:47:00,1.666,0.326,239.5,6.96,3.1,3.9,11.7
06/09/2026,01:48:00,1.467,0.319,240.16,6.11,3.8,4.5,6.4
06/09/2026,01:49:00,1.473,0.312,239.9,6.08,6.0,3.3,7.6
06/09/2026,01:50:00,1.515,0.258,240.4,6.33,6.2,5.0,10.5
06/09/2026,01:51:00,1.491,0.307,240.11,6.3,3.8,5.3,9.5
06/09/2026,01:52:00,1.569,0.298,241.12,6.45,6.5,5.2,9.0
06/09/2026,01:53:00,1.396,0.251,239.7,5.95,5.4,5.5,10.0
06/09/2026,01:54:00,1.462,0.27,239.1,6.22,4.4,3.6,4.9
06/09/2026,01:55:00,1.675,0.283,239.35,6.86,6.1,3.9,7.0
06/09/2026,01:56:00,1.477,0.278,240.99,5.99,5.9,4.6,7.7
06/09/2026,01:57:00,1.651,0.28,239.61,6.96,2.3,3.7,10.7
06/09/2026,01:58:00,1.58,0.264,240.55,6.48,7.3,2.8,4.3
06/09/2026,01:59:00,1.407,0.281,240.06,5.7,5.0,3.6,9.4
06/09/2026,02:00:00,1.603,0.308,240.84,6.91,7.1,6.4,8.2
06/09/2026,02:01:00,1.542,0.28,240.09,6.28,4.5,3.3,10.4
06/09/2026,02:02:00,1.515,0.316,242.18,6.03,4.8,3.3,10.8
06/09/2026,02:03:00,1.571,0.282,241.56,6.39,5.1,3.6,12.7
06/09/2026,02:04:00,1.59,0.283,240.01,6.66,5.4,5.0,6.4
06/09/2026,02:05:00,1.609,0.31,239.9,6.72,7.4,4.8,7.2
06/09/2026,02:06:00,1.646,0.294,242.4,7.07,5.3,5.2,9.1
06/09/2026,02:07:00,1.585,0.292,239.45,6.5,4.3,7.6,12.1
06/09/2026,02:08:00,1.442,0.21,240.16,6.04,6.4,5.4,10.0
06/09/2026,02:09:00,1.514,0.282,240.2,6.47,5.2,5.5,9.2
06/09/2026,02:10:00,1.788,0.269,240.18,7.34,10.3,8.0,11.7
06/09/2026,02:11:00,1.61,0.263,238.95,6.85,4.9,4.9,8.1
06/09/2026,02:12:00,1.742,0.276,240.51,6.97,6.8,3.8,11.6
06/09/2026,02:13:00,1.664,0.274,239.47,7.21,6.1,3.9,12.8
06/09/2026,02:14:00,1.572,0.275,241.15,6.67,0.3,5.7,8.7
06/09/2026,02:15:00,1.577,0.277,239.12,6.49,2.9,2.7,5.6
06/09/2026,02:16:00,1.55,0.303,240.17,6.58,3.5,1.8,9.3
06/09/2026,02:17:00,1.414,0.275,238.57,6.12,1.4,3.2,12.6
06/09/2026,02:18:00,1.555,0.239,238.6,6.32,3.6,5.4,10.1
06/09/2026,02:19:00,1.65,0.3,239.52,6.8,1.6,5.1,6.0
06/09/2026,02:20:00,1.505,0.289,239.61,6.48,2.2,4.1,11.8
06/09/2026,02:21:00,1.586,0.282,241.11,6.59,4.9,5.7,10.7
06/09/2026,02:22:00,1.622,0.293,240.05,6.82,8.2,5.1,11.2
06/09/2026,02:23:00,1.481,0.282,240.97,6.16,1.7,4.7,11.5
06/09/2026,02:24:00,1.518,0.301,239.8,6.46,1.9,4.3,7.8
06/09/2026,02:25:00,1.472,0.237,240.48,6.2,3.3,5.5,11.3
06/09/2026,02:26:00,1.488,0.272,239.54,6.23,4.1,5.3,7.6
06/09/2026,02:27:00,1.451,0.312,239.48,5.74,1.3,3.9,6.4
06/09/2026,02:28:00,1.482,0.313,238.75,6.3,3.0,5.4,7.2
06/09/2026,02:29:00,1.668,0.321,240.25,7.05,2.8,3.5,10.5
06/09/2026,02:30:00,1.481,0.291,240.19,5.98,5.0,4.6,8.1
06/09/2026,02:31:00,1.565,0.329,240.55,6.33,5.2,4.8,12.2
06/09/2026,02:32:00,1.515,0.33,240.14,6.38,4.1,3.9,11.5
06/09/2026,02:33:00,1.649,0.295,241.4,6.86,3.6,4.5,10.5
06/09/2026,02:34:00,1.66,0.275,240.1,6.62,3.0,5.1,12.0
06/09/2026,02:35:00,1.624,0.288,240.66,6.63,4.5,2.9,6.4
06/09/2026,02:36:00,1.58,0.367,239.73,6.64,2.5,4.5,11.1
06/09/2026,02:37:00,1.537,0.245,239.32,6.52,7.5,7.2,10.3
06/09/2026,02:38:00,1.461,0.263,240.45,5.99,1.4,3.2,6.2
06/09/2026,02:39:00,1.712,0.27,239.87,7.11,3.1,5.6,7.4
06/09/2026,02:40:00,1.495,0.283,240.51,6.09,6.2,4.2,8.7
06/09/2026,02:41:00,1.61,0.263,240.17,6.9,3.6,5.8,8.6
06/09/2026,02:42:00,1.641,0.294,239.36,6.88,5.8,3.4,8.9
06/09/2026,02:43:00,1.512,0.233,240.65,6.18,7.9,4.3,7.6
06/09/2026,02:44:00,1.64,0.312,239.28,6.68,6.1,7.2,12.3
06/09/2026,02:45:00,1.618,0.325,240.32,6.54,2.0,4.1,6.3
06/09/2026,02:46:00,1.696,0.294,240.77,7.31,2.1,5.1,6.3
06/09/2026,02:47:00,1.52,0.279,239.6,6.32,4.1,5.1,6.9
06/09/2026,02:48:00,1.455,0.271,240.67,5.99,5.3,1.7,7.6
06/09/2026,02:49:00,1.518,0.287,240.13,6.29,6.9,4.9,7.4
06/09/2026,02:50:00,1.575,0.288,240.44,6.46,2.9,2.7,12.7
06/09/2026,02:51:00,1.563,0.307,239.25,6.52,3.5,5.1,7.6
06/09/2026,02:52:00,1.527,0.314,239.98,6.37,4.0,4.5,8.7
06/09/2026,02:53:00,1.406,0.248,238.83,5.89,3.9,2.9,6.2
06/09/2026,02:54:00,1.597,0.284,241.01,6.44,7.5,2.8,8.0
06/09/2026,02:55:00,1.718,0.329,238.39,7.34,4.3,4.2,10.3
06/09/2026,02:56:00,1.597,0.256,239.55,6.58,4.8,7.5,10.5
06/09/2026,02:57:00,1.609,0.244,239.13,6.63,6.3,6.4,11.2
06/09/2026,02:58:00,1.606,0.298,240.25,6.58,7.7,4.8,6.8
06/09/2026,02:59:00,1.593,0.304,241.12,6.45,4.4,5.0,7.5
06/09/2026,03:00:00,1.636,0.278,240.22,6.85,7.0,5.1,10.8
06/09/2026,03:01:00,1.593,0.277,241.83,6.72,8.2,3.6,8.9
06/09/2026,03:02:00,1.537,0.265,238.78,6.33,4.3,3.4,8.9
06/09/2026,03:03:00,1.499,0.258,238.83,6.0,3.4,5.4,10.3
06/09/2026,03:04:00,1.543,0.302,239.1,6.3,8.9,3.5,11.2
06/09/2026,03:05:00,1.588,0.261,239.81,6.56,6.8,6.2,7.5
06/09/2026,03:06:00,1.538,0.278,238.99,6.25,4.6,2.5,8.8
06/09/2026,03:07:00,1.589,0.268,239.18,6.55,5.8,3.1,8.7
06/09/2026,03:08:00,1.599,0.256,240.13,6.58,2.5,6.1,6.9
06/09/2026,03:09:00,1.631,0.318,238.82,6.83,6.8,3.9,9.7
06/09/2026,03:10:00,1.668,0.287,238.89,6.76,1.0,4.1,7.8
06/09/2026,03:11:00,1.572,0.293,239.39,6.65,6.7,5.1,9.0
06/09/2026,03:12:00,1.461,0.238,239.45,6.35,3.1,5.8,10.4
06/09/2026,03:13:00,1.539,0.266,240.36,6.62,1.3,5.1,9.6
06/09/2026,03:14:00,1.57,0.307,239.02,6.48,0.6,4.7,7.0
06/09/2026,03:15:00,1.42,0.335,239.14,6.04,3.6,5.3,9.4
06/09/2026,03:16:00,1.679,0.252,240.04,7.08,6.0,4.8,9.3
06/09/2026,03:17:00,1.58,0.285,240.18,6.57,1.8,5.7,7.8
06/09/2026,03:18:00,1.599,0.302,240.62,6.67,2.1,8.0,7.1
06/09/2026,03:19:00,1.678,0.286,239.94,7.1,3.6,5.0,9.3
06/09/2026,03:20:00,1.519,0.304,239.69,6.47,6.2,3.2,5.9
06/09/2026,03:21:00,1.616,0.272,239.99,6.61,6.5,5.7,6.7
06/09/2026,03:22:00,1.562,0.291,239.4,6.64,4.9,4.1,6.2
06/09/2026,03:23:00,1.557,0.274,239.38,6.75,6.6,4.7,6.3
06/09/2026,03:24:00,1.51,0.312,238.33,6.47,6.0,4.8,7.9
06/09/2026,03:25:00,1.706,0.288,240.18,7.33,3.8,3.5,11.3
06/09/2026,03:26:00,1.543,0.276,239.7,6.05,6.5,3.8,10.4
06/09/2026,03:27:00,1.63,0.319,240.09,6.88,2.1,1.3,11.5
06/09/2026,03:28:00,1.424,0.245,237.56,6.04,5.7,4.2,7.7
06/09/2026,03:29:00,1.67,0.302,239.49,7.12,2.4,5.0,4.6
06/09/2026,03:30:00,1.66,0.254,238.92,6.78,5.0,4.3,7.7
06/09/2026,03:31:00,1.584,0.263,240.56,6.51,7.2,3.7,11.5
06/09/2026,03:32:00,1.559,0.297,239.93,6.63,5.2,4.8,8.1
06/09/2026,03:33:00,1.61,0.268,239.66,6.56,4.7,3.1,9.0
06/09/2026,03:34:00,1.762,0.298,239.19,7.4,5.2,2.9,8.5
06/09/2026,03:35:00,1.438,0.285,239.76,6.0,6.1,5.0,10.5
06/09/2026,03:36:00,1.643,0.283,238.82,6.85,9.1,5.1,10.8
06/09/2026,03:37:00,1.508,0.302,239.39,6.38,6.1,5.0,5.6
06/09/2026,03:38:00,1.58,0.295,239.05,6.44,3.8,3.9,3.7
06/09/2026,03:39:00,1.563,0.298,241.04,6.37,4.4,5.7,10.4
06/09/2026,03:40:00,1.549,0.317,240.47,6.42,3.0,2.8,8.5
06/09/2026,03:41:00,1.583,0.298,240.18,6.41,2.4,3.9,10.4
06/09/2026,03:42:00,1.494,0.318,238.38,6.45,0.0,5.3,8.4
06/09/2026,03:43:00,1.668,0.323,240.02,6.83,4.0,5.4,10.1
06/09/2026,03:44:00,1.443,0.26,239.54,6.14,2.1,3.3,8.7
06/09/2026,03:45:00,1.631,0.328,240.26,6.66,5.1,7.1,7.4
06/09/2026,03:46:00,1.562,0.294,239.62,6.63,3.9,4.1,8.1
06/09/2026,03:47:00,1.496,0.27,239.38,6.01,2.8,4.4,8.6
06/09/2026,03:48:00,1.607,0.3,239.54,6.92,0.8,5.6,10.3
06/09/2026,03:49:00,1.467,0.304,238.11,6.33,4.3,6.3,8.6
06/09/2026,03:50:00,1.596,0.303,238.83,6.6,1.5,4.4,6.6
06/09/2026,03:51:00,1.48,0.323,239.62,6.05,6.4,5.8,12.7
06/09/2026,03:52:00,1.632,0.323,240.15,6.86,5.5,3.7,9.7
06/09/2026,03:53:00,1.522,0.296,238.96,6.14,4.6,6.5,12.0
06/09/2026,03:54:00,1.561,0.262,239.31,6.53,8.0,4.4,6.6
06/09/2026,03:55:00,1.621,0.29,238.21,6.69,5.1,4.7,8.4
06/09/2026,03:56:00,1.537,0.286,240.34,6.36,5.9,3.9,9.4
06/09/2026,03:57:00,1.596,0.309,240.09,6.55,6.5,4.6,10.4
06/09/2026,03:58:00,1.48,0.294,239.76,6.05,4.1,3.4,4.8
06/09/2026,03:59:00,1.653,0.303,239.58,7.16,4.1,4.2,4.9
06/09/2026,04:00:00,1.745,0.312,240.38,7.38,5.3,4.3,7.5
06/09/2026,04:01:00,1.828,0.337,238.72,7.44,2.5,2.9,10.2
06/09/2026,04:02:00,1.614,0.272,238.64,6.63,8.8,3.6,7.5
06/09/2026,04:03:00,1.671,0.343,240.01,7.09,5.6,1.6,8.7
06/09/2026,04:04:00,1.467,0.225,239.96,6.26,4.9,2.7,9.1
06/09/2026,04:05:00,1.731,0.344,238.42,7.05,9.4,4.3,7.2
06/09/2026,04:06:00,1.674,0.3,238.87,7.11,3.1,5.6,12.2
06/09/2026,04:07:00,1.574,0.314,240.42,6.59,8.4,3.8,7.3
06/09/2026,04:08:00,1.714,0.315,239.52,6.86,7.0,4.3,4.5
06/09/2026,04:09:00,1.596,0.3,239.78,6.59,7.6,5.8,6.8
06/09/2026,04:10:00,1.581,0.304,238.41,6.61,5.0,5.4,7.2
06/09/2026,04:11:00,1.657,0.319,239.67,6.92,5.5,5.4,9.4
06/09/2026,04:12:00,1.536,0.276,238.21,6.25,4.8,4.5,9.5
06/09/2026,04:13:00,1.704,0.33,237.81,7.05,7.5,3.7,10.3
06/09/2026,04:14:00,1.539,0.258,239.7,6.33,6.3,4.8,13.1
06/09/2026,04:15:00,1.541,0.285,240.19,6.34,4.4,6.0,9.1
06/09/2026,04:16:00,1.554,0.307,239.0,6.43,4.5,6.7,10.9
06/09/2026,04:17:00,1.689,0.328,238.79,7.06,5.5,7.4,8.0
06/09/2026,04:18:00,1.581,0.301,240.36,6.62,4.9,6.3,9.6
06/09/2026,04:19:00,1.524,0.273,239.02,6.64,8.5,4.4,8.2
06/09/2026,04:20:00,1.585,0.313,239.1,6.76,7.3,2.7,8.7
06/09/2026,04:21:00,1.633,0.279,240.33,6.99,7.3,5.1,9.4
06/09/2026,04:22:00,1.543,0.329,238.89,6.39,6.2,5.7,11.2
06/09/2026,04:23:00,1.547,0.284,238.67,6.33,4.1,1.0,8.9
06/09/2026,04:24:00,1.81,0.279,239.69,7.67,7.2,2.4,8.9
06/09/2026,04:25:00,1.574,0.259,238.62,6.6,1.6,3.7,9.7
06/09/2026,04:26:00,1.619,0.295,239.01,6.88,6.2,3.3,10.9
06/09/2026,04:27:00,1.618,0.298,238.18,6.66,4.2,2.2,5.9
06/09/2026,04:28:00,1.615,0.343,239.22,6.85,4.1,4.8,9.5
06/09/2026,04:29:00,1.701,0.278,239.14,7.09,5.0,5.9,6.1
06/09/2026,04:30:00,1.729,0.308,239.76,7.14,5.8,4.1,11.9
06/09/2026,04:31:00,1.631,0.269,239.67,6.75,5.9,2.2,9.7
06/09/2026,04:32:00,1.559,0.275,239.45,6.58,7.6,4.6,11.7
06/09/2026,04:33:00,1.762,0.354,239.34,7.48,5.7,2.9,5.3
06/09/2026,04:34:00,1.654,0.27,239.0,6.87,5.9,3.0,8.6
06/09/2026,04:35:00,1.803,0.331,239.48,7.58,3.3,5.6,10.9
06/09/2026,04:36:00,1.487,0.288,238.26,6.29,3.6,5.9,12.1
06/09/2026,04:37:00,1.684,0.302,237.39,7.21,6.8,3.9,9.8
06/09/2026,04:38:00,1.825,0.332,239.84,7.76,7.5,5.3,8.1
06/09/2026,04:39:00,1.645,0.268,239.49,7.14,5.8,2.9,8.4
06/09/2026,04:40:00,1.658,0.34,238.93,6.87,8.2,5.0,6.7
06/09/2026,04:41:00,1.702,0.352,239.76,7.32,3.5,3.8,12.2
06/09/2026,04:42:00,1.636,0.298,238.49,6.88,7.2,2.6,10.4
06/09/2026,04:43:00,1.658,0.36,238.5,6.79,4.7,3.1,8.6
06/09/2026,04:44:00,1.659,0.289,238.4,6.86,4.6,4.9,10.2
06/09/2026,04:45:00,1.638,0.307,239.38,6.91,5.0,2.4,8.8
06/09/2026,04:46:00,1.789,0.351,237.87,7.63,6.4,4.0,8.3
06/09/2026,04:47:00,1.731,0.296,238.44,7.11,7.5,5.7,7.3
06/09/2026,04:48:00,1.717,0.271,239.17,7.06,7.4,3.7,7.4
06/09/2026,04:49:00,1.764,0.271,238.12,7.33,6.1,2.3,9.8
06/09/2026,04:50:00,1.681,0.353,238.49,6.92,8.0,4.0,11.3
06/09/2026,04:51:00,1.643,0.284,237.4,6.64,10.1,5.2,8.3
06/09/2026,04:52:00,1.66,0.295,239.37,6.6,6.6,2.6,7.3
06/09/2026,04:53:00,1.711,0.277,238.46,7.12,7.0,5.9,11.1
06/09/2026,04:54:00,1.629,0.319,238.16,6.88,5.7,5.3,9.2
06/09/2026,04:55:00,1.677,0.282,238.02,7.14,6.2,4.8,4.1
06/09/2026,04:56:00,1.678,0.289,238.63,6.83,9.5,5.1,7.4
06/09/2026,04:57:00,1.893,0.335,237.81,7.76,9.6,4.5,10.0
06/09/2026,04:58:00,1.504,0.254,240.27,6.18,6.7,4.8,7.3
06/09/2026,04:59:00,1.714,0.301,237.23,7.23,8.1,4.4,9.1
06/09/2026,05:00:00,1.87,0.359,238.58,7.99,9.0,5.5,6.3
06/09/2026,05:01:00,1.745,0.32,238.97,7.41,6.3,6.0,8.1
06/09/2026,05:02:00,1.799,0.319,238.34,7.49,4.7,3.3,6.6
06/09/2026,05:03:00,1.75,0.315,239.03,7.37,8.7,3.4,6.3
06/09/2026,05:04:00,1.692,0.293,238.32,6.97,9.2,3.8,7.3
06/09/2026,05:05:00,1.569,0.338,239.94,6.55,8.9,3.5,10.9
06/09/2026,05:06:00,1.768,0.292,238.08,7.42,6.7,5.8,9.9
06/09/2026,05:07:00,1.693,0.308,237.21,7.35,10.6,2.4,13.5
06/09/2026,05:08:00,1.695,0.306,237.94,7.2,8.2,5.0,7.7
06/09/2026,05:09:00,1.722,0.332,239.12,7.09,5.4,6.1,11.2
06/09/2026,05:10:00,1.905,0.356,238.76,7.87,4.5,3.6,13.1
06/09/2026,05:11:00,1.962,0.335,239.36,8.14,7.2,6.3,11.5
06/09/2026,05:12:00,1.79,0.322,239.18,7.25,8.3,5.8,11.5
06/09/2026,05:13:00,1.739,0.317,238.38,7.26,7.3,3.9,9.3
06/09/2026,05:14:00,1.686,0.246,238.48,7.05,11.9,5.4,9.5
06/09/2026,05:15:00,1.821,0.279,238.55,7.71,8.8,3.3,7.0
06/09/2026,05:16:00,1.93,0.317,240.13,8.13,6.1,2.9,3.1
06/09/2026,05:17:00,1.772,0.299,239.29,7.42,3.6,3.7,9.4
06/09/2026,05:18:00,1.605,0.263,240.13,6.44,8.6,6.1,6.9
06/09/2026,05:19:00,1.853,0.341,239.38,7.56,10.2,3.8,8.1
06/09/2026,05:20:00,1.882,0.326,238.75,7.79,12.0,4.4,7.2
06/09/2026,05:21:00,1.68,0.296,238.07,7.16,8.0,3.0,9.7
06/09/2026,05:22:00,1.825,0.288,238.92,7.73,11.9,5.5,8.6
06/09/2026,05:23:00,1.851,0.321,238.73,7.72,5.8,5.4,11.8
06/09/2026,05:24:00,1.813,0.252,238.71,7.95,7.9,3.4,7.4
06/09/2026,05:25:00,1.76,0.307,238.62,7.61,6.6,1.3,9.4
06/09/2026,05:26:00,1.909,0.331,237.33,8.23,10.3,3.9,8.6
06/09/2026,05:27:00,1.799,0.322,239.64,7.61,6.1,4.9,8.4
06/09/2026,05:28:00,1.717,0.267,238.72,7.26,9.6,4.3,8.8
06/09/2026,05:29:00,1.676,0.307,237.76,7.11,6.4,4.5,12.3
06/09/2026,05:30:00,1.945,0.307,239.08,7.87,12.4,4.8,10.9
06/09/2026,05:31:00,1.898,0.307,238.14,7.81,8.3,3.7,8.0
06/09/2026,05:32:00,1.86,0.341,239.13,7.75,9.8,2.7,7.7
06/09/2026,05:33:00,1.822,0.369,239.35,7.63,5.6,5.3,7.3
06/09/2026,05:34:00,1.82,0.32,239.44,7.58,6.2,3.2,9.3
06/09/2026,05:35:00,1.78,0.293,238.61,7.5,7.7,2.8,5.7
06/09/2026,05:36:00,1.836,0.325,238.43,7.39,11.0,5.0,8.5
06/09/2026,05:37:00,1.706,0.328,238.28,7.23,10.7,2.9,9.8
06/09/2026,05:38:00,1.821,0.334,238.2,7.65,11.7,3.3,7.4
06/09/2026,05:39:00,1.86,0.392,238.69,7.76,6.5,6.4,9.1
06/09/2026,05:40:00,1.938,0.315,238.55,8.26,10.6,6.4,9.6
06/09/2026,05:41:00,1.891,0.333,238.12,7.78,8.6,5.9,5.1
06/09/2026,05:42:00,1.962,0.374,237.89,8.21,8.1,5.4,9.5
06/09/2026,05:43:00,2.011,0.379,238.61,8.47,8.8,5.9,8.0
06/09/2026,05:44:00,1.993,0.29,238.38,8.23,9.7,6.9,13.1
06/09/2026,05:45:00,1.95,0.334,237.88,7.9,11.3,5.8,9.4
06/09/2026,05:46:00,1.919,0.367,239.26,7.85,12.3,4.7,7.0
06/09/2026,05:47:00,1.844,0.394,239.91,7.68,11.2,5.5,5.0
06/09/2026,05:48:00,1.987,0.356,239.34,8.26,11.5,3.8,8.9
06/09/2026,05:49:00,2.067,0.339,238.16,8.67,13.9,4.6,11.9
06/09/2026,05:50:00,1.965,0.311,238.63,8.13,11.8,4.6,7.7
06/09/2026,05:51:00,2.096,0.407,239.74,8.54,10.0,4.2,9.7
06/09/2026,05:52:00,1.825,0.337,237.83,7.69,11.7,4.0,10.6
06/09/2026,05:53:00,1.86,0.302,239.2,7.75,14.0,6.1,10.5
06/09/2026,05:54:00,2.026,0.338,237.63,8.62,8.9,3.2,9.0
06/09/2026,05:55:00,1.983,0.346,239.82,8.16,9.9,4.6,7.6
06/09/2026,05:56:00,2.073,0.362,238.34,8.39,13.7,2.7,8.4
06/09/2026,05:57:00,1.971,0.314,240.2,7.82,10.3,1.8,6.6
06/09/2026,05:58:00,1.908,0.314,239.84,7.9,12.5,6.0,6.9
06/09/2026,05:59:00,1.966,0.295,238.55,8.26,13.6,6.1,11.2
06/09/2026,06:00:00,1.865,0.35,238.12,7.8,8.6,3.8,9.7
06/09/2026,06:01:00,1.903,0.32,238.76,7.89,10.4,4.5,9.6
06/09/2026,06:02:00,2.076,0.361,238.49,8.47,13.7,4.1,7.4
06/09/2026,06:03:00,2.074,0.384,238.33,8.42,11.1,4.1,11.6
06/09/2026,06:04:00,2.038,0.35,237.45,8.64,7.4,3.8,8.5
06/09/2026,06:05:00,1.877,0.322,238.25,7.84,10.5,5.0,9.3
06/09/2026,06:06:00,1.991,0.344,237.83,8.32,13.2,3.9,11.6
06/09/2026,06:07:00,1.927,0.333,238.99,7.83,14.2,5.0,7.4
06/09/2026,06:08:00,2.124,0.386,239.29,8.73,11.9,6.6,7.6
06/09/2026,06:09:00,1.989,0.346,239.12,8.32,12.8,5.0,11.3
06/09/2026,06:10:00,1.954,0.321,238.83,8.22,11.2,4.6,10.8
06/09/2026,06:11:00,2.049,0.372,237.99,8.58,13.8,3.7,9.8
06/09/2026,06:12:00,2.0,0.371,238.73,8.59,14.9,4.4,4.2
06/09/2026,06:13:00,2.176,0.328,239.14,9.01,13.7,2.3,11.8
06/09/2026,06:14:00,2.004,0.379,238.17,8.61,12.0,6.5,7.7
06/09/2026,06:15:00,1.956,0.344,238.66,8.23,13.2,3.2,7.7
06/09/2026,06:16:00,1.901,0.335,238.48,7.99,14.3,2.0,8.6
06/09/2026,06:17:00,2.076,0.374,239.74,8.8,12.5,4.3,6.4
06/09/2026,06:18:00,2.039,0.331,239.17,8.43,14.2,4.9,11.7
06/09/2026,06:19:00,1.975,0.361,239.0,8.22,13.4,6.2,9.4
06/09/2026,06:20:00,2.19,0.353,237.37,9.04,15.6,4.8,10.5
06/09/2026,06:21:00,2.154,0.322,238.69,9.16,14.2,5.7,7.3
06/09/2026,06:22:00,2.104,0.328,238.45,8.87,11.9,5.7,11.2
06/09/2026,06:23:00,2.221,0.381,238.45,9.48,15.8,5.6,12.1
06/09/2026,06:24:00,2.17,0.337,237.46,9.17,14.0,3.0,6.2
06/09/2026,06:25:00,2.057,0.387,237.79,8.81,12.9,5.2,6.5
06/09/2026,06:26:00,2.045,0.375,238.51,8.46,10.5,2.7,7.2
06/09/2026,06:27:00,2.199,0.397,239.33,9.34,13.8,7.1,11.0
06/09/2026,06:28:00,2.171,0.364,238.14,9.06,17.0,5.4,9.4
06/09/2026,06:29:00,2.158,0.365,238.27,9.06,8.0,3.7,8.9
06/09/2026,06:30:00,2.082,0.32,239.79,8.79,8.2,5.0,9.8
06/09/2026,06:31:00,2.204,0.389,238.33,9.6,15.1,3.2,13.3
06/09/2026,06:32:00,2.101,0.362,238.45,8.93,14.2,2.5,5.2
06/09/2026,06:33:00,2.158,0.373,238.46,9.19,15.1,5.7,8.3
06/09/2026,06:34:00,2.288,0.417,237.6,9.55,12.8,3.3,2.2
06/09/2026,06:35:00,2.125,0.34,238.94,8.92,9.6,4.3,10.1
06/09/2026,06:36:00,2.057,0.344,238.08,8.63,12.3,4.8,11.4
06/09/2026,06:37:00,2.104,0.361,238.51,9.03,17.2,4.3,8.3
06/09/2026,06:38:00,2.273,0.349,238.84,9.5,13.3,3.2,10.4
06/09/2026,06:39:00,2.22,0.362,239.89,9.45,13.4,4.7,5.6
06/09/2026,06:40:00,2.194,0.376,237.6,9.04,9.1,4.8,10.1
06/09/2026,06:41:00,2.169,0.352,239.13,9.28,10.8,5.7,14.4
06/09/2026,06:42:00,2.254,0.403,239.13,9.3,16.7,7.8,8.2
06/09/2026,06:43:00,2.153,0.321,238.08,9.17,14.0,2.0,9.9
06/09/2026,06:44:00,2.251,0.398,238.94,9.29,16.6,3.6,7.7
06/09/2026,06:45:00,2.173,0.377,239.67,9.16,13.2,4.9,9.4
06/09/2026,06:46:00,2.165,0.346,237.98,8.95,11.8,5.9,11.4
06/09/2026,06:47:00,2.191,0.34,238.69,9.34,14.3,5.1,10.3
06/09/2026,06:48:00,2.217,0.314,238.8,9.41,13.8,6.1,8.8
06/09/2026,06:49:00,2.249,0.35,238.89,9.32,13.3,2.7,8.7
06/09/2026,06:50:00,2.277,0.399,239.05,9.61,13.5,4.2,6.4
06/09/2026,06:51:00,1.968,0.335,238.63,8.39,14.9,6.6,11.2
06/09/2026,06:52:00,2.204,0.394,238.87,9.09,14.2,3.6,10.6
06/09/2026,06:53:00,2.242,0.354,237.87,9.27,13.4,0.9,6.2
06/09/2026,06:54:00,2.399,0.406,238.62,9.89,19.0,3.6,9.4
06/09/2026,06:55:00,2.197,0.346,238.17,9.04,16.3,5.3,7.0
06/09/2026,06:56:00,2.302,0.352,237.65,9.52,15.8,4.6,8.0
06/09/2026,06:57:00,2.413,0.387,238.15,10.27,15.4,3.0,10.8
06/09/2026,06:58:00,2.194,0.347,238.69,9.27,17.0,3.8,11.2
06/09/2026,06:59:00,2.335,0.342,238.81,9.52,16.8,3.0,10.6
06/09/2026,07:00:00,2.245,0.365,237.62,9.37,13.7,3.2,8.4
06/09/2026,07:01:00,2.275,0.376,237.85,9.39,12.8,3.6,10.0
06/09/2026,07:02:00,2.257,0.403,239.01,9.57,11.3,4.9,7.4
06/09/2026,07:03:00,2.269,0.396,238.86,9.43,19.5,1.7,10.7
06/09/2026,07:04:00,2.552,0.437,239.12,10.44,15.1,6.5,9.1
06/09/2026,07:05:00,2.408,0.407,239.46,10.08,17.3,4.6,8.1
06/09/2026,07:06:00,2.435,0.401,238.88,10.28,16.5,3.4,7.6
06/09/2026,07:07:00,2.393,0.356,238.21,9.9,18.0,3.5,10.7
06/09/2026,07:08:00,2.231,0.371,238.58,9.31,16.1,4.0,8.9
06/09/2026,07:09:00,2.397,0.403,239.66,9.87,13.7,4.8,8.2
06/09/2026,07:10:00,2.457,0.431,240.44,10.41,14.3,5.0,8.2
06/09/2026,07:11:00,2.309,0.394,238.82,9.61,15.7,4.6,6.6
06/09/2026,07:12:00,2.461,0.426,238.87,10.19,13.3,3.9,9.7
06/09/2026,07:13:00,2.446,0.368,239.01,10.23,14.8,4.8,10.0
06/09/2026,07:14:00,2.544,0.397,238.52,10.63,14.2,2.2,6.1
06/09/2026,07:15:00,2.368,0.395,239.31,10.0,16.0,3.3,7.0
06/09/2026,07:16:00,2.32,0.407,239.21,9.88,15.7,4.0,5.8
06/09/2026,07:17:00,2.384,0.382,238.75,10.17,17.0,3.2,12.1
06/09/2026,07:18:00,2.534,0.402,238.28,10.58,18.5,4.6,10.9
06/09/2026,07:19:00,2.278,0.391,237.44,9.64,16.4,3.2,12.0
06/09/2026,07:20:00,2.265,0.344,239.01,9.7,13.9,7.2,13.1
06/09/2026,07:21:00,2.443,0.433,238.65,10.47,12.9,3.0,10.5
06/09/2026,07:22:00,2.406,0.367,237.99,9.98,17.3,6.9,9.5
06/09/2026,07:23:00,2.448,0.346,237.71,10.39,15.7,2.4,10.1
06/09/2026,07:24:00,2.528,0.404,238.97,10.64,16.8,7.6,8.2
06/09/2026,07:25:00,2.414,0.432,237.38,10.31,17.8,5.7,7.9
06/09/2026,07:26:00,2.313,0.392,238.71,9.88,20.1,6.0,8.8
06/09/2026,07:27:00,2.632,0.435,239.09,10.85,13.7,3.2,9.2
06/09/2026,07:28:00,2.394,0.388,238.89,9.92,15.2,4.6,6.1
06/09/2026,07:29:00,2.394,0.384,238.23,10.19,17.1,4.7,7.1
06/09/2026,07:30:00,2.572,0.37,237.63,10.85,15.1,4.9,7.0
06/09/2026,07:31:00,2.458,0.339,238.92,9.96,14.4,6.7,7.0
06/09/2026,07:32:00,2.489,0.404,239.35,10.15,20.0,6.0,11.3
06/09/2026,07:33:00,2.538,0.437,238.11,10.76,15.4,4.9,9.2
06/09/2026,07:34:00,2.591,,238.86,10.97,14.9,6.4,9.5
06/09/2026,07:35:00,2.482,0.413,239.62,10.16,15.2,6.6,10.8
06/09/2026,07:36:00,2.635,0.456,238.75,11.2,19.7,4.4,11.8
06/09/2026,07:37:00,2.348,0.39,238.23,9.82,16.2,4.4,11.0
06/09/2026,07:38:00,2.584,0.407,239.24,10.65,14.8,8.0,13.6
06/09/2026,07:39:00,2.461,0.375,238.0,10.25,16.0,4.9,10.2
06/09/2026,07:40:00,2.642,0.468,237.61,10.94,17.6,4.3,10.5
06/09/2026,07:41:00,2.548,0.419,239.09,10.57,19.5,5.0,8.8
06/09/2026,07:42:00,2.487,0.375,238.23,10.16,19.3,6.6,6.0
06/09/2026,07:43:00,2.598,0.383,238.3,10.89,16.2,6.2,10.3
06/09/2026,07:44:00,2.621,0.446,238.08,11.1,16.7,5.1,12.1
06/09/2026,07:45:00,2.605,0.387,238.19,10.74,22.0,6.0,8.6
06/09/2026,07:46:00,2.476,0.443,239.51,10.34,19.8,5.6,9.1
06/09/2026,07:47:00,2.524,0.334,239.69,10.41,17.3,5.1,12.4
06/09/2026,07:48:00,2.566,0.443,239.78,10.8,13.2,4.9,10.2
06/09/2026,07:49:00,2.567,0.42,239.29,10.38,16.9,5.5,8.3
06/09/2026,07:50:00,2.634,0.419,238.86,11.13,15.2,4.8,8.3
06/09/2026,07:51:00,2.417,0.386,237.53,9.9,16.1,5.4,11.8
06/09/2026,07:52:00,2.608,0.46,238.4,10.91,15.9,5.3,10.1
06/09/2026,07:53:00,2.562,0.425,240.04,10.57,17.4,3.5,10.1
06/09/2026,07:54:00,2.522,0.38,238.23,10.53,18.0,4.7,7.4
06/09/2026,07:55:00,2.533,0.361,239.6,10.34,16.4,5.1,11.5
06/09/2026,07:56:00,2.579,0.414,238.58,11.06,15.4,7.8,12.8
06/09/2026,07:57:00,2.312,0.377,236.67,9.57,17.6,5.2,9.8
06/09/2026,07:58:00,2.547,0.368,238.99,10.48,16.9,5.8,11.5
06/09/2026,07:59:00,2.536,0.403,239.43,10.86,14.1,8.3,9.7
06/09/2026,08:00:00,2.652,0.404,238.51,11.17,19.1,3.4,11.9
06/09/2026,08:01:00,2.548,0.406,239.41,10.46,16.5,3.5,11.7
06/09/2026,08:02:00,2.599,0.43,237.39,10.93,17.4,4.5,9.8
06/09/2026,08:03:00,2.742,0.466,237.59,11.51,17.5,5.1,6.0
06/09/2026,08:04:00,2.701,0.447,238.7,11.06,17.9,5.3,9.0
06/09/2026,08:05:00,2.697,0.406,238.89,11.18,18.2,4.9,11.5
06/09/2026,08:06:00,2.588,0.42,239.51,10.8,15.3,4.0,12.7
06/09/2026,08:07:00,2.674,0.422,239.01,11.38,18.5,6.9,9.5
06/09/2026,08:08:00,2.614,0.38,237.73,10.97,17.2,5.0,13.8
06/09/2026,08:09:00,2.62,0.424,238.72,10.96,20.0,7.2,14.2
06/09/2026,08:10:00,2.671,0.467,238.99,11.05,19.5,4.3,12.4
06/09/2026,08:11:00,2.593,0.412,237.26,11.09,20.5,8.2,8.4
06/09/2026,08:12:00,2.763,0.392,238.55,11.72,15.9,3.5,12.5
06/09/2026,08:13:00,2.633,0.417,238.34,11.16,20.4,5.7,9.8
06/09/2026,08:14:00,2.697,0.393,238.12,11.34,18.0,4.5,9.7
06/09/2026,08:15:00,2.767,0.454,238.93,11.34,19.2,5.8,12.0
06/09/2026,08:16:00,2.735,0.441,237.78,11.66,19.1,4.5,12.0
06/09/2026,08:17:00,2.542,0.401,238.88,10.65,18.7,3.0,12.1
06/09/2026,08:18:00,2.692,0.415,238.99,11.22,15.5,4.8,12.5
06/09/2026,08:19:00,2.727,0.422,239.36,11.46,19.6,7.9,11.0
06/09/2026,08:20:00,2.732,0.428,237.81,11.52,18.4,4.6,8.0
06/09/2026,08:21:00,2.573,0.389,237.55,10.67,14.7,6.6,15.8
06/09/2026,08:22:00,2.612,0.379,238.8,10.89,16.6,5.9,10.3
06/09/2026,08:23:00,2.746,0.458,238.41,11.23,15.2,5.3,9.7
06/09/2026,08:24:00,2.607,0.403,240.64,10.85,14.7,8.6,8.6
06/09/2026,08:25:00,2.645,0.422,238.94,11.27,19.2,5.6,11.6
06/09/2026,08:26:00,2.797,0.443,238.66,11.45,14.5,6.2,11.4
06/09/2026,08:27:00,2.669,0.428,238.5,11.21,14.8,6.1,11.1
06/09/2026,08:28:00,2.616,0.385,237.77,11.1,21.4,8.1,14.7
06/09/2026,08:29:00,2.605,0.371,239.02,11.02,16.5,4.1,12.8
06/09/2026,08:30:00,2.703,0.41,238.58,11.22,18.7,9.0,9.2
06/09/2026,08:31:00,2.571,0.418,238.58,10.61,19.6,8.1,16.0
06/09/2026,08:32:00,2.659,0.401,238.7,11.05,18.8,6.6,8.1
06/09/2026,08:33:00,2.707,0.416,238.8,11.51,17.5,7.0,11.2
06/09/2026,08:34:00,2.785,0.487,237.43,11.47,17.1,5.9,9.9
06/09/2026,08:35:00,2.736,0.382,239.23,11.25,18.2,6.4,12.4
06/09/2026,08:36:00,2.626,0.396,238.06,10.96,16.6,6.8,13.0
06/09/2026,08:37:00,2.778,0.481,238.56,11.5,18.4,5.1,10.7
06/09/2026,08:38:00,2.661,0.418,239.56,11.1,16.5,8.2,13.9
06/09/2026,08:39:00,2.587,0.393,239.91,11.0,16.7,6.6,12.1
06/09/2026,08:40:00,2.673,0.45,237.48,11.07,20.7,6.5,14.9
06/09/2026,08:41:00,2.802,0.438,238.69,11.72,15.9,5.2,13.7
06/09/2026,08:42:00,2.701,0.415,238.87,11.31,16.9,7.9,10.7
06/09/2026,08:43:00,2.69,0.428,237.62,11.27,17.6,6.3,14.1
06/09/2026,08:44:00,2.82,0.422,239.25,11.55,17.7,5.7,10.3
06/09/2026,08:45:00,2.575,0.384,238.77,10.69,17.2,5.0,13.2
06/09/2026,08:46:00,2.587,0.408,238.83,10.74,14.1,6.3,13.0
06/09/2026,08:47:00,2.561,0.382,238.05,10.85,16.9,5.0,10.7
06/09/2026,08:48:00,2.721,0.427,238.99,11.45,17.0,7.0,7.5
06/09/2026,08:49:00,2.705,0.433,239.29,11.07,18.7,7.5,15.1
06/09/2026,08:50:00,2.815,0.459,238.8,11.73,17.9,6.1,12.8
06/09/2026,08:51:00,2.711,0.454,238.35,11.3,18.7,6.9,12.0
06/09/2026,08:52:00,2.66,0.409,238.41,11.45,14.3,8.2,12.0
06/09/2026,08:53:00,2.692,0.436,238.88,11.31,14.2,6.4,14.1
06/09/2026,08:54:00,2.702,0.436,238.76,11.15,16.8,6.5,16.8
06/09/2026,08:55:00,2.558,0.415,239.36,10.57,18.3,6.7,14.0
06/09/2026,08:56:00,2.909,0.437,238.4,12.15,15.6,6.1,12.9
06/09/2026,08:57:00,2.734,0.402,237.89,11.55,14.5,6.3,12.7
06/09/2026,08:58:00,2.709,0.438,238.99,11.41,12.7,5.8,12.9
06/09/2026,08:59:00,2.741,0.386,238.41,11.53,16.6,7.4,9.9
06/09/2026,09:00:00,2.749,0.423,239.3,11.45,15.5,6.7,13.4
06/09/2026,09:01:00,2.68,0.358,238.76,11.21,14.8,7.6,9.3
06/09/2026,09:02:00,2.641,0.383,239.22,11.02,17.4,8.2,13.2
06/09/2026,09:03:00,2.739,0.407,238.06,11.24,15.4,5.5,11.2
06/09/2026,09:04:00,2.722,0.454,238.87,11.38,15.5,5.8,14.1
06/09/2026,09:05:00,2.626,0.432,238.29,10.93,17.2,7.8,13.1
06/09/2026,09:06:00,2.804,0.423,237.93,11.54,19.7,6.6,11.5
06/09/2026,09:07:00,2.713,0.444,238.18,11.75,14.4,7.1,10.1
06/09/2026,09:08:00,2.748,0.452,238.41,11.57,13.5,7.1,15.6
06/09/2026,09:09:00,2.8,0.432,239.67,11.69,13.2,5.8,12.2
06/09/2026,09:10:00,2.69,0.388,238.4,11.23,16.0,7.7,16.2
06/09/2026,09:11:00,2.713,0.42,237.92,11.51,12.8,7.4,9.7
06/09/2026,09:12:00,2.752,0.428,238.9,11.34,14.2,5.8,11.9
06/09/2026,09:13:00,2.629,0.385,238.84,10.96,14.3,7.0,7.5
06/09/2026,09:14:00,2.69,0.432,238.48,11.14,17.9,7.1,14.1
06/09/2026,09:15:00,2.695,0.43,238.71,11.4,17.1,8.2,14.3
06/09/2026,09:16:00,2.608,0.424,239.51,10.76,11.6,8.8,11.2
06/09/2026,09:17:00,2.869,0.451,239.31,12.16,17.7,7.3,11.1
06/09/2026,09:18:00,2.571,0.427,239.25,10.73,12.0,5.1,11.7
06/09/2026,09:19:00,2.578,0.405,238.02,10.95,14.7,8.3,12.1
06/09/2026,09:20:00,2.787,0.439,240.87,11.63,12.7,10.2,11.4
06/09/2026,09:21:00,2.738,0.419,239.59,11.59,13.5,8.3,15.0
06/09/2026,09:22:00,2.598,0.397,239.23,10.72,12.2,7.1,11.6
06/09/2026,09:23:00,2.728,0.461,238.05,11.59,17.4,8.0,8.5
06/09/2026,09:24:00,2.796,0.384,239.54,11.39,13.7,8.5,12.1
06/09/2026,09:25:00,2.675,0.443,238.53,11.22,14.4,7.6,11.6
06/09/2026,09:26:00,2.884,0.431,238.75,12.0,11.7,9.2,9.9
06/09/2026,09:27:00,2.538,0.386,237.71,10.46,10.9,6.1,13.2
06/09/2026,09:28:00,2.73,0.434,238.03,11.34,12.8,7.1,8.6
06/09/2026,09:29:00,2.767,0.395,239.21,11.47,14.7,8.2,13.7
06/09/2026,09:30:00,2.744,0.409,239.61,11.42,13.3,8.5,12.8
06/09/2026,09:31:00,2.655,0.397,239.39,11.01,15.4,7.0,11.6
06/09/2026,09:32:00,2.647,0.412,239.37,11.07,13.6,7.1,10.4
06/09/2026,09:33:00,2.705,0.405,238.88,11.2,13.3,6.9,9.7
06/09/2026,09:34:00,2.734,0.468,238.65,11.38,14.3,6.8,14.9
06/09/2026,09:35:00,2.716,0.471,239.14,11.31,13.3,8.4,12.3
06/09/2026,09:36:00,2.75,0.379,239.52,11.51,14.9,7.8,9.3
06/09/2026,09:37:00,2.584,0.424,238.95,10.94,14.1,9.5,13.0
06/09/2026,09:38:00,2.646,0.439,239.8,11.16,14.7,6.4,12.4
06/09/2026,09:39:00,2.588,0.424,238.81,10.87,14.2,7.7,16.1
06/09/2026,09:40:00,2.631,0.399,238.28,11.11,15.5,8.9,12.1
06/09/2026,09:41:00,2.742,0.423,238.97,11.52,14.3,8.4,15.2
06/09/2026,09:42:00,2.668,0.401,239.05,11.12,16.1,6.5,12.6
06/09/2026,09:43:00,2.867,0.434,238.93,12.14,11.4,9.5,10.5
06/09/2026,09:44:00,2.673,0.39,239.89,11.01,14.1,8.1,14.2
06/09/2026,09:45:00,2.661,0.416,239.56,10.8,9.6,10.5,15.8
06/09/2026,09:46:00,2.664,0.382,238.0,11.04,14.1,7.9,15.2
06/09/2026,09:47:00,2.603,0.407,240.08,11.05,12.3,9.6,13.9
06/09/2026,09:48:00,2.648,0.387,237.1,11.12,14.0,7.7,15.4
06/09/2026,09:49:00,2.742,0.434,240.53,11.44,15.4,7.9,13.6
06/09/2026,09:50:00,2.659,0.402,238.83,11.09,13.5,8.8,13.4
06/09/2026,09:51:00,2.586,0.418,238.9,10.91,11.0,6.0,10.0
06/09/2026,09:52:00,2.574,0.436,239.0,10.78,9.6,5.6,13.8
06/09/2026,09:53:00,2.611,0.453,239.32,10.9,12.8,7.4,16.6
06/09/2026,09:54:00,2.651,0.355,239.05,11.18,11.0,6.6,9.7
06/09/2026,09:55:00,2.74,0.408,238.97,11.4,12.9,5.4,10.5
06/09/2026,09:56:00,2.536,0.397,239.98,10.62,10.4,9.3,12.7
06/09/2026,09:57:00,2.616,0.425,239.47,10.9,9.5,7.3,10.4
06/09/2026,09:58:00,2.652,0.377,238.41,11.11,10.8,8.0,14.9
06/09/2026,09:59:00,2.493,0.375,239.61,10.28,12.2,8.6,9.6
06/09/2026,10:00:00,2.571,0.412,239.46,10.71,11.4,9.1,15.0
06/09/2026,10:01:00,2.583,0.412,238.72,10.74,9.4,8.8,15.7
06/09/2026,10:02:00,2.572,0.418,239.66,10.9,14.6,8.8,14.9
06/09/2026,10:03:00,2.65,0.429,239.0,10.83,10.6,9.1,13.6
06/09/2026,10:04:00,2.62,0.423,238.97,11.1,6.3,7.9,14.7
06/09/2026,10:05:00,2.588,0.415,238.95,10.57,12.6,7.7,11.0
06/09/2026,10:06:00,2.665,0.421,237.43,11.3,10.6,5.6,14.1
06/09/2026,10:07:00,2.767,0.449,238.77,11.46,10.2,9.5,12.2
06/09/2026,10:08:00,2.759,0.375,239.65,11.6,10.1,7.8,15.6
06/09/2026,10:09:00,2.473,0.435,239.14,10.32,10.1,11.3,15.2
06/09/2026,10:10:00,2.672,0.366,238.26,11.0,13.7,9.7,11.9
06/09/2026,10:11:00,2.61,0.386,239.84,11.09,11.2,10.0,14.4
06/09/2026,10:12:00,2.636,0.411,238.97,11.15,10.7,9.7,14.5
06/09/2026,10:13:00,2.59,0.428,238.33,10.94,9.6,9.5,12.7
06/09/2026,10:14:00,2.63,0.341,240.73,10.83,13.5,9.4,13.8
06/09/2026,10:15:00,2.632,0.415,238.46,11.16,11.7,9.6,14.9
06/09/2026,10:16:00,2.572,0.428,239.82,10.53,11.9,9.1,12.8
06/09/2026,10:17:00,2.546,0.43,238.67,10.33,10.4,8.1,11.8
06/09/2026,10:18:00,2.58,0.392,239.31,10.55,11.8,7.4,14.3
06/09/2026,10:19:00,2.634,0.409,238.59,10.9,10.5,9.5,17.1
06/09/2026,10:20:00,2.661,0.404,238.36,11.05,8.9,10.6,13.5
06/09/2026,10:21:00,2.681,0.412,239.6,11.12,10.3,8.8,13.1
06/09/2026,10:22:00,2.572,0.383,239.53,10.68,13.7,9.2,12.1
06/09/2026,10:23:00,2.633,0.394,240.05,10.87,9.8,7.3,16.4
06/09/2026,10:24:00,2.686,0.433,239.24,10.91,11.9,8.4,15.8
06/09/2026,10:25:00,2.701,0.427,240.82,11.24,11.7,7.5,13.6
06/09/2026,10:26:00,2.602,0.424,239.46,10.82,10.3,7.6,12.2
06/09/2026,10:27:00,2.587,0.416,239.68,10.69,12.4,9.2,12.2
06/09/2026,10:28:00,2.619,0.432,238.34,11.2,4.7,9.0,12.1
06/09/2026,10:29:00,2.511,0.423,238.87,10.47,5.3,10.2,12.9
06/09/2026,10:30:00,2.586,0.367,239.67,10.8,12.4,10.1,12.8
06/09/2026,10:31:00,2.66,0.398,239.25,11.24,7.6,8.0,12.4
06/09/2026,10:32:00,2.65,0.412,239.45,10.85,9.0,6.7,16.5
06/09/2026,10:33:00,2.576,0.409,238.75,10.79,12.2,8.0,17.5
06/09/2026,10:34:00,2.614,0.397,239.42,11.04,9.1,8.3,11.7
06/09/2026,10:35:00,2.53,0.426,239.42,10.55,12.0,10.0,12.8
06/09/2026,10:36:00,2.651,0.468,238.52,10.92,7.8,10.1,12.0
06/09/2026,10:37:00,2.587,0.415,239.81,10.72,9.7,9.2,14.8
06/09/2026,10:38:00,2.57,0.41,238.17,10.82,8.5,10.3,13.4
06/09/2026,10:39:00,2.562,0.429,239.5,10.38,11.3,12.7,11.9
06/09/2026,10:40:00,2.585,0.364,240.62,10.54,7.8,9.2,17.8
06/09/2026,10:41:00,2.553,0.407,239.86,10.94,6.3,9.1,15.3
06/09/2026,10:42:00,2.64,0.441,239.87,11.08,7.2,8.3,12.0
06/09/2026,10:43:00,2.554,0.39,238.77,10.92,7.3,9.8,17.5
06/09/2026,10:44:00,2.712,0.395,240.65,11.4,6.8,10.9,11.7
06/09/2026,10:45:00,2.701,0.419,240.38,11.29,6.6,8.8,15.6
06/09/2026,10:46:00,2.511,0.4,238.83,10.47,10.2,8.9,19.6
06/09/2026,10:47:00,2.587,0.388,239.1,10.88,10.7,8.8,14.0
06/09/2026,10:48:00,2.528,0.456,240.32,10.74,8.6,8.0,13.7
06/09/2026,10:49:00,2.553,0.394,240.71,10.73,6.5,9.7,14.7
06/09/2026,10:50:00,2.738,0.4,238.57,11.5,6.5,9.7,19.2
06/09/2026,10:51:00,2.552,0.404,238.76,10.66,3.5,9.5,17.6
06/09/2026,10:52:00,2.604,0.435,239.37,10.95,8.4,11.9,13.4
06/09/2026,10:53:00,2.617,0.415,237.96,10.92,6.2,10.1,15.0
06/09/2026,10:54:00,2.493,0.411,239.5,10.48,10.4,8.1,16.4
06/09/2026,10:55:00,2.503,0.379,240.32,10.31,4.7,10.4,13.4
06/09/2026,10:56:00,2.474,0.434,238.5,10.32,6.2,9.1,11.9
06/09/2026,10:57:00,2.499,0.414,239.6,10.27,7.2,9.2,16.8
06/09/2026,10:58:00,2.34,0.407,239.11,9.72,8.2,9.4,15.6
06/09/2026,10:59:00,2.611,0.422,240.67,10.74,10.8,9.2,15.1
06/09/2026,11:00:00,2.73,0.448,239.14,11.67,4.4,10.0,16.9
06/09/2026,11:01:00,2.576,0.387,240.61,10.57,6.5,12.4,12.0
06/09/2026,11:02:00,2.45,0.382,239.13,10.3,4.2,9.2,14.0
06/09/2026,11:03:00,2.511,0.435,240.1,10.31,8.6,9.8,20.3
06/09/2026,11:04:00,2.524,0.442,239.74,10.54,5.7,10.0,15.8
06/09/2026,11:05:00,2.478,0.369,239.48,10.39,6.7,9.0,15.9
06/09/2026,11:06:00,2.627,0.422,239.03,10.71,6.6,9.2,14.8
06/09/2026,11:07:00,2.622,0.404,239.82,10.72,7.1,11.0,10.5
06/09/2026,11:08:00,2.463,0.378,239.29,10.15,6.5,9.0,12.8
06/09/2026,11:09:00,2.613,0.421,239.12,10.73,4.8,8.6,16.6
06/09/2026,11:10:00,2.676,0.45,240.65,11.13,6.9,12.0,13.4
06/09/2026,11:11:00,2.704,0.436,240.01,11.3,5.1,8.2,14.2
06/09/2026,11:12:00,2.78,0.426,240.08,11.42,8.3,10.9,15.3
06/09/2026,11:13:00,2.477,0.41,239.36,10.37,6.7,9.5,12.5
06/09/2026,11:14:00,2.774,0.424,239.52,11.52,4.5,8.2,11.8
06/09/2026,11:15:00,2.519,0.413,239.48,10.5,11.3,9.3,14.6
06/09/2026,11:16:00,2.498,0.435,239.9,10.32,9.8,9.5,13.9
06/09/2026,11:17:00,2.571,0.357,240.12,10.78,11.3,7.6,15.2
06/09/2026,11:18:00,2.497,0.42,239.66,10.66,5.7,10.3,11.5
06/09/2026,11:19:00,2.574,0.37,239.13,10.88,4.7,10.2,13.5
06/09/2026,11:20:00,2.435,0.423,240.23,10.34,7.9,9.3,16.2
06/09/2026,11:21:00,2.52,0.386,239.73,10.3,8.5,10.4,21.2
06/09/2026,11:22:00,2.641,0.386,238.7,10.96,6.6,10.1,15.0
06/09/2026,11:23:00,2.532,0.421,238.23,10.71,2.0,11.5,16.2
06/09/2026,11:24:00,2.546,0.415,239.94,10.84,4.2,8.4,15.8
06/09/2026,11:25:00,2.572,0.384,239.16,10.85,7.0,9.4,15.4
06/09/2026,11:26:00,2.626,0.384,240.05,10.79,4.8,11.1,16.3
06/09/2026,11:27:00,2.398,0.383,239.21,9.96,3.3,10.5,12.7
06/09/2026,11:28:00,2.576,0.379,239.85,10.79,5.5,6.8,14.0
06/09/2026,11:29:00,2.507,0.374,239.5,10.44,0.0,7.6,15.4
06/09/2026,11:30:00,2.54,0.408,241.0,10.42,4.8,9.8,12.7
06/09/2026,11:31:00,2.61,0.389,240.45,10.81,5.1,11.9,15.8
06/09/2026,11:32:00,2.428,0.402,240.74,10.08,6.5,9.2,10.6
06/09/2026,11:33:00,2.441,0.43,239.82,10.02,7.0,10.6,16.6
06/09/2026,11:34:00,2.366,0.38,240.39,9.99,6.6,9.9,14.5
06/09/2026,11:35:00,2.475,0.4,239.88,10.25,7.6,10.5,16.4
06/09/2026,11:36:00,2.624,0.465,240.86,10.88,5.4,11.2,17.1
06/09/2026,11:37:00,2.506,0.371,239.78,10.61,2.8,11.0,18.0
06/09/2026,11:38:00,2.407,0.419,238.87,10.06,5.8,11.0,15.5
06/09/2026,11:39:00,2.474,0.424,238.45,10.52,3.9,9.0,11.1
06/09/2026,11:40:00,2.392,0.408,241.03,9.77,2.9,9.6,11.1
06/09/2026,11:41:00,2.42,0.423,240.2,10.14,6.8,10.5,12.2
06/09/2026,11:42:00,2.539,0.412,240.26,10.7,2.8,10.4,16.5
06/09/2026,11:43:00,2.413,0.375,240.93,9.89,6.9,10.5,11.9
06/09/2026,11:44:00,2.594,0.439,238.74,10.84,3.0,7.5,14.5
06/09/2026,11:45:00,2.498,0.428,239.65,10.4,4.9,11.3,14.0
06/09/2026,11:46:00,2.509,0.429,239.74,10.5,4.4,7.5,15.8
06/09/2026,11:47:00,2.478,0.398,240.44,10.38,7.8,8.8,16.6
06/09/2026,11:48:00,2.56,0.389,239.44,10.56,6.6,10.0,15.2
06/09/2026,11:49:00,2.559,0.412,239.09,10.7,3.8,9.7,16.8
06/09/2026,11:50:00,2.522,0.426,239.1,10.79,5.1,11.6,12.6
06/09/2026,11:51:00,2.538,0.43,240.76,10.7,8.0,8.2,17.3
06/09/2026,11:52:00,2.475,0.386,239.44,10.45,8.3,9.2,15.3
06/09/2026,11:53:00,2.533,0.412,239.58,10.54,2.6,7.1,16.7
06/09/2026,11:54:00,2.461,0.363,240.42,10.56,8.0,9.9,13.9
06/09/2026,11:55:00,2.486,0.423,239.5,10.54,7.8,9.4,10.6
06/09/2026,11:56:00,2.462,0.376,238.8,10.32,5.6,8.1,16.5
06/09/2026,11:57:00,2.446,0.413,238.89,10.27,5.1,11.4,14.8
06/09/2026,11:58:00,2.426,0.362,239.97,10.04,4.1,11.1,17.7
06/09/2026,11:59:00,2.516,0.428,240.37,10.53,2.7,9.7,16.0
06/09/2026,12:00:00,2.582,0.418,239.88,10.85,5.9,11.1,21.6
06/09/2026,12:01:00,2.569,0.389,240.34,10.79,4.8,9.5,17.9
06/09/2026,12:02:00,2.373,0.402,238.91,9.9,6.0,10.5,14.6
06/09/2026,12:03:00,2.575,0.394,238.97,10.55,6.1,10.7,11.6
06/09/2026,12:04:00,2.444,0.412,241.64,10.15,10.2,8.2,13.2
06/09/2026,12:05:00,2.516,0.395,240.93,10.55,7.5,10.1,13.1
06/09/2026,12:06:00,2.393,0.344,240.61,9.8,6.2,9.8,14.0
06/09/2026,12:07:00,2.475,0.372,239.62,10.31,0.8,8.2,14.9
06/09/2026,12:08:00,2.487,0.388,239.93,10.57,5.8,7.9,15.9
06/09/2026,12:09:00,2.341,0.415,240.1,9.57,8.2,10.2,18.2
06/09/2026,12:10:00,2.506,0.423,241.03,10.36,4.2,9.1,13.3
06/09/2026,12:11:00,2.563,0.448,240.4,10.89,9.4,7.6,12.1
06/09/2026,12:12:00,2.439,0.434,240.49,10.17,6.1,10.2,17.0
06/09/2026,12:13:00,2.56,0.394,240.02,10.59,5.6,10.7,18.1
06/09/2026,12:14:00,2.434,0.387,240.7,10.11,3.0,7.9,14.1
06/09/2026,12:15:00,2.515,0.392,240.36,10.59,8.0,9.4,17.5
06/09/2026,12:16:00,2.268,0.355,240.19,9.41,3.3,11.4,16.9
06/09/2026,12:17:00,2.636,0.37,239.65,11.09,3.8,8.2,11.5
06/09/2026,12:18:00,2.56,0.407,240.1,10.7,1.2,11.6,13.8
06/09/2026,12:19:00,2.416,0.358,239.43,10.14,6.7,8.9,14.2
06/09/2026,12:20:00,2.279,0.373,240.16,9.59,6.1,9.3,19.6
06/09/2026,12:21:00,2.457,0.448,240.26,10.18,4.9,7.5,16.4
06/09/2026,12:22:00,2.316,0.365,238.53,9.57,6.3,7.5,14.1
06/09/2026,12:23:00,2.465,0.401,240.06,10.34,6.1,8.4,13.7
06/09/2026,12:24:00,2.46,0.418,239.4,10.26,4.1,10.4,11.8
06/09/2026,12:25:00,2.35,0.389,240.58,9.7,3.3,12.3,17.6
06/09/2026,12:26:00,2.513,0.409,240.69,10.52,1.4,12.6,16.1
06/09/2026,12:27:00,2.485,0.389,239.95,10.55,4.5,9.1,16.6
06/09/2026,12:28:00,2.496,0.394,240.64,10.35,2.2,8.7,12.4
06/09/2026,12:29:00,2.417,0.366,240.68,10.04,5.1,7.9,16.9
06/09/2026,12:30:00,2.3,0.397,240.11,9.4,4.5,10.6,14.8
06/09/2026,12:31:00,2.49,0.355,241.36,10.28,4.0,8.2,13.7
06/09/2026,12:32:00,2.387,0.411,239.78,9.99,6.9,8.8,16.4
06/09/2026,12:33:00,2.295,0.34,241.33,9.51,2.8,9.7,12.7
06/09/2026,12:34:00,2.512,0.426,240.15,10.41,1.1,9.7,15.7
06/09/2026,12:35:00,2.57,0.4,239.73,10.83,4.3,8.3,14.7
06/09/2026,12:36:00,2.396,0.357,240.08,9.99,3.3,8.9,17.7
06/09/2026,12:37:00,2.57,0.423,239.56,11.11,5.0,8.2,17.3
06/09/2026,12:38:00,2.402,0.411,240.89,10.0,2.9,7.9,15.5
06/09/2026,12:39:00,2.362,0.372,239.23,9.46,5.6,7.6,15.9
06/09/2026,12:40:00,2.339,0.399,241.33,9.53,2.8,7.0,16.6
06/09/2026,12:41:00,2.518,0.345,239.71,10.58,2.7,9.4,15.3
06/09/2026,12:42:00,2.322,0.346,240.96,9.54,5.9,8.6,13.5
06/09/2026,12:43:00,2.441,0.425,240.4,10.07,4.6,7.4,14.3
06/09/2026,12:44:00,2.335,0.375,240.58,9.52,2.3,7.3,12.7
06/09/2026,12:45:00,2.34,0.334,239.98,9.68,2.8,7.2,17.4
06/09/2026,12:46:00,2.457,0.377,240.65,10.24,3.9,8.0,16.2
06/09/2026,12:47:00,2.342,0.358,240.51,9.79,2.4,10.2,14.4
06/09/2026,12:48:00,2.337,0.376,239.4,9.61,4.1,7.9,13.8
06/09/2026,12:49:00,2.458,0.386,239.76,10.37,4.1,9.5,15.9
06/09/2026,12:50:00,2.492,0.404,240.06,10.2,2.8,10.7,12.3
06/09/2026,12:51:00,2.413,0.388,239.92,10.13,5.9,8.9,13.0
06/09/2026,12:52:00,2.307,0.411,241.33,9.61,2.6,7.7,15.3
06/09/2026,12:53:00,2.316,0.389,240.47,9.49,7.1,8.5,20.7
06/09/2026,12:54:00,2.361,0.395,239.92,9.68,4.2,8.5,16.4
06/09/2026,12:55:00,2.377,0.414,240.13,9.96,3.3,10.8,15.8
06/09/2026,12:56:00,2.27,0.363,240.13,9.37,5.7,6.3,12.8
06/09/2026,12:57:00,2.404,0.357,240.29,9.98,4.7,10.0,13.3
06/09/2026,12:58:00,2.351,0.412,239.75,9.91,6.1,6.2,18.4
06/09/2026,12:59:00,2.204,0.368,239.94,9.26,0.6,9.5,14.4
06/09/2026,13:00:00,2.264,0.375,241.05,9.26,5.7,7.9,15.5
06/09/2026,13:01:00,2.295,0.36,240.65,9.53,3.6,10.8,16.7
06/09/2026,13:02:00,2.327,0.364,240.42,9.54,4.7,9.3,14.5
06/09/2026,13:03:00,2.482,0.419,240.54,10.45,4.4,9.1,14.3
06/09/2026,13:04:00,2.347,0.406,240.52,9.99,7.3,7.1,11.6
06/09/2026,13:05:00,2.258,0.391,240.41,9.27,0.9,10.7,12.7
06/09/2026,13:06:00,2.34,0.401,240.92,9.71,7.8,12.0,16.7
06/09/2026,13:07:00,2.292,0.389,240.88,9.65,6.0,10.9,14.4
06/09/2026,13:08:00,2.343,0.384,239.48,9.79,4.9,6.9,16.9
06/09/2026,13:09:00,2.361,0.379,240.49,9.9,1.7,8.0,11.9
06/09/2026,13:10:00,2.409,0.419,239.54,10.06,1.3,6.6,17.2
06/09/2026,13:11:00,2.307,0.368,241.05,9.41,3.5,7.4,15.3
06/09/2026,13:12:00,2.438,0.402,241.15,10.13,5.9,8.5,12.2
06/09/2026,13:13:00,2.377,0.365,240.19,10.06,4.6,9.1,17.9
06/09/2026,13:14:00,2.245,0.353,240.54,9.38,5.8,8.8,12.3
06/09/2026,13:15:00,2.475,0.391,239.15,10.59,1.7,5.8,17.8
06/09/2026,13:16:00,2.322,0.359,241.32,9.36,4.7,8.0,15.3
06/09/2026,13:17:00,2.227,0.387,241.14,9.29,6.8,8.7,13.4
06/09/2026,13:18:00,2.423,0.357,241.46,9.94,7.5,9.2,19.5
06/09/2026,13:19:00,2.454,0.397,241.7,10.02,2.1,8.5,16.3
06/09/2026,13:20:00,2.283,0.377,239.81,9.72,3.9,8.5,18.1
06/09/2026,13:21:00,2.243,0.324,241.3,9.26,3.9,7.6,16.4
06/09/2026,13:22:00,2.266,0.361,241.72,9.32,3.4,8.2,14.9
06/09/2026,13:23:00,2.335,0.387,239.64,9.79,6.4,11.2,13.5
06/09/2026,13:24:00,2.377,0.396,240.58,9.56,10.4,9.4,15.0
06/09/2026,13:25:00,2.318,0.373,240.45,9.84,2.4,8.2,15.8
06/09/2026,13:26:00,2.278,0.39,241.31,9.73,5.5,8.7,17.2
06/09/2026,13:27:00,2.387,0.384,239.04,10.12,5.2,7.8,14.6
06/09/2026,13:28:00,2.239,0.369,242.0,9.32,5.3,7.8,16.5
06/09/2026,13:29:00,2.344,0.388,240.66,9.71,7.3,8.9,19.1
06/09/2026,13:30:00,2.236,0.392,241.38,9.1,5.4,6.9,15.8
06/09/2026,13:31:00,2.291,0.358,240.71,9.7,0.4,7.4,11.1
06/09/2026,13:32:00,2.245,0.357,241.1,9.45,1.8,5.8,15.5
06/09/2026,13:33:00,2.247,0.353,239.14,9.46,2.5,8.6,15.2
06/09/2026,13:34:00,2.219,0.358,240.5,9.28,3.1,8.9,15.1
06/09/2026,13:35:00,2.354,0.418,241.37,9.8,4.4,8.3,11.9
06/09/2026,13:36:00,2.185,0.377,240.99,8.99,4.2,7.2,16.0
06/09/2026,13:37:00,2.182,0.334,239.65,9.48,1.0,7.4,14.2
06/09/2026,13:38:00,2.409,0.374,240.84,9.96,1.4,7.6,15.2
06/09/2026,13:39:00,2.315,0.387,240.23,9.57,0.4,8.8,17.5
06/09/2026,13:40:00,2.043,0.323,240.18,8.67,1.6,8.7,13.6
06/09/2026,13:41:00,2.186,0.344,239.76,9.11,6.7,5.5,15.2
06/09/2026,13:42:00,2.084,0.384,241.26,8.64,4.1,6.2,15.0
06/09/2026,13:43:00,2.151,0.343,241.61,9.11,2.8,7.8,15.1
06/09/2026,13:44:00,1.973,0.361,242.33,8.24,0.8,5.5,14.4
06/09/2026,13:45:00,2.211,0.397,239.82,9.33,2.7,8.4,14.6
06/09/2026,13:46:00,2.128,0.337,241.39,8.6,5.9,6.8,19.1
06/09/2026,13:47:00,2.222,0.344,241.45,9.26,5.7,8.1,14.5
06/09/2026,13:48:00,2.085,0.343,240.46,8.52,4.2,7.2,16.0
06/09/2026,13:49:00,2.219,0.339,240.23,9.17,4.2,7.0,15.6
06/09/2026,13:50:00,2.177,0.364,240.12,9.09,1.2,5.7,15.6
06/09/2026,13:51:00,2.328,0.374,240.52,9.67,3.2,6.3,16.5
06/09/2026,13:52:00,2.318,0.387,241.04,9.72,5.8,6.9,14.0
06/09/2026,13:53:00,2.266,0.407,241.85,9.48,3.4,6.8,18.5
06/09/2026,13:54:00,2.175,0.381,241.68,9.12,8.0,7.9,13.4
06/09/2026,13:55:00,2.357,0.395,239.78,9.63,7.2,6.1,15.1
06/09/2026,13:56:00,2.072,0.299,240.37,8.97,3.9,6.9,12.8
06/09/2026,13:57:00,2.082,0.361,241.84,8.6,4.2,8.9,17.4
06/09/2026,13:58:00,2.185,0.405,240.42,9.27,9.2,7.9,13.4
06/09/2026,13:59:00,2.37,0.309,240.9,9.46,6.5,7.0,17.1
06/09/2026,14:00:00,2.171,0.378,239.75,9.02,4.9,4.9,16.0
06/09/2026,14:01:00,2.171,0.357,241.76,8.76,5.2,5.0,15.8
06/09/2026,14:02:00,2.068,0.327,239.62,8.5,5.1,7.6,17.9
06/09/2026,14:03:00,2.257,0.391,239.82,9.42,4.8,7.7,14.1
06/09/2026,14:04:00,2.256,0.413,241.71,9.28,2.7,4.2,18.6
06/09/2026,14:05:00,2.24,0.388,242.32,9.44,4.0,7.6,14.6
06/09/2026,14:06:00,2.125,0.346,240.78,9.09,2.0,5.9,16.4
06/09/2026,14:07:00,2.117,0.33,240.96,8.64,6.3,6.1,15.0
06/09/2026,14:08:00,2.068,0.352,241.63,8.49,4.6,7.8,16.8
06/09/2026,14:09:00,2.176,0.383,241.21,8.87,6.4,7.5,13.2
06/09/2026,14:10:00,2.081,0.34,240.75,8.82,2.3,6.4,15.6
06/09/2026,14:11:00,2.072,0.341,240.68,8.63,7.7,7.4,15.4
06/09/2026,14:12:00,2.13,0.426,239.93,8.88,7.5,6.0,16.4
06/09/2026,14:13:00,2.123,0.382,241.19,8.85,1.8,5.5,16.3
06/09/2026,14:14:00,2.117,0.383,240.97,8.74,3.9,8.1,13.5
06/09/2026,14:15:00,2.196,0.327,240.74,8.99,4.1,8.2,18.3
06/09/2026,14:16:00,2.163,0.342,240.35,9.01,2.1,5.6,15.3
06/09/2026,14:17:00,2.132,0.358,240.42,8.83,4.4,5.7,17.0
06/09/2026,14:18:00,2.168,0.335,241.49,9.03,6.1,7.5,12.6
06/09/2026,14:19:00,2.073,0.389,241.68,8.33,4.0,5.4,14.5
06/09/2026,14:20:00,2.159,0.394,240.84,8.99,1.6,7.4,17.8
06/09/2026,14:21:00,2.161,0.346,240.77,8.87,6.6,5.0,19.0
06/09/2026,14:22:00,2.027,0.388,240.49,8.45,3.4,5.9,16.3
06/09/2026,14:23:00,2.225,0.367,241.74,9.34,3.7,7.5,15.2
06/09/2026,14:24:00,2.074,0.414,241.12,8.52,8.4,5.0,13.1
06/09/2026,14:25:00,2.15,0.362,241.36,9.09,5.9,5.4,17.2
06/09/2026,14:26:00,2.234,0.383,241.36,9.0,3.5,6.7,16.1
06/09/2026,14:27:00,2.214,0.401,240.9,9.42,2.7,3.8,10.2
06/09/2026,14:28:00,2.141,0.389,240.3,9.1,7.0,6.2,11.6
06/09/2026,14:29:00,2.108,0.366,240.43,8.64,6.9,7.6,16.2
06/09/2026,14:30:00,2.212,0.362,241.92,9.01,4.1,7.2,13.6
06/09/2026,14:31:00,2.189,0.375,240.63,8.87,2.6,6.0,13.1
06/09/2026,14:32:00,2.084,0.33,240.85,8.79,5.9,6.1,15.2
06/09/2026,14:33:00,2.069,0.352,240.35,8.56,6.4,8.0,16.2
06/09/2026,14:34:00,1.965,0.308,240.3,8.12,4.5,7.8,18.6
06/09/2026,14:35:00,2.142,0.313,240.62,8.74,3.0,5.9,13.6
06/09/2026,14:36:00,2.122,0.356,242.34,9.03,5.3,5.1,16.4
06/09/2026,14:37:00,2.219,0.398,241.63,9.04,6.2,7.0,13.2
06/09/2026,14:38:00,2.156,0.382,240.8,8.96,4.3,7.4,14.3
06/09/2026,14:39:00,2.233,0.366,241.93,9.26,5.8,7.7,15.8
06/09/2026,14:40:00,2.069,0.392,241.07,8.52,6.0,6.6,15.1
06/09/2026,14:41:00,2.215,0.352,242.13,9.06,7.6,5.4,12.4
06/09/2026,14:42:00,2.081,0.302,242.74,8.52,4.5,3.7,16.6
06/09/2026,14:43:00,2.185,0.308,241.92,9.12,3.1,8.3,17.1
06/09/2026,14:44:00,2.005,0.311,241.27,8.26,5.2,7.9,20.6
06/09/2026,14:45:00,2.14,0.377,241.7,9.1,8.8,4.8,15.9
06/09/2026,14:46:00,1.962,0.32,241.22,8.02,1.9,6.0,15.8
06/09/2026,14:47:00,2.099,0.363,239.93,8.86,0.8,5.4,16.1
06/09/2026,14:48:00,2.155,0.4,240.76,8.69,5.2,5.8,12.4
06/09/2026,14:49:00,2.077,0.322,240.56,8.52,4.7,5.2,12.6
06/09/2026,14:50:00,2.034,0.356,240.76,8.33,5.1,6.6,15.3
06/09/2026,14:51:00,2.186,0.376,242.49,8.85,5.0,4.2,10.4
06/09/2026,14:52:00,2.109,0.332,242.03,8.76,7.5,5.1,13.0
06/09/2026,14:53:00,2.078,0.383,241.55,8.59,5.5,6.8,14.4
06/09/2026,14:54:00,2.12,0.347,241.82,8.43,7.2,3.0,17.7
06/09/2026,14:55:00,2.327,0.37,239.93,10.0,0.6,6.0,16.0
06/09/2026,14:56:00,2.209,0.418,241.77,9.16,4.6,4.8,12.1
06/09/2026,14:57:00,2.209,0.378,241.92,9.13,4.0,7.6,15.4
06/09/2026,14:58:00,2.151,0.381,239.7,9.17,1.1,6.0,16.8
06/09/2026,14:59:00,2.129,0.389,241.81,8.95,5.9,4.5,17.0
06/09/2026,15:00:00,1.924,0.315,240.28,7.96,5.5,7.4,17.8
06/09/2026,15:01:00,2.061,0.379,239.9,8.3,4.8,5.5,18.1
06/09/2026,15:02:00,2.077,0.337,242.21,8.66,5.5,5.6,16.7
06/09/2026,15:03:00,1.966,0.322,240.58,8.03,6.0,6.6,16.6
06/09/2026,15:04:00,2.023,0.336,240.79,8.59,7.8,4.6,16.0
06/09/2026,15:05:00,1.958,0.319,241.99,7.97,7.1,7.3,17.4
06/09/2026,15:06:00,2.113,0.374,241.09,8.7,6.5,6.1,13.8
06/09/2026,15:07:00,2.182,0.369,241.18,8.85,10.5,4.5,15.1
06/09/2026,15:08:00,2.206,0.352,241.17,8.96,4.5,4.8,14.0
06/09/2026,15:09:00,2.151,0.375,241.56,8.89,3.2,3.7,16.5
06/09/2026,15:10:00,2.041,0.338,241.16,8.43,8.3,5.7,15.0
06/09/2026,15:11:00,1.964,0.327,241.4,8.06,9.7,5.1,17.8
06/09/2026,15:12:00,1.978,0.339,240.97,8.52,4.8,5.7,15.6
06/09/2026,15:13:00,2.018,0.354,241.58,8.44,8.8,3.1,17.9
06/09/2026,15:14:00,2.049,0.356,241.55,8.48,5.0,4.6,10.9
06/09/2026,15:15:00,2.108,0.344,242.67,8.27,7.3,4.0,14.0
06/09/2026,15:16:00,2.04,0.366,241.07,8.59,7.4,5.9,17.6
06/09/2026,15:17:00,2.149,0.352,241.22,9.36,4.9,4.4,15.6
06/09/2026,15:18:00,2.104,0.336,241.52,8.68,9.9,5.8,17.9
06/09/2026,15:19:00,2.125,0.318,242.03,8.66,10.2,4.5,16.1
06/09/2026,15:20:00,2.216,0.39,240.59,9.23,4.2,7.3,13.5
06/09/2026,15:21:00,2.031,0.344,241.43,8.2,6.7,5.2,19.5
06/09/2026,15:22:00,2.16,0.364,239.61,9.08,8.2,6.3,14.1
06/09/2026,15:23:00,2.127,0.381,241.18,9.04,2.6,5.0,14.0
06/09/2026,15:24:00,2.102,0.34,242.12,8.58,6.4,6.3,17.4
06/09/2026,15:25:00,2.201,0.33,240.86,9.04,3.1,4.1,13.6
06/09/2026,15:26:00,2.202,0.366,241.5,9.1,7.8,5.0,12.8
06/09/2026,15:27:00,2.057,0.355,241.01,8.46,6.7,4.5,13.9
06/09/2026,15:28:00,2.119,0.348,240.78,8.57,5.8,7.5,17.5
06/09/2026,15:29:00,2.158,0.396,242.07,8.86,3.4,3.5,20.4
06/09/2026,15:30:00,2.115,0.292,240.66,8.7,5.4,7.7,15.7
06/09/2026,15:31:00,2.185,0.39,241.6,9.25,7.7,3.2,14.1
06/09/2026,15:32:00,2.162,0.379,241.61,9.12,6.6,6.0,18.4
06/09/2026,15:33:00,2.288,0.386,240.8,9.71,9.1,4.2,14.3
06/09/2026,15:34:00,2.021,0.259,241.51,8.49,9.0,5.3,14.7
06/09/2026,15:35:00,2.135,0.388,240.75,8.9,8.9,4.8,16.6
06/09/2026,15:36:00,2.074,0.323,241.77,8.45,5.7,3.9,18.2
06/09/2026,15:37:00,2.197,0.351,240.49,9.33,7.4,5.1,15.9
06/09/2026,15:38:00,2.021,0.338,241.18,8.43,5.0,4.4,15.0
06/09/2026,15:39:00,2.18,0.372,241.24,8.85,4.4,5.7,20.9
06/09/2026,15:40:00,2.104,0.368,242.2,8.55,9.3,3.6,14.3
06/09/2026,15:41:00,2.097,0.374,241.52,8.49,4.6,5.5,14.5
06/09/2026,15:42:00,2.042,0.365,242.09,8.13,4.5,6.0,14.9
06/09/2026,15:43:00,2.123,0.361,241.81,8.84,7.3,4.8,17.0
06/09/2026,15:44:00,2.249,0.38,241.81,9.12,6.6,3.2,14.8
06/09/2026,15:45:00,2.163,0.332,241.2,8.85,6.8,7.1,17.6
06/09/2026,15:46:00,2.217,0.347,242.15,9.16,11.8,5.5,15.7
06/09/2026,15:47:00,2.303,0.399,241.19,9.52,5.3,3.9,15.1
06/09/2026,15:48:00,2.193,0.384,240.23,9.02,8.3,5.5,14.6
06/09/2026,15:49:00,2.13,0.374,241.29,9.05,7.5,2.7,15.8
06/09/2026,15:50:00,2.214,0.353,241.76,8.93,9.4,6.4,16.9
06/09/2026,15:51:00,2.136,0.379,240.32,8.66,5.9,7.6,15.8
06/09/2026,15:52:00,2.142,0.328,240.83,8.96,7.0,5.9,16.4
06/09/2026,15:53:00,2.063,0.375,240.59,8.48,7.7,3.5,14.2
06/09/2026,15:54:00,2.262,0.365,242.0,9.25,4.7,2.2,14.4
06/09/2026,15:55:00,2.159,0.401,242.63,8.74,4.0,6.6,16.0
06/09/2026,15:56:00,2.208,0.327,241.31,9.2,7.6,4.6,16.2
06/09/2026,15:57:00,2.113,0.398,241.83,8.77,10.4,4.3,16.1
06/09/2026,15:58:00,2.234,0.359,241.81,9.26,7.0,6.3,14.7
06/09/2026,15:59:00,2.141,0.347,242.55,8.74,7.4,4.0,16.2
06/09/2026,16:00:00,2.194,0.368,241.01,8.99,10.1,5.7,16.1
06/09/2026,16:01:00,2.278,0.356,241.31,9.42,7.6,4.8,15.8
06/09/2026,16:02:00,2.275,0.371,241.23,9.57,9.5,5.0,14.6
06/09/2026,16:03:00,2.213,0.347,241.52,9.4,13.3,6.8,17.2
06/09/2026,16:04:00,2.077,0.332,243.22,8.7,6.9,4.1,16.1
06/09/2026,16:05:00,2.461,0.407,241.49,10.27,7.7,3.9,14.5
06/09/2026,16:06:00,2.364,0.361,240.88,9.96,8.9,4.4,15.9
06/09/2026,16:07:00,2.286,0.355,240.67,9.32,11.2,3.1,14.9
06/09/2026,16:08:00,2.172,0.326,242.35,8.85,8.0,5.9,16.2
06/09/2026,16:09:00,2.226,0.355,240.88,9.32,9.8,5.7,19.3
06/09/2026,16:10:00,2.196,0.396,241.94,9.06,9.0,4.6,16.5
06/09/2026,16:11:00,2.344,0.36,241.01,9.78,8.3,3.5,16.7
06/09/2026,16:12:00,2.267,0.354,240.6,9.57,7.6,1.1,19.4
06/09/2026,16:13:00,2.188,0.367,241.91,9.17,7.3,3.6,16.9
06/09/2026,16:14:00,2.216,0.357,241.04,9.03,14.7,4.3,17.2
06/09/2026,16:15:00,2.348,0.437,241.78,9.71,5.5,2.2,16.6
06/09/2026,16:16:00,2.39,0.383,241.84,9.74,5.8,7.9,15.5
06/09/2026,16:17:00,2.388,0.395,241.87,9.76,9.2,5.2,17.3
06/09/2026,16:18:00,2.331,0.403,241.3,9.4,9.2,5.3,20.1
06/09/2026,16:19:00,2.254,0.394,241.97,9.34,9.7,4.4,13.5
06/09/2026,16:20:00,2.019,0.348,240.85,8.12,7.2,5.6,15.4
06/09/2026,16:21:00,2.306,0.373,239.77,9.68,6.9,4.2,14.6
06/09/2026,16:22:00,2.287,0.425,241.99,9.65,8.5,4.4,14.8
06/09/2026,16:23:00,2.302,0.374,241.61,9.61,10.9,6.4,19.2
06/09/2026,16:24:00,2.3,0.365,241.07,9.55,7.1,6.0,16.2
06/09/2026,16:25:00,2.194,0.347,240.47,9.35,9.5,4.6,18.1
06/09/2026,16:26:00,2.349,0.339,240.07,9.83,8.2,7.2,15.1
06/09/2026,16:27:00,2.36,0.404,241.53,9.64,6.3,4.5,15.2
06/09/2026,16:28:00,2.368,0.326,242.65,9.78,6.8,3.9,14.4
06/09/2026,16:29:00,2.394,0.387,241.4,10.21,11.3,4.7,19.8
06/09/2026,16:30:00,2.372,0.379,241.24,9.67,8.3,4.9,18.3
06/09/2026,16:31:00,2.295,0.431,241.48,9.3,12.1,3.0,14.4
06/09/2026,16:32:00,2.327,0.333,243.02,9.67,9.6,5.2,19.2
06/09/2026,16:33:00,2.345,0.359,242.03,9.66,7.0,7.3,16.1
06/09/2026,16:34:00,2.351,0.379,240.85,9.68,10.7,5.8,17.7
06/09/2026,16:35:00,2.427,0.386,241.52,9.86,8.2,5.4,16.9
06/09/2026,16:36:00,2.404,0.375,241.73,9.65,9.1,5.1,13.6
06/09/2026,16:37:00,2.524,0.401,240.76,10.26,12.2,3.2,15.0
06/09/2026,16:38:00,2.539,0.373,242.03,10.73,7.4,3.2,19.8
06/09/2026,16:39:00,2.374,0.394,240.93,9.85,9.2,4.7,18.9
06/09/2026,16:40:00,2.066,0.29,240.44,8.3,8.0,3.9,14.6
06/09/2026,16:41:00,2.477,0.397,241.55,10.43,7.8,2.6,17.4
06/09/2026,16:42:00,2.341,0.366,241.44,9.88,9.3,4.0,16.5
06/09/2026,16:43:00,2.325,0.404,241.5,9.81,8.6,5.1,19.5
06/09/2026,16:44:00,2.363,0.427,240.96,9.74,9.9,5.2,16.6
06/09/2026,16:45:00,2.364,0.375,241.06,9.77,11.8,3.4,15.3
06/09/2026,16:46:00,2.455,0.429,242.29,10.15,9.1,4.4,18.7
06/09/2026,16:47:00,2.286,0.366,241.81,9.67,7.7,5.0,19.7
06/09/2026,16:48:00,2.331,0.356,240.83,9.59,12.0,2.8,18.0
06/09/2026,16:49:00,2.45,0.438,240.13,10.09,9.3,3.5,18.4
06/09/2026,16:50:00,2.478,0.41,240.86,10.39,14.5,4.4,14.5
06/09/2026,16:51:00,2.485,0.398,241.61,10.47,10.1,3.3,14.4
06/09/2026,16:52:00,2.377,0.402,241.05,9.85,10.7,4.0,14.3
06/09/2026,16:53:00,2.367,0.391,241.0,9.92,6.5,7.7,19.6
06/09/2026,16:54:00,2.411,0.388,241.08,10.02,8.8,2.5,16.4
06/09/2026,16:55:00,2.476,0.364,241.44,10.22,6.7,6.3,19.1
06/09/2026,16:56:00,2.582,0.403,242.04,10.54,11.9,4.9,16.0
06/09/2026,16:57:00,2.305,0.392,241.49,9.37,11.2,2.8,17.4
06/09/2026,16:58:00,2.458,0.392,241.54,10.08,12.7,5.3,15.6
06/09/2026,16:59:00,2.375,0.408,241.33,9.69,13.1,4.5,16.7
06/09/2026,17:00:00,2.355,0.392,241.14,9.81,13.5,6.0,13.7
06/09/2026,17:01:00,2.571,0.387,242.12,10.8,11.2,5.3,16.8
06/09/2026,17:02:00,2.543,0.372,242.01,10.54,11.9,4.7,16.6
06/09/2026,17:03:00,2.542,0.401,242.92,10.33,13.0,4.0,13.8
06/09/2026,17:04:00,2.586,0.397,241.91,10.82,10.3,5.9,18.5
06/09/2026,17:05:00,2.48,0.406,241.14,10.33,10.1,3.9,18.9
06/09/2026,17:06:00,2.49,0.381,240.85,10.41,15.1,2.6,16.2
06/09/2026,17:07:00,2.706,0.409,242.15,11.1,8.5,1.9,15.0
06/09/2026,17:08:00,2.518,0.428,240.91,10.62,13.2,2.8,21.5
06/09/2026,17:09:00,2.603,0.416,242.05,10.92,13.0,5.4,18.3
06/09/2026,17:10:00,2.551,0.389,240.95,10.56,10.1,3.9,12.6
06/09/2026,17:11:00,2.409,0.39,241.72,10.07,11.1,3.4,16.9
06/09/2026,17:12:00,2.4,0.422,240.73,10.14,11.8,3.8,16.4
06/09/2026,17:13:00,2.524,0.41,242.02,10.36,13.0,5.5,16.3
06/09/2026,17:14:00,2.661,0.434,240.61,11.05,13.4,5.2,20.3
06/09/2026,17:15:00,2.647,0.399,241.66,10.96,12.7,4.6,18.5
06/09/2026,17:16:00,2.663,0.445,241.33,10.87,13.2,3.6,19.4
06/09/2026,17:17:00,2.518,0.46,241.54,10.49,14.2,3.9,17.7
06/09/2026,17:18:00,2.733,0.408,241.19,11.48,14.2,4.2,19.9
06/09/2026,17:19:00,2.533,0.374,241.17,10.48,16.1,3.2,17.3
06/09/2026,17:20:00,2.634,0.42,241.57,10.96,15.2,4.2,18.7
06/09/2026,17:21:00,2.623,0.437,240.76,11.11,13.3,3.1,19.2
06/09/2026,17:22:00,2.617,0.412,240.75,10.81,14.6,4.9,16.8
06/09/2026,17:23:00,2.745,0.403,241.21,11.43,14.2,5.0,13.6
06/09/2026,17:24:00,2.588,0.408,241.18,10.65,13.8,5.8,14.6
06/09/2026,17:25:00,2.543,0.42,240.75,10.48,11.8,4.7,23.4
06/09/2026,17:26:00,2.66,0.409,242.1,11.04,14.0,4.7,19.8
06/09/2026,17:27:00,2.633,0.431,241.21,10.95,9.6,3.3,19.9
06/09/2026,17:28:00,2.942,0.482,241.29,12.28,15.9,4.3,21.5
06/09/2026,17:29:00,2.733,0.434,240.51,11.38,14.6,3.0,16.0
06/09/2026,17:30:00,2.654,0.418,242.89,10.99,13.6,2.1,16.9
06/09/2026,17:31:00,2.609,0.434,243.14,10.98,13.2,4.0,16.1
06/09/2026,17:32:00,2.55,0.385,240.89,10.74,15.4,3.7,23.7
06/09/2026,17:33:00,2.625,0.391,242.29,10.89,17.9,5.2,16.4
06/09/2026,17:34:00,2.724,0.42,241.37,11.36,15.1,3.1,21.4
06/09/2026,17:35:00,2.836,0.428,242.55,11.65,18.2,8.0,17.2
06/09/2026,17:36:00,2.818,0.418,241.66,11.64,16.0,3.7,18.9
06/09/2026,17:37:00,2.754,0.476,241.49,11.48,12.9,4.3,21.5
06/09/2026,17:38:00,2.717,0.48,239.67,11.35,15.6,3.6,19.4
06/09/2026,17:39:00,2.771,0.424,240.8,11.63,15.5,5.4,18.5
06/09/2026,17:40:00,2.716,0.428,241.43,11.44,13.2,4.1,23.8
06/09/2026,17:41:00,2.902,0.444,241.55,12.0,14.1,3.1,14.8
06/09/2026,17:42:00,2.756,0.458,240.56,11.16,14.1,2.0,16.8
06/09/2026,17:43:00,2.772,0.465,240.9,11.81,15.3,5.1,18.3
06/09/2026,17:44:00,2.608,0.369,241.79,10.69,14.6,5.2,21.3
06/09/2026,17:45:00,2.777,0.445,240.43,11.58,15.8,4.8,17.9
06/09/2026,17:46:00,2.867,0.411,241.49,11.98,16.2,4.1,21.2
06/09/2026,17:47:00,2.722,0.471,242.26,11.45,17.9,3.9,15.3
06/09/2026,17:48:00,2.754,0.442,241.66,11.67,16.6,5.3,21.7
06/09/2026,17:49:00,2.885,0.426,241.62,11.89,14.2,4.2,21.1
06/09/2026,17:50:00,2.711,0.419,239.97,11.47,19.9,5.8,16.8
06/09/2026,17:51:00,2.921,0.443,240.81,12.16,14.3,4.2,19.2
06/09/2026,17:52:00,2.801,0.449,242.82,11.94,15.0,4.2,18.7
06/09/2026,17:53:00,2.819,0.464,240.96,11.87,17.1,4.8,20.3
06/09/2026,17:54:00,2.768,0.403,242.26,11.4,21.8,6.1,21.9
06/09/2026,17:55:00,2.895,0.493,240.94,11.9,16.9,5.9,17.9
06/09/2026,17:56:00,3.069,0.508,241.17,12.33,14.9,4.3,20.2
06/09/2026,17:57:00,2.941,0.431,241.72,12.27,13.0,3.8,20.0
06/09/2026,17:58:00,2.817,0.44,241.43,11.82,12.9,2.8,19.8
06/09/2026,17:59:00,2.984,0.501,241.62,12.46,16.4,5.2,22.7
06/09/2026,18:00:00,2.875,0.476,240.78,11.59,17.6,2.0,19.9
06/09/2026,18:01:00,3.017,0.454,240.55,12.35,13.7,6.5,16.9
06/09/2026,18:02:00,2.979,0.478,240.73,12.45,17.1,5.4,21.3
06/09/2026,18:03:00,2.686,0.497,240.97,11.41,14.1,3.4,23.2
06/09/2026,18:04:00,2.848,0.444,241.18,11.8,15.0,5.9,20.0
06/09/2026,18:05:00,3.011,0.446,242.06,12.6,18.2,5.0,22.7
06/09/2026,18:06:00,2.955,0.459,241.39,12.09,15.5,4.9,18.8
06/09/2026,18:07:00,2.868,0.45,241.67,11.9,19.7,4.0,20.7
06/09/2026,18:08:00,2.906,0.436,241.42,12.0,16.0,5.0,16.4
06/09/2026,18:09:00,2.811,0.448,240.54,11.86,19.5,2.5,18.5
06/09/2026,18:10:00,2.963,0.424,241.33,12.2,21.9,4.4,20.3
06/09/2026,18:11:00,3.154,0.462,241.4,13.32,15.9,3.4,21.4
06/09/2026,18:12:00,3.049,0.485,241.84,12.56,22.4,3.9,20.9
06/09/2026,18:13:00,3.166,0.436,240.55,13.0,17.6,3.4,22.8
06/09/2026,18:14:00,3.069,0.491,239.87,12.64,16.4,3.5,16.7
06/09/2026,18:15:00,3.087,0.42,241.42,12.69,17.1,6.0,23.3
06/09/2026,18:16:00,3.17,0.437,241.54,13.18,17.0,2.5,18.5
06/09/2026,18:17:00,3.049,0.453,241.16,12.55,20.7,4.8,17.4
06/09/2026,18:18:00,3.01,0.468,241.3,12.35,20.6,2.8,22.4
06/09/2026,18:19:00,3.114,0.507,241.89,13.01,20.7,6.0,17.7
06/09/2026,18:20:00,3.155,0.48,240.95,12.61,15.5,4.9,23.3
06/09/2026,18:21:00,3.007,0.455,241.07,12.41,18.6,2.5,15.5
06/09/2026,18:22:00,2.994,0.474,241.32,12.21,15.2,4.8,18.6
06/09/2026,18:23:00,3.069,0.447,240.41,12.64,20.4,3.4,22.2
06/09/2026,18:24:00,3.131,0.479,241.15,13.02,17.5,4.6,21.8
06/09/2026,18:25:00,3.135,0.446,241.21,12.97,19.5,2.6,14.6
06/09/2026,18:26:00,2.964,0.458,242.39,12.18,17.6,5.9,18.9
06/09/2026,18:27:00,3.237,0.485,241.03,13.61,15.2,1.7,16.7
06/09/2026,18:28:00,3.039,0.445,241.38,12.59,20.5,3.3,20.8
06/09/2026,18:29:00,3.075,0.473,241.87,12.99,20.8,2.9,20.6
06/09/2026,18:30:00,3.031,0.468,240.64,12.7,19.2,4.8,20.0
06/09/2026,18:31:00,3.325,0.528,242.18,13.58,14.8,3.7,20.3
06/09/2026,18:32:00,3.135,0.436,242.45,13.22,20.6,4.1,18.2
06/09/2026,18:33:00,3.053,0.464,241.19,12.7,17.7,3.5,19.0
06/09/2026,18:34:00,3.196,0.465,240.83,13.55,20.2,2.5,23.0
06/09/2026,18:35:00,3.195,0.505,242.34,13.14,18.3,4.0,19.6
06/09/2026,18:36:00,3.124,0.494,241.75,12.96,18.6,2.6,19.4
06/09/2026,18:37:00,3.212,0.498,241.25,13.38,20.4,1.9,23.2
06/09/2026,18:38:00,3.085,0.453,242.19,12.71,17.8,5.1,18.1
06/09/2026,18:39:00,3.117,0.496,242.11,13.07,19.2,2.7,24.0
06/09/2026,18:40:00,3.002,0.422,240.94,12.75,20.7,6.2,24.2
06/09/2026,18:41:00,3.062,0.424,241.35,12.34,24.0,6.2,18.6
06/09/2026,18:42:00,3.319,0.466,241.57,13.86,19.6,5.5,22.9
06/09/2026,18:43:00,3.311,0.496,241.18,13.59,21.5,2.8,16.1
06/09/2026,18:44:00,3.19,0.5,240.18,12.89,17.6,7.1,21.1
06/09/2026,18:45:00,3.323,0.424,240.49,13.9,23.4,1.2,18.7
06/09/2026,18:46:00,3.183,0.515,240.19,13.33,18.4,3.2,22.0
06/09/2026,18:47:00,3.182,0.485,241.48,13.28,19.8,5.4,21.6
06/09/2026,18:48:00,3.211,0.446,240.3,13.42,21.2,5.3,20.4
06/09/2026,18:49:00,3.202,0.487,241.26,13.4,18.7,3.4,18.6
06/09/2026,18:50:00,3.199,0.511,242.41,13.11,22.5,3.3,23.0
06/09/2026,18:51:00,3.313,0.513,242.12,13.72,19.0,4.0,21.0
06/09/2026,18:52:00,3.239,0.516,239.83,13.61,22.1,4.2,19.5
06/09/2026,18:53:00,3.289,0.46,240.21,13.89,22.6,3.7,19.9
06/09/2026,18:54:00,3.319,0.488,240.56,13.8,21.7,6.5,20.9
06/09/2026,18:55:00,3.272,0.47,240.28,13.59,22.0,3.4,20.9
06/09/2026,18:56:00,3.168,0.523,239.93,13.2,25.7,6.2,21.8
06/09/2026,18:57:00,3.142,0.493,241.08,12.86,21.6,4.8,23.2
06/09/2026,18:58:00,3.267,0.563,241.57,13.64,21.0,5.6,23.4
06/09/2026,18:59:00,3.246,0.478,241.74,13.21,21.5,2.4,20.7
06/09/2026,19:00:00,3.271,0.474,240.73,13.65,23.5,5.6,22.1
06/09/2026,19:01:00,3.269,0.489,240.87,13.58,25.6,5.6,20.8
06/09/2026,19:02:00,3.482,0.552,241.3,14.2,20.7,3.4,23.9
06/09/2026,19:03:00,3.175,0.472,240.97,12.95,19.3,5.4,21.0
06/09/2026,19:04:00,3.128,0.478,241.61,12.82,23.5,2.4,21.6
06/09/2026,19:05:00,3.319,0.501,241.34,13.7,18.5,3.7,21.3
06/09/2026,19:06:00,3.268,0.493,240.77,13.79,21.8,5.8,22.4
06/09/2026,19:07:00,3.329,0.483,239.72,13.87,21.9,4.1,22.8
06/09/2026,19:08:00,3.355,0.499,242.07,13.94,21.1,4.0,24.5
06/09/2026,19:09:00,3.416,0.505,240.53,14.39,21.3,6.1,24.2
06/09/2026,19:10:00,3.198,0.484,241.26,13.42,18.1,1.8,21.7
06/09/2026,19:11:00,3.279,0.517,239.66,13.68,19.8,4.1,21.5
06/09/2026,19:12:00,3.363,0.548,240.99,13.85,23.4,4.2,21.1
06/09/2026,19:13:00,3.395,0.486,241.06,14.16,17.5,3.3,23.9
06/09/2026,19:14:00,3.514,0.512,241.08,14.47,21.5,6.1,22.2
06/09/2026,19:15:00,3.419,0.49,243.08,14.34,21.1,3.1,27.2
06/09/2026,19:16:00,3.343,0.506,240.53,14.03,17.7,3.1,21.6
06/09/2026,19:17:00,3.281,0.48,241.54,13.61,25.2,1.1,25.1
06/09/2026,19:18:00,3.311,0.503,241.32,13.8,19.8,5.7,25.2
06/09/2026,19:19:00,3.313,0.525,240.47,13.81,23.0,3.9,25.2
06/09/2026,19:20:00,3.417,0.447,241.51,14.1,21.0,3.9,21.2
06/09/2026,19:21:00,3.39,0.519,240.82,14.15,20.2,4.0,21.7
06/09/2026,19:22:00,3.267,0.481,241.54,13.49,21.5,5.9,21.6
06/09/2026,19:23:00,3.342,0.513,242.3,14.08,21.3,6.4,25.2
06/09/2026,19:24:00,3.451,0.492,241.02,14.21,21.7,2.1,21.0
06/09/2026,19:25:00,3.413,0.539,240.71,14.25,20.5,3.7,20.8
06/09/2026,19:26:00,3.434,0.535,241.64,14.09,20.1,2.8,23.6
06/09/2026,19:27:00,3.422,0.525,241.87,14.03,24.2,4.0,19.2
06/09/2026,19:28:00,3.525,0.543,240.27,14.4,22.2,4.2,23.8
06/09/2026,19:29:00,3.417,0.491,240.57,14.27,22.1,2.1,19.6
06/09/2026,19:30:00,3.371,0.489,241.35,13.89,20.5,4.8,21.3
06/09/2026,19:31:00,3.332,0.519,240.78,14.0,25.4,3.7,24.7
06/09/2026,19:32:00,3.428,0.492,240.19,14.33,22.1,5.3,21.0
06/09/2026,19:33:00,3.216,0.522,241.23,13.35,18.5,4.3,22.9
06/09/2026,19:34:00,3.399,0.5,241.32,13.87,22.9,2.1,24.9
06/09/2026,19:35:00,3.4,0.521,240.61,14.22,20.9,5.1,19.8
06/09/2026,19:36:00,3.31,0.55,240.88,13.64,24.2,2.6,22.7
06/09/2026,19:37:00,3.347,0.484,240.42,13.71,24.5,2.7,23.7
06/09/2026,19:38:00,3.489,0.52,240.05,14.6,24.3,3.9,19.2
06/09/2026,19:39:00,3.445,0.54,240.47,14.14,21.6,3.9,20.0
06/09/2026,19:40:00,3.437,0.536,240.86,13.95,22.3,2.0,25.9
06/09/2026,19:41:00,3.455,0.506,239.77,14.6,23.0,4.1,19.8
06/09/2026,19:42:00,3.44,0.5,240.5,14.22,24.3,4.2,21.6
06/09/2026,19:43:00,3.534,0.518,240.85,14.41,20.5,4.1,18.0
06/09/2026,19:44:00,3.446,0.55,241.62,14.12,22.8,2.1,20.7
06/09/2026,19:45:00,3.321,0.492,240.55,13.7,26.3,4.5,24.1
06/09/2026,19:46:00,3.57,0.53,239.89,15.05,21.5,5.1,24.5
06/09/2026,19:47:00,3.471,0.506,240.61,14.17,22.6,2.6,24.2
06/09/2026,19:48:00,3.395,0.525,240.35,13.92,27.9,2.9,22.4
06/09/2026,19:49:00,3.343,0.505,241.13,14.01,22.2,5.3,20.1
06/09/2026,19:50:00,3.476,0.492,240.5,14.39,19.6,6.4,23.4
06/09/2026,19:51:00,3.436,0.488,238.83,14.42,22.6,4.1,21.5
06/09/2026,19:52:00,3.573,0.479,243.31,14.61,26.0,3.7,18.9
06/09/2026,19:53:00,3.42,0.49,240.81,14.5,24.8,4.6,22.5
06/09/2026,19:54:00,3.381,0.526,240.77,13.85,20.7,6.1,25.3
06/09/2026,19:55:00,3.52,0.556,239.62,14.73,23.5,3.2,24.9
06/09/2026,19:56:00,3.523,0.54,239.67,14.93,22.4,3.7,25.1
06/09/2026,19:57:00,3.463,0.529,240.62,14.34,24.3,3.6,23.2
06/09/2026,19:58:00,3.504,0.517,240.91,14.43,21.5,2.5,20.5
06/09/2026,19:59:00,3.447,0.533,241.16,14.41,23.7,5.4,23.8
06/09/2026,20:00:00,3.469,0.523,240.83,14.55,26.5,4.6,22.8
06/09/2026,20:01:00,3.543,0.57,239.82,14.65,17.5,1.7,21.9
06/09/2026,20:02:00,3.5,0.518,238.89,14.87,23.9,4.3,24.0
06/09/2026,20:03:00,3.436,0.546,240.57,14.29,25.4,6.5,23.5
06/09/2026,20:04:00,3.557,0.549,240.26,14.88,19.6,4.7,21.1
06/09/2026,20:05:00,3.26,0.51,239.74,13.82,21.3,6.4,21.0
06/09/2026,20:06:00,3.612,0.483,241.2,15.09,21.9,3.6,20.0
06/09/2026,20:07:00,3.311,0.521,239.51,13.82,21.2,5.6,23.0
06/09/2026,20:08:00,3.396,0.504,241.03,13.99,21.1,6.0,24.5
06/09/2026,20:09:00,3.442,0.502,239.61,14.77,21.9,4.2,21.2
06/09/2026,20:10:00,3.433,0.475,240.68,14.14,24.4,3.8,20.1
06/09/2026,20:11:00,3.524,0.523,241.23,14.66,25.6,5.7,23.6
06/09/2026,20:12:00,3.358,0.504,240.33,14.05,25.2,5.0,25.9
06/09/2026,20:13:00,3.462,0.483,241.75,14.4,24.6,5.5,26.8
06/09/2026,20:14:00,3.393,0.47,241.9,14.35,26.3,4.8,25.8
06/09/2026,20:15:00,3.461,0.528,240.71,14.39,26.7,4.2,22.3
06/09/2026,20:16:00,3.431,0.534,240.92,14.23,22.9,4.2,20.4
06/09/2026,20:17:00,3.442,0.518,241.27,14.5,25.4,3.8,23.7
06/09/2026,20:18:00,3.388,0.535,240.91,14.05,23.4,4.8,22.2
06/09/2026,20:19:00,3.39,0.505,240.82,14.21,22.1,4.1,21.9
06/09/2026,20:20:00,3.451,0.513,240.14,14.4,22.4,4.6,26.5
06/09/2026,20:21:00,3.502,0.497,239.32,14.77,24.5,3.3,25.4
06/09/2026,20:22:00,3.376,0.466,239.52,14.2,25.4,3.2,23.7
06/09/2026,20:23:00,3.352,0.549,242.15,13.78,23.6,5.1,22.1
06/09/2026,20:24:00,3.468,0.544,240.7,14.13,21.6,4.8,22.3
06/09/2026,20:25:00,3.414,0.475,240.3,13.95,21.4,3.7,18.9
06/09/2026,20:26:00,3.48,0.521,241.35,14.14,18.7,6.1,24.5
06/09/2026,20:27:00,3.338,0.498,239.93,13.9,23.1,3.2,25.1
06/09/2026,20:28:00,3.265,0.485,240.85,13.2,22.9,4.9,20.5
06/09/2026,20:29:00,3.362,0.493,240.49,13.96,20.2,4.9,20.8
06/09/2026,20:30:00,3.34,0.51,240.75,13.89,23.2,4.4,24.3
06/09/2026,20:31:00,3.392,0.527,240.19,14.25,23.1,5.9,21.4
06/09/2026,20:32:00,3.344,0.511,239.74,14.02,19.2,6.4,24.6
06/09/2026,20:33:00,3.451,0.511,239.83,14.52,21.5,2.8,20.4
06/09/2026,20:34:00,3.365,0.5,239.85,14.09,24.9,1.3,21.4
06/09/2026,20:35:00,3.396,0.531,240.39,14.08,20.8,3.7,23.2
06/09/2026,20:36:00,3.393,0.519,239.29,14.16,22.1,3.0,21.3
06/09/2026,20:37:00,3.392,0.509,239.5,14.04,22.3,3.7,21.1
06/09/2026,20:38:00,3.371,0.504,240.46,14.05,21.9,6.7,21.1
06/09/2026,20:39:00,3.41,0.518,240.27,13.95,23.3,7.8,23.5
06/09/2026,20:40:00,3.301,0.484,240.48,13.89,23.8,3.1,24.0
06/09/2026,20:41:00,3.472,0.537,240.31,14.31,24.4,4.6,22.9
06/09/2026,20:42:00,3.337,0.474,242.1,13.81,21.2,4.6,20.3
06/09/2026,20:43:00,3.247,0.479,240.41,13.55,22.8,4.7,24.8
06/09/2026,20:44:00,3.362,0.519,240.05,14.18,23.4,2.5,22.3
06/09/2026,20:45:00,3.275,0.465,240.38,13.37,21.4,5.9,24.0
06/09/2026,20:46:00,3.391,0.468,241.01,14.02,20.2,5.5,18.9
06/09/2026,20:47:00,3.51,0.523,240.26,14.69,21.9,3.7,24.2
06/09/2026,20:48:00,3.266,0.449,240.76,13.83,20.3,5.9,20.8
06/09/2026,20:49:00,3.35,0.47,240.55,13.92,20.1,2.4,20.6
06/09/2026,20:50:00,3.178,0.5,240.06,13.15,21.9,2.1,22.5
06/09/2026,20:51:00,3.35,0.497,240.34,14.24,21.0,4.6,17.0
06/09/2026,20:52:00,3.237,0.521,241.37,13.53,21.7,4.9,22.3
06/09/2026,20:53:00,3.253,0.46,240.41,13.74,18.2,4.1,20.8
06/09/2026,20:54:00,3.209,0.483,239.54,13.22,20.9,5.7,24.5
06/09/2026,20:55:00,3.351,0.512,240.0,14.04,16.7,3.4,22.0
06/09/2026,20:56:00,3.367,0.475,238.74,13.94,19.0,5.9,19.2
06/09/2026,20:57:00,3.283,0.52,240.31,13.46,20.9,5.3,19.5
06/09/2026,20:58:00,3.206,0.497,241.12,13.38,23.5,6.7,15.8
06/09/2026,20:59:00,3.397,0.467,239.25,14.29,22.0,2.0,26.6
06/09/2026,21:00:00,3.203,0.483,240.29,13.26,21.1,3.7,15.7
06/09/2026,21:01:00,3.085,0.48,240.87,13.02,20.1,3.1,19.9
06/09/2026,21:02:00,3.288,0.48,240.93,13.59,20.3,5.3,22.7
06/09/2026,21:03:00,3.157,0.442,241.06,13.06,23.4,6.3,24.3
06/09/2026,21:04:00,3.318,0.505,238.84,13.89,18.5,3.8,25.0
06/09/2026,21:05:00,3.203,0.54,240.5,13.28,19.2,5.1,20.7
06/09/2026,21:06:00,3.275,0.483,239.08,13.89,22.7,6.2,22.0
06/09/2026,21:07:00,3.332,0.539,239.43,13.76,19.8,4.7,20.2
06/09/2026,21:08:00,3.117,0.455,240.69,12.84,24.3,5.2,17.4
06/09/2026,21:09:00,3.162,0.485,240.22,12.98,21.8,1.7,18.5
06/09/2026,21:10:00,3.195,0.503,240.61,13.56,22.6,6.3,17.0
06/09/2026,21:11:00,3.317,0.498,239.44,13.8,17.0,3.9,21.4
06/09/2026,21:12:00,3.135,0.469,241.12,12.89,22.3,7.8,19.9
06/09/2026,21:13:00,3.133,0.494,240.56,12.98,18.4,3.2,20.2
06/09/2026,21:14:00,3.212,0.533,240.69,13.47,21.5,4.9,22.0
06/09/2026,21:15:00,3.121,0.482,239.3,13.14,19.2,5.4,21.0
06/09/2026,21:16:00,3.172,0.468,240.87,13.08,20.4,1.0,21.9
06/09/2026,21:17:00,3.029,0.459,239.82,12.57,17.6,6.6,24.4
06/09/2026,21:18:00,3.323,0.562,239.61,13.65,16.3,5.3,18.6
06/09/2026,21:19:00,3.031,0.467,240.47,12.62,20.0,2.4,16.2
06/09/2026,21:20:00,3.105,0.458,240.43,13.11,19.0,4.8,19.0
06/09/2026,21:21:00,3.121,0.446,239.42,12.95,17.8,4.8,19.7
06/09/2026,21:22:00,3.27,0.447,241.44,13.64,16.1,4.1,21.1
06/09/2026,21:23:00,3.003,0.469,241.26,12.36,14.1,3.5,21.7
06/09/2026,21:24:00,3.26,0.508,240.41,13.4,20.4,4.2,17.7
06/09/2026,21:25:00,3.155,0.469,240.28,13.23,18.8,5.4,17.3
06/09/2026,21:26:00,3.12,0.474,240.2,13.34,18.0,5.4,22.9
06/09/2026,21:27:00,3.0,0.431,238.88,12.64,19.6,4.3,20.6
06/09/2026,21:28:00,3.117,0.477,240.03,12.92,21.1,4.6,20.6
06/09/2026,21:29:00,3.006,0.473,240.01,12.47,19.5,4.1,20.3
06/09/2026,21:30:00,3.157,0.465,239.53,13.47,18.0,3.0,20.0
06/09/2026,21:31:00,2.97,0.499,239.71,12.44,23.1,4.2,19.2
06/09/2026,21:32:00,3.031,0.443,238.25,12.61,17.5,3.3,18.0
06/09/2026,21:33:00,2.988,0.466,239.14,12.49,15.9,3.0,18.3
06/09/2026,21:34:00,2.945,0.475,240.55,12.28,18.8,1.2,24.2
06/09/2026,21:35:00,3.076,0.467,241.11,12.83,18.0,3.8,23.4
06/09/2026,21:36:00,3.051,0.461,239.23,12.98,20.3,5.3,21.4
06/09/2026,21:37:00,3.097,0.436,240.01,13.1,17.3,5.9,19.2
06/09/2026,21:38:00,2.85,0.476,240.64,11.87,18.0,4.9,20.5
06/09/2026,21:39:00,3.069,0.464,239.5,12.81,16.5,2.6,16.1
06/09/2026,21:40:00,3.176,0.495,240.33,13.28,19.7,4.1,21.3
06/09/2026,21:41:00,2.932,0.469,239.82,12.13,18.3,2.8,18.5
06/09/2026,21:42:00,3.111,0.458,240.67,13.07,17.4,6.8,19.0
06/09/2026,21:43:00,2.93,0.447,238.93,12.23,17.6,3.8,19.2
06/09/2026,21:44:00,2.833,0.473,239.05,11.93,17.8,3.7,18.5
06/09/2026,21:45:00,2.91,0.421,240.01,12.38,14.9,5.5,20.6
06/09/2026,21:46:00,3.01,0.514,239.87,12.63,20.0,4.2,22.3
06/09/2026,21:47:00,2.851,0.423,239.76,11.93,19.8,5.7,20.6
06/09/2026,21:48:00,2.862,0.414,240.19,11.84,17.6,2.8,18.8
06/09/2026,21:49:00,2.949,0.457,239.13,12.32,17.3,4.4,16.3
06/09/2026,21:50:00,2.893,0.502,238.81,11.94,15.3,5.0,18.6
06/09/2026,21:51:00,2.931,0.404,239.41,12.32,20.7,0.9,18.3
06/09/2026,21:52:00,2.895,0.444,239.48,11.77,20.1,3.4,20.2
06/09/2026,21:53:00,2.905,0.461,239.55,12.27,17.9,3.5,16.9
06/09/2026,21:54:00,2.824,0.44,240.63,11.85,18.6,4.4,16.3
06/09/2026,21:55:00,2.869,0.454,240.27,11.95,19.4,3.9,18.9
06/09/2026,21:56:00,2.767,0.414,240.09,11.45,18.9,4.7,20.2
06/09/2026,21:57:00,2.936,0.437,239.87,12.24,15.0,4.0,18.5
06/09/2026,21:58:00,2.773,0.429,239.4,11.32,16.0,5.8,20.2
06/09/2026,21:59:00,2.906,0.42,239.1,12.28,17.5,7.0,15.2
06/09/2026,22:00:00,2.788,0.433,238.85,11.65,16.9,2.3,19.0
06/09/2026,22:01:00,2.814,0.428,239.19,11.99,17.9,4.3,15.0
06/09/2026,22:02:00,2.75,0.418,239.64,11.53,17.6,5.7,23.7
06/09/2026,22:03:00,2.7,0.432,238.86,11.34,16.7,3.4,20.7
06/09/2026,22:04:00,2.633,0.37,239.77,11.04,10.9,4.7,18.5
06/09/2026,22:05:00,2.679,0.416,239.51,11.04,18.4,3.8,14.1
06/09/2026,22:06:00,2.729,0.485,239.36,11.33,17.7,3.0,14.5
06/09/2026,22:07:00,2.763,0.404,240.44,11.51,20.0,3.0,21.7
06/09/2026,22:08:00,2.818,0.47,237.9,11.8,14.9,1.1,14.9
06/09/2026,22:09:00,2.693,0.425,239.35,11.16,12.0,4.5,18.5
06/09/2026,22:10:00,2.649,0.403,237.96,11.09,15.3,4.6,21.3
06/09/2026,22:11:00,2.596,0.378,239.77,10.83,16.5,3.1,17.5
06/09/2026,22:12:00,2.741,0.432,240.12,11.76,14.6,3.9,14.6
06/09/2026,22:13:00,2.804,0.473,238.64,11.7,18.1,2.4,13.2
06/09/2026,22:14:00,2.786,0.425,238.72,11.57,14.0,5.0,17.9
06/09/2026,22:15:00,2.733,0.426,238.38,11.44,15.0,3.8,14.6
06/09/2026,22:16:00,2.719,0.451,239.6,11.57,14.7,5.3,16.9
06/09/2026,22:17:00,2.795,0.444,239.31,11.91,20.6,3.9,14.5
06/09/2026,22:18:00,2.677,0.382,239.35,11.48,13.2,3.0,15.5
06/09/2026,22:19:00,2.693,0.426,239.28,11.26,16.1,3.6,15.5
06/09/2026,22:20:00,2.607,0.451,238.85,11.01,12.4,6.3,16.1
06/09/2026,22:21:00,2.515,0.401,240.31,10.31,15.4,7.0,15.0
06/09/2026,22:22:00,2.561,0.339,239.7,10.63,12.7,2.3,17.2
06/09/2026,22:23:00,2.606,0.422,238.67,10.75,16.8,5.5,18.7
06/09/2026,22:24:00,2.603,0.407,239.01,10.96,16.3,2.9,15.7
06/09/2026,22:25:00,2.743,0.383,238.88,11.49,14.9,3.3,17.0
06/09/2026,22:26:00,2.587,0.368,240.46,10.79,11.5,4.6,14.3
06/09/2026,22:27:00,2.666,0.444,239.97,10.98,14.1,4.9,12.8
06/09/2026,22:28:00,2.529,0.385,239.38,10.69,13.5,3.4,17.1
06/09/2026,22:29:00,2.53,0.381,240.65,10.15,15.7,5.1,18.1
06/09/2026,22:30:00,2.44,0.392,240.47,10.11,12.2,5.8,11.9
06/09/2026,22:31:00,2.478,0.381,239.28,10.34,16.2,5.2,15.8
06/09/2026,22:32:00,2.571,0.411,239.15,10.45,15.7,3.0,16.9
06/09/2026,22:33:00,2.521,0.397,239.17,10.6,11.0,3.7,16.5
06/09/2026,22:34:00,2.587,0.38,238.75,10.81,13.2,5.4,14.5
06/09/2026,22:35:00,2.518,0.389,240.62,10.55,13.5,6.3,15.9
06/09/2026,22:36:00,2.467,0.407,238.7,10.63,15.5,2.6,17.8
06/09/2026,22:37:00,2.658,0.42,240.0,11.13,12.0,4.7,13.8
06/09/2026,22:38:00,2.471,0.394,239.87,10.45,13.7,5.3,19.0
06/09/2026,22:39:00,2.563,0.456,239.17,10.92,15.4,2.5,12.5
06/09/2026,22:40:00,2.429,0.41,240.64,10.17,13.6,5.6,17.5
06/09/2026,22:41:00,2.51,0.422,238.27,10.4,9.4,7.0,15.5
06/09/2026,22:42:00,2.519,0.398,239.3,10.28,12.0,5.2,14.2
06/09/2026,22:43:00,2.453,0.4,239.01,10.32,14.7,5.0,11.2
06/09/2026,22:44:00,2.24,0.358,240.01,9.27,14.4,3.3,17.9
06/09/2026,22:45:00,2.421,0.41,239.58,10.3,8.2,3.7,13.1
06/09/2026,22:46:00,2.51,0.398,238.12,10.47,13.1,3.5,15.1
06/09/2026,22:47:00,2.446,0.399,240.19,10.18,14.5,3.2,16.1
06/09/2026,22:48:00,2.431,0.396,239.65,9.97,13.6,4.0,20.2
06/09/2026,22:49:00,2.249,0.369,238.58,9.38,13.7,4.7,14.2
06/09/2026,22:50:00,2.321,0.452,239.05,9.57,16.5,3.2,15.0
06/09/2026,22:51:00,2.404,0.372,238.38,9.96,12.2,3.8,15.7
06/09/2026,22:52:00,2.396,0.371,239.16,10.01,12.8,4.7,15.0
06/09/2026,22:53:00,2.452,0.412,239.38,10.15,10.2,1.5,13.0
06/09/2026,22:54:00,2.335,0.365,239.03,10.16,10.8,5.5,17.9
06/09/2026,22:55:00,2.371,0.377,238.95,10.05,11.3,4.6,13.6
06/09/2026,22:56:00,2.332,0.353,238.13,9.96,13.6,4.6,15.6
06/09/2026,22:57:00,2.244,0.382,239.48,9.35,10.3,5.8,14.0
06/09/2026,22:58:00,2.135,0.369,237.89,8.99,14.2,5.5,13.1
06/09/2026,22:59:00,2.342,0.373,239.25,9.72,9.5,5.1,16.7
06/09/2026,23:00:00,2.314,0.396,237.97,10.12,12.9,4.7,14.9
06/09/2026,23:01:00,2.243,0.323,239.25,9.36,12.6,4.3,9.5
06/09/2026,23:02:00,2.155,0.341,239.21,8.92,11.9,3.5,14.9
06/09/2026,23:03:00,2.327,0.375,239.49,9.6,13.3,3.1,12.8
06/09/2026,23:04:00,2.248,0.34,239.8,9.42,9.8,4.8,10.6
06/09/2026,23:05:00,2.306,0.333,239.92,9.83,10.3,4.8,16.2
06/09/2026,23:06:00,2.403,0.381,238.06,10.26,9.2,4.5,12.3
06/09/2026,23:07:00,2.075,0.366,239.14,8.56,11.1,2.6,14.5
06/09/2026,23:08:00,2.183,0.394,240.58,8.96,10.8,0.8,15.9
06/09/2026,23:09:00,2.215,0.352,239.25,9.44,12.6,4.4,13.3
06/09/2026,23:10:00,2.341,0.399,238.57,10.13,11.6,1.9,14.3
06/09/2026,23:11:00,2.086,0.366,239.09,8.7,12.2,4.7,12.2
06/09/2026,23:12:00,2.365,0.414,238.87,10.08,10.3,6.8,16.1
06/09/2026,23:13:00,2.213,0.357,238.31,9.07,11.4,4.7,13.2
06/09/2026,23:14:00,2.188,0.318,239.74,9.0,14.2,3.7,14.8
06/09/2026,23:15:00,2.172,0.362,239.53,8.92,7.8,2.9,16.8
06/09/2026,23:16:00,2.146,0.332,238.18,9.07,6.8,3.6,9.4
06/09/2026,23:17:00,2.258,0.353,239.04,9.42,11.6,4.3,11.9
06/09/2026,23:18:00,2.081,0.342,238.7,8.76,8.6,5.7,13.0
06/09/2026,23:19:00,2.187,0.354,237.97,9.38,7.5,4.5,13.6
06/09/2026,23:20:00,2.122,0.358,238.1,8.82,11.2,3.9,14.6
06/09/2026,23:21:00,2.085,0.368,238.19,8.77,8.1,5.2,15.9
06/09/2026,23:22:00,2.346,0.372,239.03,9.61,13.1,6.2,11.5
06/09/2026,23:23:00,2.166,0.37,238.75,9.25,10.3,4.7,12.7
06/09/2026,23:24:00,2.175,0.361,238.39,9.29,9.5,4.5,15.6
06/09/2026,23:25:00,2.21,0.389,238.78,9.31,8.2,2.1,13.8
06/09/2026,23:26:00,1.998,0.335,239.57,8.36,10.2,2.5,9.3
06/09/2026,23:27:00,2.246,0.368,239.29,9.31,6.5,2.4,9.0
06/09/2026,23:28:00,1.898,0.318,239.74,7.71,4.7,4.1,11.8
06/09/2026,23:29:00,2.031,0.34,238.87,8.55,6.5,3.2,14.1
06/09/2026,23:30:00,2.049,0.326,240.14,8.65,11.8,3.7,14.0
06/09/2026,23:31:00,2.126,0.333,239.26,9.19,7.6,3.2,10.8
06/09/2026,23:32:00,2.091,0.37,238.67,8.7,6.5,3.3,14.2
06/09/2026,23:33:00,2.053,0.319,239.07,8.63,9.1,1.9,13.2
06/09/2026,23:34:00,2.06,0.339,238.12,8.82,13.7,4.6,10.2
06/09/2026,23:35:00,1.976,0.363,238.78,8.45,11.4,5.2,11.3
06/09/2026,23:36:00,1.928,0.323,239.29,7.97,7.5,4.4,8.3
06/09/2026,23:37:00,2.1,0.373,239.41,8.73,7.4,4.8,9.9
06/09/2026,23:38:00,2.091,0.336,238.69,8.68,7.4,4.9,8.3
06/09/2026,23:39:00,2.157,0.333,240.88,8.82,7.1,4.9,9.0
06/09/2026,23:40:00,1.961,0.295,238.84,8.43,10.0,5.4,16.1
06/09/2026,23:41:00,2.073,0.382,237.78,8.73,8.2,5.8,11.4
06/09/2026,23:42:00,1.989,0.31,239.8,8.28,6.6,6.4,8.4
06/09/2026,23:43:00,2.101,0.371,239.37,8.82,6.1,1.8,13.2
06/09/2026,23:44:00,2.082,0.325,239.1,8.72,13.3,4.9,12.8
06/09/2026,23:45:00,2.011,0.374,238.61,8.4,10.1,2.7,12.6
06/09/2026,23:46:00,1.962,0.391,239.2,8.09,6.9,6.1,10.2
06/09/2026,23:47:00,2.06,0.305,240.05,8.82,10.9,4.4,13.4
06/09/2026,23:48:00,2.029,0.316,239.06,8.4,6.2,4.7,9.6
06/09/2026,23:49:00,1.917,0.349,237.88,7.92,8.1,4.5,13.7
06/09/2026,23:50:00,1.86,0.336,236.49,7.85,7.9,4.6,13.9
06/09/2026,23:51:00,1.938,0.352,239.17,8.43,8.7,6.4,11.8
06/09/2026,23:52:00,2.077,0.335,238.2,8.6,6.4,5.9,8.7
06/09/2026,23:53:00,2.042,0.395,238.82,8.66,8.5,6.4,13.6
06/09/2026,23:54:00,1.856,0.326,238.31,7.75,4.6,4.0,10.5
06/09/2026,23:55:00,1.846,0.291,238.26,7.78,7.3,1.5,12.4
06/09/2026,23:56:00,2.036,0.338,238.33,8.68,10.7,5.3,13.3
06/09/2026,23:57:00,1.838,0.29,238.39,7.45,10.0,2.8,9.9
06/09/2026,23:58:00,1.965,0.376,239.4,8.07,6.5,3.8,16.4
06/09/2026,23:59:00,1.87,0.308,239.25,7.95,4.8,4.2,11.5
07/09/2026,00:00:00,1.009,0.233,238.0,4.26,0.0,0.8,3.9
07/09/2026,00:01:00,0.818,0.186,238.09,3.47,3.6,1.6,7.6
07/09/2026,00:02:00,0.971,0.201,239.1,4.17,3.0,0.0,8.8
07/09/2026,00:03:00,0.895,0.16,239.57,3.6,3.2,1.6,0.9
07/09/2026,00:04:00,0.9,0.223,239.55,3.92,5.8,0.6,2.4
07/09/2026,00:05:00,0.722,0.219,238.12,3.16,2.7,4.2,3.7
07/09/2026,00:06:00,0.704,0.162,239.51,2.97,2.9,0.0,10.0
07/09/2026,00:07:00,0.862,0.165,237.57,3.7,0.0,1.0,4.3
07/09/2026,00:08:00,0.9,0.228,238.66,3.94,5.6,1.6,8.7
07/09/2026,00:09:00,0.79,0.154,239.14,3.21,2.1,0.3,5.9
07/09/2026,00:10:00,0.793,0.226,237.34,3.44,0.8,0.1,2.2
07/09/2026,00:11:00,0.925,0.188,240.26,4.11,2.8,2.5,7.3
07/09/2026,00:12:00,0.925,0.183,239.71,3.96,6.4,1.9,6.1
07/09/2026,00:13:00,0.869,0.21,239.23,3.6,6.7,0.0,3.5
07/09/2026,00:14:00,0.942,0.187,238.1,4.31,0.5,0.0,3.9
07/09/2026,00:15:00,0.786,0.177,238.72,3.33,4.8,1.6,3.1
07/09/2026,00:16:00,0.852,0.211,239.32,3.77,3.1,1.2,4.0
07/09/2026,00:17:00,1.012,0.161,237.98,4.19,4.4,1.5,6.8
07/09/2026,00:18:00,0.885,0.247,238.63,3.87,3.0,0.6,3.4
07/09/2026,00:19:00,0.89,0.208,239.39,3.64,3.6,1.9,5.6
07/09/2026,00:20:00,1.065,0.195,237.7,4.53,5.0,2.9,6.1
07/09/2026,00:21:00,0.768,0.167,238.98,3.12,0.0,2.8,5.3
07/09/2026,00:22:00,0.944,0.238,237.51,4.26,3.1,0.0,1.8
07/09/2026,00:23:00,1.013,0.237,238.07,4.22,0.1,4.0,7.0
07/09/2026,00:24:00,0.854,0.237,238.38,3.42,1.5,1.7,2.8
07/09/2026,00:25:00,0.949,0.197,239.09,3.98,2.4,0.0,4.1
07/09/2026,00:26:00,0.801,0.204,238.23,3.44,0.4,1.4,4.4
07/09/2026,00:27:00,0.825,0.21,238.8,3.45,1.2,1.1,5.3
07/09/2026,00:28:00,0.911,0.227,238.23,3.7,0.0,0.6,5.6
07/09/2026,00:29:00,0.944,0.241,238.34,4.12,1.2,0.5,6.9
07/09/2026,00:30:00,0.97,0.198,239.58,4.24,3.4,1.7,4.7
07/09/2026,00:31:00,1.006,0.218,237.89,3.98,4.1,1.7,2.7
07/09/2026,00:32:00,0.875,0.19,239.23,3.52,0.9,0.0,7.8
07/09/2026,00:33:00,0.976,0.216,238.69,4.06,5.1,0.1,4.5
07/09/2026,00:34:00,0.853,0.22,238.28,3.5,3.6,0.1,5.0
07/09/2026,00:35:00,0.952,0.173,237.83,4.08,5.3,0.6,3.2
07/09/2026,00:36:00,0.897,0.235,237.88,4.05,0.0,2.0,3.5
07/09/2026,00:37:00,0.916,0.181,238.16,3.79,3.0,2.4,8.6
07/09/2026,00:38:00,0.914,0.202,238.57,4.07,3.6,0.5,2.4
07/09/2026,00:39:00,0.752,0.221,239.09,2.92,0.0,2.2,2.7
07/09/2026,00:40:00,0.79,0.203,238.45,3.38,7.2,1.4,4.4
07/09/2026,00:41:00,0.888,0.215,238.5,3.64,1.1,1.0,6.1
07/09/2026,00:42:00,0.745,0.16,238.6,3.19,3.5,3.2,3.3
07/09/2026,00:43:00,0.947,0.187,238.99,3.7,4.3,1.2,1.9
07/09/2026,00:44:00,0.95,0.238,239.1,3.78,2.6,0.6,2.7
07/09/2026,00:45:00,0.906,0.194,237.68,3.88,5.2,1.9,4.5
07/09/2026,00:46:00,0.79,0.182,238.44,3.22,6.4,0.0,3.2
07/09/2026,00:47:00,0.991,0.243,239.5,4.09,0.2,0.5,10.3
07/09/2026,00:48:00,1.043,0.199,237.71,4.66,2.6,1.1,9.8
07/09/2026,00:49:00,0.892,0.214,238.68,3.76,4.2,1.7,8.0
07/09/2026,00:50:00,0.921,0.212,238.51,4.0,0.0,1.1,6.2
07/09/2026,00:51:00,0.896,0.207,238.23,3.65,4.5,0.0,6.2
07/09/2026,00:52:00,0.923,0.198,239.74,3.65,5.8,0.0,8.3
07/09/2026,00:53:00,0.871,0.19,238.64,3.64,5.0,0.2,5.7
07/09/2026,00:54:00,0.877,0.178,239.67,3.44,3.3,1.1,3.6
07/09/2026,00:55:00,0.953,0.226,238.62,3.89,5.5,0.0,10.1
07/09/2026,00:56:00,1.068,0.211,238.93,4.5,3.1,2.6,6.7
07/09/2026,00:57:00,0.768,0.216,238.2,3.21,0.0,1.2,8.6
07/09/2026,00:58:00,0.872,0.199,238.21,3.71,1.4,1.2,9.4
07/09/2026,00:59:00,0.786,0.168,238.89,3.38,1.9,0.6,1.5
07/09/2026,01:00:00,1.008,0.215,238.9,4.04,2.3,0.0,3.5
07/09/2026,01:01:00,0.833,0.19,239.01,3.34,2.2,0.9,5.0
07/09/2026,01:02:00,0.765,0.217,238.85,2.87,1.7,1.8,6.5
07/09/2026,01:03:00,0.931,0.203,237.65,3.86,2.8,0.6,7.4
07/09/2026,01:04:00,1.02,0.215,238.02,4.39,5.4,2.2,5.3
07/09/2026,01:05:00,0.933,0.247,239.18,4.13,2.8,0.7,8.2
07/09/2026,01:06:00,0.897,0.22,237.21,3.81,3.7,1.7,6.7
07/09/2026,01:07:00,0.913,0.251,238.78,4.03,0.0,0.7,6.7
07/09/2026,01:08:00,0.993,0.251,238.5,4.22,2.7,1.3,4.8
07/09/2026,01:09:00,0.81,0.175,239.17,3.4,4.6,1.9,6.1
07/09/2026,01:10:00,0.871,0.229,238.86,3.56,4.9,0.0,6.1
07/09/2026,01:11:00,0.844,0.239,238.1,3.19,4.7,1.6,7.5
07/09/2026,01:12:00,0.787,0.233,238.07,3.49,3.0,2.2,2.5
07/09/2026,01:13:00,0.854,0.227,238.2,3.58,3.2,3.6,6.9
07/09/2026,01:14:00,0.969,0.24,238.97,4.26,1.1,0.9,1.8
07/09/2026,01:15:00,0.926,0.204,236.95,3.76,4.1,0.0,3.5
07/09/2026,01:16:00,0.932,0.191,238.67,4.27,1.1,0.0,6.7
07/09/2026,01:17:00,0.892,0.198,237.93,3.71,3.8,0.0,3.6
07/09/2026,01:18:00,0.922,0.169,238.68,3.76,2.5,2.5,5.5
07/09/2026,01:19:00,0.816,0.232,238.79,3.39,2.4,3.7,3.4
07/09/2026,01:20:00,0.856,0.196,237.38,3.63,4.4,0.3,6.7
07/09/2026,01:21:00,0.896,0.24,238.39,3.75,3.5,0.9,5.5
07/09/2026,01:22:00,0.903,0.178,238.65,3.7,3.0,0.0,5.3
07/09/2026,01:23:00,0.906,0.236,238.6,3.53,1.4,1.6,7.8
07/09/2026,01:24:00,0.869,0.192,238.45,3.53,5.6,1.0,6.3
07/09/2026,01:25:00,0.85,0.17,237.68,3.74,3.1,0.5,6.5
07/09/2026,01:26:00,1.133,0.277,237.79,4.63,3.9,0.0,7.8
07/09/2026,01:27:00,0.953,0.242,237.57,3.75,2.6,0.3,8.1
07/09/2026,01:28:00,0.914,0.215,238.92,3.67,1.0,0.0,3.3
07/09/2026,01:29:00,0.862,0.204,238.45,3.6,3.1,0.0,7.0
07/09/2026,01:30:00,0.844,0.212,238.49,3.43,1.2,0.0,6.4
07/09/2026,01:31:00,0.87,0.209,237.33,3.62,3.3,0.0,8.3
07/09/2026,01:32:00,0.904,0.189,238.5,3.67,0.0,0.0,2.6
07/09/2026,01:33:00,0.73,0.177,238.97,3.21,1.6,1.6,3.9
07/09/2026,01:34:00,0.755,0.24,237.23,3.26,2.4,0.0,5.0
07/09/2026,01:35:00,0.83,0.266,238.15,3.82,0.5,0.7,8.5
07/09/2026,01:36:00,0.897,0.247,237.42,3.72,3.1,0.0,4.8
07/09/2026,01:37:00,0.862,0.215,238.22,3.57,1.6,0.0,5.3
07/09/2026,01:38:00,0.999,0.211,237.89,4.38,2.4,0.0,3.9
07/09/2026,01:39:00,0.762,0.172,238.78,3.25,1.3,2.1,7.1
07/09/2026,01:40:00,0.821,0.18,238.63,3.3,4.4,0.6,6.9
07/09/2026,01:41:00,1.002,0.206,239.42,4.27,3.5,0.0,4.2
07/09/2026,01:42:00,0.891,0.261,238.47,3.8,3.0,0.0,3.1
07/09/2026,01:43:00,0.952,0.259,238.75,3.72,2.5,0.0,7.1
07/09/2026,01:44:00,1.045,0.244,238.12,4.29,7.5,0.0,6.5
07/09/2026,01:45:00,0.825,0.175,237.74,3.5,2.1,0.0,3.9
07/09/2026,01:46:00,0.873,0.227,239.09,3.87,1.0,0.2,6.9
07/09/2026,01:47:00,0.859,0.197,239.38,3.69,0.1,0.0,6.8
07/09/2026,01:48:00,0.725,0.133,239.0,2.95,4.2,0.0,8.1
07/09/2026,01:49:00,0.856,0.21,238.6,3.48,5.7,2.4,7.3
07/09/2026,01:50:00,0.952,0.193,237.82,4.12,0.7,0.5,4.7
07/09/2026,01:51:00,0.924,0.191,239.3,3.5,1.8,0.6,3.7
07/09/2026,01:52:00,0.931,0.205,238.91,3.77,1.7,2.5,9.8
07/09/2026,01:53:00,0.851,0.19,239.92,3.76,2.2,0.0,4.3
07/09/2026,01:54:00,0.829,0.199,237.69,3.53,0.0,0.2,1.4
07/09/2026,01:55:00,0.983,0.216,239.11,4.0,4.0,0.0,2.7
07/09/2026,01:56:00,0.842,0.154,238.89,3.34,4.8,0.9,0.9
07/09/2026,01:57:00,0.905,0.247,238.26,3.92,0.0,1.6,8.1
07/09/2026,01:58:00,0.895,0.183,239.46,3.75,5.9,0.0,9.4
07/09/2026,01:59:00,0.999,0.196,238.78,4.15,5.7,1.9,5.9
07/09/2026,02:00:00,0.959,0.207,237.84,4.09,0.0,1.2,1.9
07/09/2026,02:01:00,0.778,0.191,238.42,3.29,0.0,0.8,8.0
07/09/2026,02:02:00,0.787,0.231,237.84,3.32,2.2,0.0,6.4
07/09/2026,02:03:00,0.928,0.218,238.17,3.7,5.1,1.8,8.1
07/09/2026,02:04:00,0.877,0.219,238.99,3.51,3.0,3.0,6.7
07/09/2026,02:05:00,0.846,0.208,239.19,3.65,2.5,0.3,2.4
07/09/2026,02:06:00,0.963,0.221,238.65,4.12,3.6,0.4,6.9
07/09/2026,02:07:00,0.897,0.215,237.98,3.83,0.8,0.8,2.0
07/09/2026,02:08:00,0.886,0.158,238.77,3.62,5.0,0.3,3.7
07/09/2026,02:09:00,0.945,0.207,239.01,4.07,2.2,0.6,7.7
07/09/2026,02:10:00,0.852,0.231,237.12,3.54,0.0,2.1,7.6
07/09/2026,02:11:00,1.008,0.32,238.58,4.42,0.8,0.7,3.3
07/09/2026,02:12:00,0.819,0.168,238.37,3.33,3.2,1.2,2.9
07/09/2026,02:13:00,0.935,0.223,239.17,3.83,1.9,3.4,5.5
07/09/2026,02:14:00,0.997,0.205,238.77,4.15,1.7,2.7,9.8
07/09/2026,02:15:00,0.773,0.244,238.84,3.36,2.9,0.0,6.6
07/09/2026,02:16:00,0.855,0.169,238.17,3.59,3.2,3.1,10.6
07/09/2026,02:17:00,0.974,0.233,238.5,4.09,0.0,2.6,5.0
07/09/2026,02:18:00,0.976,0.182,239.16,4.02,4.9,2.7,7.3
07/09/2026,02:19:00,0.869,0.196,238.46,3.69,2.2,0.0,4.7
07/09/2026,02:20:00,0.825,0.198,238.63,3.44,3.3,1.1,3.6
07/09/2026,02:21:00,0.96,0.242,237.43,3.93,2.6,0.3,3.3
07/09/2026,02:22:00,0.978,0.19,238.46,4.12,1.6,1.0,6.2
07/09/2026,02:23:00,0.79,0.211,237.1,3.36,4.3,3.1,8.2
07/09/2026,02:24:00,0.787,0.195,238.15,3.66,2.6,1.0,4.7
07/09/2026,02:25:00,0.902,0.215,238.55,3.69,2.6,0.0,8.5
07/09/2026,02:26:00,0.934,0.236,239.05,3.78,0.0,0.3,9.4
07/09/2026,02:27:00,0.86,0.171,237.81,3.66,4.1,0.0,7.3
07/09/2026,02:28:00,0.939,0.233,238.77,3.78,2.1,3.1,6.1
07/09/2026,02:29:00,0.828,0.185,239.54,3.29,4.0,0.0,3.9
07/09/2026,02:30:00,0.715,0.213,238.07,2.79,5.8,0.3,8.3
07/09/2026,02:31:00,0.851,0.21,237.43,3.47,4.1,0.3,2.9
07/09/2026,02:32:00,0.89,0.202,238.72,3.62,2.6,2.9,6.7
07/09/2026,02:33:00,0.863,0.189,237.68,3.44,1.9,2.0,2.6
07/09/2026,02:34:00,0.792,0.216,237.95,3.29,7.5,1.5,3.1
07/09/2026,02:35:00,0.74,0.22,239.17,2.74,3.5,1.1,5.3
07/09/2026,02:36:00,0.844,0.188,239.84,3.59,2.9,1.1,6.9
07/09/2026,02:37:00,0.957,0.187,237.82,3.94,2.1,0.9,7.6
07/09/2026,02:38:00,0.986,0.236,238.01,4.08,0.7,3.5,5.4
07/09/2026,02:39:00,0.981,0.182,238.22,4.21,0.0,0.0,4.5
07/09/2026,02:40:00,0.821,0.166,238.14,3.5,5.5,0.0,3.7
07/09/2026,02:41:00,0.794,0.169,239.88,3.22,0.9,1.4,6.9
07/09/2026,02:42:00,0.926,0.201,238.16,3.96,2.1,2.6,6.9
07/09/2026,02:43:00,0.938,0.179,238.26,4.17,2.3,1.0,5.8
07/09/2026,02:44:00,0.919,0.162,239.67,3.68,5.4,0.0,6.1
07/09/2026,02:45:00,0.726,0.159,238.94,3.15,1.0,1.8,8.9
07/09/2026,02:46:00,0.818,0.214,239.23,3.25,3.0,0.0,7.6
07/09/2026,02:47:00,0.885,0.174,237.91,3.9,3.5,0.0,2.3
07/09/2026,02:48:00,0.927,0.203,238.17,3.79,0.0,0.0,7.4
07/09/2026,02:49:00,0.95,0.263,237.82,3.88,0.0,0.0,8.4
07/09/2026,02:50:00,0.9,0.207,239.11,3.94,1.1,1.1,3.6
07/09/2026,02:51:00,0.915,0.218,239.41,3.93,3.0,0.0,7.5
07/09/2026,02:52:00,0.896,0.184,238.13,3.66,2.8,0.0,12.0
07/09/2026,02:53:00,0.944,0.267,238.3,3.98,2.3,3.9,6.5
07/09/2026,02:54:00,0.915,0.196,238.33,3.73,3.9,0.1,4.9
07/09/2026,02:55:00,0.895,0.202,237.47,3.53,0.8,0.9,5.2
07/09/2026,02:56:00,0.869,0.237,238.09,3.68,2.2,2.8,5.7
07/09/2026,02:57:00,0.897,0.203,239.1,3.7,2.3,1.7,1.9
07/09/2026,02:58:00,0.929,0.213,237.95,3.76,0.9,3.3,1.8
07/09/2026,02:59:00,0.912,0.202,238.63,4.02,7.2,0.0,6.0
07/09/2026,03:00:00,0.922,0.204,237.65,3.74,0.0,2.2,5.3
07/09/2026,03:01:00,0.999,0.229,238.47,4.21,5.1,1.4,6.9
07/09/2026,03:02:00,0.913,0.223,238.18,4.0,4.2,2.1,4.8
07/09/2026,03:03:00,0.84,0.185,237.72,3.5,4.2,1.9,5.6
07/09/2026,03:04:00,0.963,0.196,239.13,3.92,2.8,0.0,7.5
07/09/2026,03:05:00,0.784,0.179,239.18,3.32,5.3,4.5,0.4
07/09/2026,03:06:00,0.807,0.162,237.91,3.46,1.7,0.0,3.4
07/09/2026,03:07:00,0.921,0.171,238.44,3.99,3.4,0.0,4.2
07/09/2026,03:08:00,0.936,0.22,238.62,4.2,2.8,1.7,5.1
07/09/2026,03:09:00,0.795,0.219,237.32,3.28,2.2,1.2,2.3
07/09/2026,03:10:00,0.864,0.226,237.62,3.67,2.9,1.0,3.4
07/09/2026,03:11:00,0.847,0.142,239.5,3.35,0.7,1.7,6.9
07/09/2026,03:12:00,0.857,0.197,237.86,3.7,1.3,0.0,6.4
07/09/2026,03:13:00,0.972,0.189,239.49,4.09,5.8,1.9,0.0
07/09/2026,03:14:00,0.953,0.218,237.67,3.98,8.4,0.6,4.9
07/09/2026,03:15:00,0.896,0.197,239.07,3.65,3.7,2.6,5.1
07/09/2026,03:16:00,0.854,0.217,238.4,3.53,4.3,0.4,3.4
07/09/2026,03:17:00,0.79,0.194,238.5,3.35,3.2,1.4,5.1
07/09/2026,03:18:00,1.012,0.174,239.92,4.07,3.6,1.6,6.3
07/09/2026,03:19:00,0.947,0.189,237.75,3.94,3.8,2.0,7.0
07/09/2026,03:20:00,0.843,0.201,239.04,3.53,4.8,0.8,5.6
07/09/2026,03:21:00,0.958,0.217,239.02,3.78,5.8,0.4,6.8
07/09/2026,03:22:00,0.895,0.172,240.98,3.56,1.0,0.0,5.4
07/09/2026,03:23:00,0.878,0.167,237.88,3.59,8.4,1.4,0.4
07/09/2026,03:24:00,0.937,0.214,238.2,4.17,3.0,0.0,5.1
07/09/2026,03:25:00,0.843,0.166,239.22,3.4,3.0,1.2,2.7
07/09/2026,03:26:00,0.876,0.163,238.51,3.66,1.9,1.3,5.6
07/09/2026,03:27:00,0.914,0.198,238.33,3.68,2.0,3.2,4.9
07/09/2026,03:28:00,0.864,0.192,239.33,3.5,4.0,0.0,4.9
07/09/2026,03:29:00,0.959,0.193,238.47,3.8,4.1,1.0,3.6
07/09/2026,03:30:00,1.055,0.209,238.04,4.53,3.9,1.0,4.5
07/09/2026,03:31:00,0.846,0.202,239.18,3.34,1.9,0.0,6.1
07/09/2026,03:32:00,0.774,0.175,238.93,3.38,0.0,0.8,3.4
07/09/2026,03:33:00,0.748,0.191,238.46,3.21,0.0,0.0,4.0
07/09/2026,03:34:00,0.897,0.198,238.43,3.75,2.9,2.1,1.5
07/09/2026,03:35:00,0.856,0.207,238.04,3.74,3.5,1.6,6.0
07/09/2026,03:36:00,0.927,0.233,239.2,4.34,2.0,1.4,2.6
07/09/2026,03:37:00,0.921,0.232,238.44,3.94,1.5,0.0,5.5
07/09/2026,03:38:00,0.783,0.226,238.16,3.12,3.5,2.6,7.0
07/09/2026,03:39:00,0.767,0.213,237.8,3.45,2.7,0.0,8.2
07/09/2026,03:40:00,0.937,0.218,238.98,3.95,2.0,0.9,4.7
07/09/2026,03:41:00,0.925,0.2,238.35,4.2,0.0,0.0,6.8
07/09/2026,03:42:00,0.881,0.196,237.3,3.64,1.3,0.6,5.4
07/09/2026,03:43:00,0.783,0.172,237.87,3.49,4.8,2.5,1.3
07/09/2026,03:44:00,0.954,0.215,238.56,4.0,1.1,1.4,2.1
07/09/2026,03:45:00,1.019,0.24,238.58,4.67,4.3,0.0,7.3
07/09/2026,03:46:00,0.941,0.195,238.56,3.9,5.8,0.1,7.9
07/09/2026,03:47:00,0.852,0.201,238.47,4.02,1.4,0.3,0.7
07/09/2026,03:48:00,0.924,0.194,237.71,3.95,2.2,0.0,6.1
07/09/2026,03:49:00,0.812,0.203,238.13,3.54,5.0,1.2,6.0
07/09/2026,03:50:00,1.007,0.207,239.58,4.46,5.5,3.6,3.6
07/09/2026,03:51:00,0.93,0.193,239.48,3.77,1.8,0.1,3.7
07/09/2026,03:52:00,0.783,0.177,239.16,3.42,0.0,3.3,3.1
07/09/2026,03:53:00,0.902,0.221,239.1,3.73,5.6,0.8,1.2
07/09/2026,03:54:00,0.964,0.213,239.4,4.05,4.3,1.2,3.1
07/09/2026,03:55:00,0.901,0.197,237.99,3.8,4.0,1.1,6.9
07/09/2026,03:56:00,0.907,0.215,238.8,3.88,5.0,0.0,4.6
07/09/2026,03:57:00,0.832,0.19,238.0,3.58,0.8,1.4,7.0
07/09/2026,03:58:00,0.977,0.245,238.01,4.02,4.0,0.0,1.0
07/09/2026,03:59:00,0.881,0.181,239.05,3.7,2.7,1.1,6.4
07/09/2026,04:00:00,0.761,0.187,239.46,2.83,4.5,1.0,7.1
07/09/2026,04:01:00,0.905,0.174,238.66,3.94,4.9,0.0,0.0
07/09/2026,04:02:00,1.015,0.213,239.96,4.48,5.2,0.9,4.2
07/09/2026,04:03:00,0.907,0.167,238.96,3.82,4.5,0.4,6.2
07/09/2026,04:04:00,1.078,0.248,238.27,4.28,3.8,0.6,8.3
07/09/2026,04:05:00,0.975,0.236,238.06,4.21,3.9,0.6,2.4
07/09/2026,04:06:00,0.969,0.236,239.54,3.93,4.1,0.0,8.5
07/09/2026,04:07:00,0.933,0.213,238.92,3.93,2.2,0.9,6.4
07/09/2026,04:08:00,0.939,0.191,239.31,4.03,2.7,1.9,3.2
07/09/2026,04:09:00,0.925,0.191,236.98,3.99,4.3,0.5,7.6
07/09/2026,04:10:00,0.923,0.249,239.02,4.03,4.8,0.7,10.5
07/09/2026,04:11:00,0.992,0.255,238.49,4.18,2.2,1.7,4.7
07/09/2026,04:12:00,0.876,0.208,237.88,3.71,1.4,3.8,4.5
07/09/2026,04:13:00,0.866,0.191,238.82,3.74,0.2,0.6,3.3
07/09/2026,04:14:00,0.864,0.238,239.63,3.59,1.0,0.0,9.4
07/09/2026,04:15:00,1.119,0.217,240.46,4.55,2.5,0.0,3.8
07/09/2026,04:16:00,0.999,0.226,239.05,4.25,2.7,1.6,3.3
07/09/2026,04:17:00,0.983,0.252,238.39,3.95,3.1,2.8,4.0
07/09/2026,04:18:00,0.876,0.184,238.35,3.66,1.3,0.0,4.1
07/09/2026,04:19:00,1.012,0.242,239.57,4.02,0.1,0.8,4.1
07/09/2026,04:20:00,0.955,0.228,238.2,3.92,4.0,0.8,3.7
07/09/2026,04:21:00,0.983,0.217,239.34,4.03,4.0,0.0,3.8
07/09/2026,04:22:00,0.889,0.182,239.12,3.57,5.0,2.8,5.7
07/09/2026,04:23:00,0.982,0.2,239.05,4.27,5.4,2.3,8.4
07/09/2026,04:24:00,0.937,0.22,237.83,4.09,4.6,1.3,3.2
07/09/2026,04:25:00,0.912,0.174,238.68,4.02,4.1,0.3,2.5
07/09/2026,04:26:00,1.034,0.227,237.92,4.32,5.7,2.1,6.1
07/09/2026,04:27:00,0.854,0.216,238.53,3.52,6.8,1.5,6.6
07/09/2026,04:28:00,1.024,0.248,239.59,4.4,2.6,0.2,8.8
07/09/2026,04:29:00,1.036,0.189,239.82,4.34,5.5,2.1,8.5
07/09/2026,04:30:00,0.913,0.242,239.11,3.84,2.8,1.3,1.9
07/09/2026,04:31:00,0.92,0.253,238.57,3.47,4.5,0.0,1.0
07/09/2026,04:32:00,0.97,0.227,240.08,4.15,6.2,0.0,6.6
07/09/2026,04:33:00,1.012,0.196,238.57,4.34,3.6,0.0,6.6
07/09/2026,04:34:00,0.98,0.209,238.19,4.11,2.3,2.2,8.7
07/09/2026,04:35:00,1.029,0.222,239.48,4.42,3.3,0.0,6.3
07/09/2026,04:36:00,1.138,0.243,239.32,4.84,2.3,1.6,4.2
07/09/2026,04:37:00,0.958,0.216,238.62,3.91,2.1,3.6,7.7
07/09/2026,04:38:00,0.864,0.211,239.08,3.58,6.7,1.8,3.1
07/09/2026,04:39:00,1.07,0.226,239.33,4.32,5.4,0.3,9.8
07/09/2026,04:40:00,1.141,0.243,239.16,4.99,3.0,0.0,6.0
07/09/2026,04:41:00,1.04,0.213,239.35,4.49,2.5,0.4,3.8
07/09/2026,04:42:00,0.924,0.202,238.68,3.75,2.6,0.0,3.4
07/09/2026,04:43:00,1.003,0.206,239.41,4.28,3.1,0.0,5.8
07/09/2026,04:44:00,0.926,0.259,239.06,3.92,6.9,0.0,5.2
07/09/2026,04:45:00,1.07,0.265,238.72,4.38,4.4,1.5,5.1
07/09/2026,04:46:00,0.913,0.223,238.89,3.84,8.9,0.1,2.5
07/09/2026,04:47:00,1.0,0.253,239.0,4.31,4.6,0.5,5.0
07/09/2026,04:48:00,0.946,0.234,238.06,4.12,3.6,1.4,7.2
07/09/2026,04:49:00,1.039,0.229,238.63,4.71,6.6,1.8,3.7
07/09/2026,04:50:00,1.003,0.183,239.13,4.21,1.5,0.0,6.0
07/09/2026,04:51:00,1.049,0.219,238.15,4.37,5.2,0.0,7.9
07/09/2026,04:52:00,1.04,0.216,238.67,4.44,2.5,0.3,6.8
07/09/2026,04:53:00,0.962,0.187,240.78,3.97,0.6,0.0,2.7
07/09/2026,04:54:00,1.094,0.194,238.32,4.5,4.7,1.9,6.1
07/09/2026,04:55:00,1.043,0.237,238.85,4.23,6.7,0.2,8.6
07/09/2026,04:56:00,0.97,0.225,238.54,3.55,5.5,3.2,6.5
07/09/2026,04:57:00,1.232,0.219,239.05,5.26,5.3,0.2,8.0
07/09/2026,04:58:00,1.094,0.213,238.57,4.34,0.0,1.2,7.6
07/09/2026,04:59:00,1.047,0.255,238.98,4.25,4.9,0.0,2.9
07/09/2026,05:00:00,1.175,0.219,238.65,4.97,5.0,1.5,9.3
07/09/2026,05:01:00,1.212,0.25,239.9,5.01,6.6,1.5,8.2
07/09/2026,05:02:00,1.057,0.222,239.23,4.74,3.3,2.0,4.8
07/09/2026,05:03:00,1.099,0.245,238.47,4.38,7.1,0.7,8.3
07/09/2026,05:04:00,0.996,0.198,239.77,4.49,4.5,2.5,5.1
07/09/2026,05:05:00,1.067,0.23,238.52,4.68,4.9,1.2,5.2
07/09/2026,05:06:00,1.066,0.232,238.1,4.61,6.6,0.0,3.4
07/09/2026,05:07:00,1.1,0.238,239.2,4.81,3.2,0.0,3.1
07/09/2026,05:08:00,1.115,0.236,240.55,4.7,7.3,1.8,5.7
07/09/2026,05:09:00,1.137,0.245,237.94,4.52,3.0,2.5,4.8
07/09/2026,05:10:00,1.115,0.289,238.29,4.75,7.1,0.0,2.1
07/09/2026,05:11:00,1.002,0.284,239.76,3.96,5.4,1.8,6.2
07/09/2026,05:12:00,1.028,0.207,238.79,4.22,5.6,0.0,6.5
07/09/2026,05:13:00,1.063,0.17,239.67,4.42,0.0,0.0,6.1
07/09/2026,05:14:00,1.088,0.245,238.67,4.42,4.8,1.5,6.0
07/09/2026,05:15:00,1.198,0.248,239.36,5.15,5.7,0.0,6.3
07/09/2026,05:16:00,1.025,0.249,240.49,4.23,9.2,2.7,5.8
07/09/2026,05:17:00,1.093,0.238,238.44,4.64,6.1,1.6,6.2
07/09/2026,05:18:00,1.202,0.246,240.0,5.01,4.9,0.0,6.5
07/09/2026,05:19:00,1.105,0.261,239.77,4.63,8.0,1.7,4.1
07/09/2026,05:20:00,1.17,0.272,238.25,4.78,5.4,0.0,2.6
07/09/2026,05:21:00,1.126,0.2,239.7,4.52,8.5,0.9,6.1
07/09/2026,05:22:00,1.162,0.219,239.36,4.83,7.0,2.0,5.7
07/09/2026,05:23:00,1.127,0.233,239.38,4.56,4.8,1.8,6.4
07/09/2026,05:24:00,1.203,0.247,239.56,5.23,8.5,0.7,7.9
07/09/2026,05:25:00,1.03,0.218,239.09,4.1,7.9,0.4,5.3
07/09/2026,05:26:00,1.128,0.246,239.39,5.06,8.5,0.0,5.1
07/09/2026,05:27:00,1.185,0.267,239.52,4.99,6.5,1.1,6.4
07/09/2026,05:28:00,1.209,0.288,239.88,5.05,8.1,1.9,3.2
07/09/2026,05:29:00,1.29,0.269,238.3,5.33,10.8,3.5,5.5
07/09/2026,05:30:00,1.143,0.216,240.28,4.86,7.4,0.3,5.2
07/09/2026,05:31:00,1.297,0.252,238.57,5.41,6.3,2.0,7.3
07/09/2026,05:32:00,1.13,0.234,239.92,4.76,10.2,1.9,4.4
07/09/2026,05:33:00,1.294,0.268,239.45,5.53,8.5,0.2,5.6
07/09/2026,05:34:00,1.257,0.261,238.51,5.37,6.4,1.8,5.1
07/09/2026,05:35:00,1.123,0.286,239.78,4.87,10.8,0.0,0.0
07/09/2026,05:36:00,1.225,0.236,238.76,5.21,5.0,1.2,4.2
07/09/2026,05:37:00,1.201,0.254,240.17,4.86,8.5,0.6,5.4
07/09/2026,05:38:00,1.26,0.31,238.94,4.96,9.9,1.5,3.4
07/09/2026,05:39:00,1.197,0.229,238.39,5.05,9.8,1.6,5.1
07/09/2026,05:40:00,1.195,0.247,240.52,5.0,5.9,0.2,8.3
07/09/2026,05:41:00,1.333,0.236,239.58,5.85,5.3,0.9,7.5
07/09/2026,05:42:00,1.221,0.249,240.07,5.07,8.3,0.7,1.3
07/09/2026,05:43:00,1.299,0.236,238.88,5.5,9.3,0.0,7.1
07/09/2026,05:44:00,1.22,0.273,238.16,5.24,5.8,0.4,6.6
07/09/2026,05:45:00,1.376,0.269,240.66,5.8,8.7,0.1,5.2
07/09/2026,05:46:00,1.193,0.22,239.49,5.11,5.2,0.0,0.2
07/09/2026,05:47:00,1.203,0.265,239.85,4.89,10.3,0.0,7.1
07/09/2026,05:48:00,1.379,0.27,239.97,5.6,7.1,0.6,4.5
07/09/2026,05:49:00,1.227,0.271,239.28,5.08,8.0,1.0,5.9
07/09/2026,05:50:00,1.395,0.239,239.69,5.5,10.2,0.0,3.3
07/09/2026,05:51:00,1.344,0.27,240.65,5.58,10.1,2.5,3.8
07/09/2026,05:52:00,1.265,0.271,239.52,5.18,9.5,1.7,7.5
07/09/2026,05:53:00,1.137,0.226,240.21,4.78,10.7,0.8,9.0
07/09/2026,05:54:00,1.286,0.223,238.16,5.36,9.6,0.0,4.5
07/09/2026,05:55:00,1.3,0.255,240.35,5.26,11.7,0.6,8.7
07/09/2026,05:56:00,1.391,0.298,238.51,6.03,5.5,0.6,4.5
07/09/2026,05:57:00,1.43,0.3,240.29,5.96,8.9,0.0,4.4
07/09/2026,05:58:00,1.253,0.24,239.86,5.35,8.8,0.0,2.3
07/09/2026,05:59:00,1.377,0.233,239.53,5.78,8.7,1.9,6.5
07/09/2026,06:00:00,1.379,0.255,239.54,5.83,10.2,0.5,5.0
07/09/2026,06:01:00,1.409,0.257,239.44,5.68,9.7,2.1,5.1
07/09/2026,06:02:00,1.368,0.275,239.05,5.92,11.0,0.9,4.6
07/09/2026,06:03:00,1.178,0.239,239.49,5.05,7.1,1.9,3.2
07/09/2026,06:04:00,1.327,0.24,241.18,5.5,14.1,1.9,6.8
07/09/2026,06:05:00,1.252,0.278,240.56,5.25,8.8,1.5,5.3
07/09/2026,06:06:00,1.333,0.264,239.05,5.73,10.3,2.5,7.2
07/09/2026,06:07:00,1.433,0.283,239.85,5.92,9.4,1.1,3.3
07/09/2026,06:08:00,1.385,0.223,239.74,5.54,10.0,0.0,5.9
07/09/2026,06:09:00,1.457,0.214,239.58,6.03,8.9,0.0,10.1
07/09/2026,06:10:00,1.398,0.232,238.99,5.87,10.4,0.1,3.8
07/09/2026,06:11:00,1.272,0.241,240.01,5.3,11.2,1.9,4.3
07/09/2026,06:12:00,1.18,0.256,240.3,5.11,5.4,0.4,4.3
07/09/2026,06:13:00,1.399,0.209,239.13,5.71,9.6,1.2,3.1
07/09/2026,06:14:00,1.375,0.305,241.09,5.58,9.6,1.7,9.0
07/09/2026,06:15:00,1.32,0.263,240.79,5.32,15.0,1.2,0.3
07/09/2026,06:16:00,1.267,0.286,240.12,5.34,12.2,0.0,2.7
07/09/2026,06:17:00,1.35,0.24,238.88,5.42,13.6,0.0,6.4
07/09/2026,06:18:00,1.399,0.28,240.03,5.94,11.8,3.3,3.8
07/09/2026,06:19:00,1.473,0.279,239.96,6.0,10.9,1.4,5.3
07/09/2026,06:20:00,1.44,0.293,240.13,5.88,11.5,0.0,5.3
07/09/2026,06:21:00,1.559,0.281,240.89,6.74,13.1,1.1,6.5
07/09/2026,06:22:00,1.353,0.274,239.66,5.83,14.5,3.3,5.6
07/09/2026,06:23:00,1.512,0.309,241.23,6.29,11.7,1.4,4.5
07/09/2026,06:24:00,1.451,0.258,240.09,5.85,9.9,1.1,5.7
07/09/2026,06:25:00,1.508,0.287,239.61,6.6,13.1,0.0,5.0
07/09/2026,06:26:00,1.423,0.224,241.5,5.86,9.6,0.7,9.1
07/09/2026,06:27:00,1.549,0.303,240.41,6.48,12.2,0.0,4.1
07/09/2026,06:28:00,1.493,0.328,239.52,6.37,12.8,0.0,6.6
07/09/2026,06:29:00,1.42,0.239,239.9,5.63,11.3,0.0,7.4
07/09/2026,06:30:00,1.479,0.275,240.3,6.06,9.8,3.3,2.5
07/09/2026,06:31:00,1.466,0.298,239.75,6.11,10.8,2.0,3.0
07/09/2026,06:32:00,1.53,0.284,239.96,6.4,11.1,2.9,9.6
07/09/2026,06:33:00,1.402,0.272,239.3,5.66,9.7,0.0,3.9
07/09/2026,06:34:00,1.5,0.27,238.71,6.33,11.2,1.3,5.4
07/09/2026,06:35:00,1.539,0.274,239.97,6.42,9.1,0.0,5.0
07/09/2026,06:36:00,1.516,0.28,240.0,6.56,13.3,0.0,5.3
07/09/2026,06:37:00,1.626,0.296,240.28,6.92,12.8,1.7,4.6
07/09/2026,06:38:00,1.586,0.261,239.52,6.58,12.8,1.3,5.7
07/09/2026,06:39:00,1.529,0.282,238.99,6.37,11.6,1.5,3.6
07/09/2026,06:40:00,1.552,0.325,239.26,6.64,11.9,0.0,4.9
07/09/2026,06:41:00,1.564,0.277,240.68,6.54,10.8,1.3,1.1
07/09/2026,06:42:00,1.578,0.258,239.49,6.38,13.6,1.6,5.1
07/09/2026,06:43:00,1.405,0.265,239.65,6.18,9.9,0.2,6.1
07/09/2026,06:44:00,1.532,0.266,239.75,6.24,12.9,0.8,7.5
07/09/2026,06:45:00,1.443,0.24,239.54,6.39,11.5,0.0,7.9
07/09/2026,06:46:00,1.669,0.304,239.5,7.03,16.4,0.0,4.6
07/09/2026,06:47:00,1.567,0.27,239.38,6.45,14.0,3.8,7.2
07/09/2026,06:48:00,1.562,0.272,240.98,6.13,13.0,1.4,2.9
07/09/2026,06:49:00,1.654,0.302,240.49,7.0,10.9,0.7,4.3
07/09/2026,06:50:00,1.622,0.256,240.89,6.5,10.4,2.2,9.0
07/09/2026,06:51:00,1.503,0.237,241.04,6.29,14.2,0.0,5.8
07/09/2026,06:52:00,1.593,0.308,238.39,6.97,16.9,1.3,5.9
07/09/2026,06:53:00,1.577,0.241,240.28,6.39,14.2,2.6,5.0
07/09/2026,06:54:00,1.469,0.252,239.64,6.24,13.8,0.0,9.5
07/09/2026,06:55:00,1.558,0.242,240.84,6.35,13.9,0.6,6.6
07/09/2026,06:56:00,1.604,0.28,239.55,6.87,13.8,0.0,8.7
07/09/2026,06:57:00,1.615,0.304,239.34,6.76,14.0,2.3,4.1
07/09/2026,06:58:00,1.51,0.284,239.08,6.31,12.3,1.5,3.3
07/09/2026,06:59:00,1.726,0.367,239.88,7.38,11.8,2.8,3.7
07/09/2026,07:00:00,1.631,0.323,240.74,6.87,14.1,2.3,6.8
07/09/2026,07:01:00,1.648,0.275,240.29,6.74,16.9,0.9,9.1
07/09/2026,07:02:00,1.684,0.272,239.28,7.3,15.5,1.8,7.1
07/09/2026,07:03:00,1.595,0.359,241.63,6.37,11.6,1.8,7.4
07/09/2026,07:04:00,1.701,0.331,240.59,7.11,13.6,2.2,5.9
07/09/2026,07:05:00,1.641,0.312,240.69,6.7,15.6,3.2,2.7
07/09/2026,07:06:00,1.605,0.294,241.05,6.44,17.3,0.0,10.0
07/09/2026,07:07:00,1.729,0.314,239.01,7.06,17.9,0.0,7.1
07/09/2026,07:08:00,1.809,0.28,239.53,7.54,13.9,0.0,6.8
07/09/2026,07:09:00,1.754,0.314,240.75,7.34,16.1,1.9,7.6
07/09/2026,07:10:00,1.775,0.315,239.62,7.57,15.0,1.9,1.9
07/09/2026,07:11:00,1.666,0.277,240.0,7.16,14.3,0.6,4.6
07/09/2026,07:12:00,1.586,0.277,240.15,6.65,14.7,1.0,7.1
07/09/2026,07:13:00,1.839,0.359,239.32,7.62,14.8,0.3,5.4
07/09/2026,07:14:00,1.89,0.324,239.97,8.03,17.0,1.2,5.6
07/09/2026,07:15:00,1.855,0.374,240.87,7.61,11.9,0.5,8.6
07/09/2026,07:16:00,1.711,0.262,240.74,6.87,15.7,3.5,6.1
07/09/2026,07:17:00,1.651,0.285,241.02,6.99,17.9,3.1,11.1
07/09/2026,07:18:00,1.664,0.261,240.96,7.1,17.8,2.3,5.8
07/09/2026,07:19:00,1.62,0.264,240.54,6.61,16.1,1.5,7.7
07/09/2026,07:20:00,1.752,0.29,240.5,7.58,13.5,2.9,7.0
07/09/2026,07:21:00,1.894,0.335,240.45,7.97,16.6,1.6,4.7
07/09/2026,07:22:00,1.76,0.318,239.84,7.4,17.7,1.7,3.7
07/09/2026,07:23:00,1.801,0.299,239.57,7.44,14.1,0.0,6.1
07/09/2026,07:24:00,1.893,0.271,239.82,8.04,15.9,1.8,10.3
07/09/2026,07:25:00,1.756,0.348,240.08,7.08,14.8,0.0,5.2
07/09/2026,07:26:00,1.956,0.328,239.86,8.1,14.0,1.0,7.3
07/09/2026,07:27:00,1.958,0.307,240.61,8.03,14.7,1.7,5.6
07/09/2026,07:28:00,1.793,0.322,240.47,7.26,15.6,0.4,6.7
07/09/2026,07:29:00,1.763,0.317,240.56,7.46,13.5,2.2,8.7
07/09/2026,07:30:00,1.87,0.316,240.59,7.82,13.3,2.9,6.5
07/09/2026,07:31:00,1.791,0.319,241.19,7.55,13.7,0.4,4.9
07/09/2026,07:32:00,1.732,0.279,240.36,7.16,16.2,1.7,9.8
07/09/2026,07:33:00,1.932,0.351,241.08,8.16,12.6,0.0,5.0
07/09/2026,07:34:00,1.931,0.307,240.74,8.03,11.1,0.1,7.8
07/09/2026,07:35:00,1.851,0.307,241.18,7.61,18.3,2.0,3.1
07/09/2026,07:36:00,1.743,0.325,241.53,7.12,13.6,2.5,9.2
07/09/2026,07:37:00,1.75,0.34,240.81,6.97,15.3,0.0,12.1
07/09/2026,07:38:00,1.862,0.363,240.49,7.92,17.5,4.3,6.4
07/09/2026,07:39:00,1.818,0.345,240.49,7.72,12.8,1.0,4.2
07/09/2026,07:40:00,1.835,0.312,240.1,8.08,12.9,1.9,8.2
07/09/2026,07:41:00,1.948,0.295,240.08,8.07,14.5,1.0,6.7
07/09/2026,07:42:00,1.93,0.367,241.08,7.9,17.7,1.3,11.3
07/09/2026,07:43:00,1.986,0.373,239.78,8.03,15.8,3.7,5.3
07/09/2026,07:44:00,1.8,0.299,241.59,7.6,15.8,3.7,3.7
07/09/2026,07:45:00,1.857,0.346,240.36,7.83,15.3,0.0,7.3
07/09/2026,07:46:00,1.949,0.326,242.48,8.27,17.0,1.0,7.9
07/09/2026,07:47:00,1.928,0.369,240.0,7.9,18.8,5.6,5.0
07/09/2026,07:48:00,2.019,0.329,240.67,8.5,21.9,1.2,8.8
07/09/2026,07:49:00,1.934,0.382,240.25,7.97,15.6,2.4,6.9
07/09/2026,07:50:00,2.052,0.366,239.95,8.75,19.0,3.3,6.2
07/09/2026,07:51:00,1.951,0.379,241.26,8.17,17.9,2.9,8.0
07/09/2026,07:52:00,1.997,0.328,239.75,8.09,16.5,0.0,6.2
07/09/2026,07:53:00,1.89,0.337,240.06,7.85,11.5,2.3,5.2
07/09/2026,07:54:00,1.92,0.306,240.95,7.68,15.2,4.2,3.3
07/09/2026,07:55:00,1.996,0.361,241.07,8.1,15.3,1.9,5.5
07/09/2026,07:56:00,2.055,0.369,239.58,8.41,16.7,0.6,12.4
07/09/2026,07:57:00,1.988,0.398,240.97,8.15,15.6,0.6,7.0
07/09/2026,07:58:00,1.926,0.343,240.66,7.96,14.9,1.7,4.7
07/09/2026,07:59:00,2.046,0.364,239.94,8.55,20.1,2.8,9.8
07/09/2026,08:00:00,1.764,0.3,240.03,7.37,18.6,5.7,6.9
07/09/2026,08:01:00,1.829,0.333,239.17,7.64,12.0,1.6,7.7
07/09/2026,08:02:00,2.0,0.331,241.8,8.32,15.4,2.8,7.7
07/09/2026,08:03:00,1.95,0.337,241.32,7.89,17.3,0.0,10.4
07/09/2026,08:04:00,2.0,0.344,239.71,8.36,18.7,0.0,4.2
07/09/2026,08:05:00,1.96,0.326,241.18,8.34,15.1,1.4,10.4
07/09/2026,08:06:00,2.003,0.342,240.23,8.31,15.5,2.7,8.8
07/09/2026,08:07:00,1.895,0.318,241.28,7.93,16.2,2.0,7.4
07/09/2026,08:08:00,2.009,0.332,240.3,8.42,17.3,2.2,5.4
07/09/2026,08:09:00,2.045,0.372,240.4,8.64,12.9,1.8,6.7
07/09/2026,08:10:00,2.066,0.352,240.46,8.63,11.9,2.1,7.4
07/09/2026,08:11:00,2.132,0.365,240.21,9.0,18.4,1.8,11.3
07/09/2026,08:12:00,1.993,0.303,241.66,8.32,13.9,0.5,10.5
07/09/2026,08:13:00,1.998,0.35,241.31,8.38,20.1,0.3,6.5
07/09/2026,08:14:00,1.856,0.336,240.77,7.78,14.1,4.0,11.8
07/09/2026,08:15:00,1.938,0.323,241.42,7.88,15.5,1.2,9.5
07/09/2026,08:16:00,1.967,0.388,239.57,8.03,16.6,2.0,8.5
07/09/2026,08:17:00,2.069,0.291,239.85,8.57,11.5,3.9,6.9
07/09/2026,08:18:00,1.938,0.352,241.05,8.27,21.5,2.0,6.2
07/09/2026,08:19:00,2.052,0.364,241.24,8.48,15.0,3.5,8.7
07/09/2026,08:20:00,1.99,0.352,240.93,8.31,14.1,1.2,8.4
07/09/2026,08:21:00,1.978,0.342,239.42,7.97,13.4,4.4,6.7
07/09/2026,08:22:00,2.014,0.355,240.01,8.42,16.4,2.7,10.1
07/09/2026,08:23:00,1.965,0.357,241.05,8.16,16.2,2.4,8.0
07/09/2026,08:24:00,1.963,0.317,242.46,7.7,13.4,2.2,8.6
07/09/2026,08:25:00,1.863,0.331,241.62,7.75,12.9,3.5,10.0
07/09/2026,08:26:00,1.981,0.333,241.88,7.94,17.7,2.8,9.5
07/09/2026,08:27:00,1.964,0.308,241.02,8.04,14.2,0.0,4.2
07/09/2026,08:28:00,1.963,0.353,241.03,8.29,12.1,2.0,9.4
07/09/2026,08:29:00,2.039,0.331,240.08,8.51,15.2,3.0,7.8
07/09/2026,08:30:00,2.059,0.31,241.47,8.46,14.6,1.3,6.8
07/09/2026,08:31:00,2.026,0.33,240.76,8.34,19.3,2.0,8.0
07/09/2026,08:32:00,2.089,0.331,241.31,8.59,14.3,2.1,7.2
07/09/2026,08:33:00,2.056,0.372,240.85,8.56,14.7,4.7,8.2
07/09/2026,08:34:00,1.988,0.342,241.03,8.07,15.7,3.5,7.9
07/09/2026,08:35:00,1.975,0.372,240.78,8.37,14.1,3.1,9.5
07/09/2026,08:36:00,2.038,0.328,241.01,8.29,16.1,1.2,4.6
07/09/2026,08:37:00,2.06,0.369,241.56,8.27,13.1,1.9,8.4
07/09/2026,08:38:00,2.127,0.426,239.98,9.01,14.6,3.9,7.9
07/09/2026,08:39:00,2.111,0.362,239.82,8.74,15.9,3.7,13.0
07/09/2026,08:40:00,1.973,0.358,241.17,8.19,17.3,1.0,3.8
07/09/2026,08:41:00,2.009,0.358,241.89,8.4,13.8,4.7,10.1
07/09/2026,08:42:00,2.072,0.313,242.07,8.45,13.7,1.7,9.1
07/09/2026,08:43:00,2.104,0.367,240.04,8.79,17.9,3.4,9.8
07/09/2026,08:44:00,2.094,0.359,240.62,8.8,13.7,6.5,7.2
07/09/2026,08:45:00,2.015,0.335,239.87,8.64,14.6,2.4,8.9
07/09/2026,08:46:00,1.92,0.308,240.53,7.9,18.1,3.2,8.5
07/09/2026,08:47:00,1.941,0.35,241.71,7.96,14.8,2.3,16.0
07/09/2026,08:48:00,2.043,0.321,240.92,8.56,14.1,3.2,7.6
07/09/2026,08:49:00,2.049,0.399,240.67,8.54,14.2,4.9,6.6
07/09/2026,08:50:00,1.934,0.335,241.32,7.99,13.0,2.8,12.7
07/09/2026,08:51:00,2.025,0.312,240.39,8.66,15.3,2.7,9.1
07/09/2026,08:52:00,2.072,0.336,242.07,8.31,12.5,4.5,9.5
07/09/2026,08:53:00,1.93,0.325,240.97,7.8,15.8,1.5,10.9
07/09/2026,08:54:00,2.111,0.414,240.69,8.52,14.3,3.3,8.6
07/09/2026,08:55:00,1.992,0.317,241.38,8.43,14.6,2.2,7.5
07/09/2026,08:56:00,2.123,0.352,241.64,8.86,17.6,2.9,8.7
07/09/2026,08:57:00,1.979,0.324,242.1,7.97,11.1,2.1,6.6
07/09/2026,08:58:00,1.94,0.345,240.85,8.04,14.0,1.4,5.3
07/09/2026,08:59:00,1.985,0.325,241.76,8.21,15.2,0.4,6.7
07/09/2026,09:00:00,2.014,0.313,241.08,8.02,12.6,2.7,3.4
07/09/2026,09:01:00,1.991,0.334,240.58,8.3,15.7,3.6,7.8
07/09/2026,09:02:00,2.004,0.333,240.47,8.16,12.6,4.4,7.5
07/09/2026,09:03:00,2.048,0.331,240.26,8.63,14.2,1.7,9.9
07/09/2026,09:04:00,2.007,0.327,240.51,8.17,13.3,3.6,8.9
07/09/2026,09:05:00,2.015,0.371,241.82,8.37,13.8,4.2,8.4
07/09/2026,09:06:00,1.883,0.318,241.54,7.99,13.6,3.9,11.3
07/09/2026,09:07:00,2.051,0.318,240.18,8.69,13.3,3.8,7.8
07/09/2026,09:08:00,2.012,0.33,239.83,8.47,12.3,0.7,6.3
07/09/2026,09:09:00,2.148,0.359,240.28,8.93,11.9,3.4,3.2
07/09/2026,09:10:00,1.943,0.3,240.52,7.85,13.8,3.5,8.8
07/09/2026,09:11:00,1.873,0.365,240.86,7.71,13.2,4.3,8.7
07/09/2026,09:12:00,2.067,0.37,241.9,8.51,11.6,5.4,11.6
07/09/2026,09:13:00,2.044,0.381,240.7,8.45,13.6,3.3,6.9
07/09/2026,09:14:00,1.935,0.342,242.27,7.76,11.9,3.2,10.5
07/09/2026,09:15:00,1.893,0.275,239.92,7.95,15.9,3.9,3.4
07/09/2026,09:16:00,2.138,0.395,240.86,8.7,17.7,3.8,6.1
07/09/2026,09:17:00,2.127,0.334,241.66,9.03,15.4,4.3,9.8
07/09/2026,09:18:00,1.814,0.298,241.7,7.53,15.2,4.5,10.5
07/09/2026,09:19:00,1.976,0.341,240.88,8.35,14.1,3.6,5.3
07/09/2026,09:20:00,2.145,0.392,241.82,9.01,12.0,4.5,7.3
07/09/2026,09:21:00,1.973,0.363,241.7,8.47,8.5,3.6,9.1
07/09/2026,09:22:00,1.971,0.359,240.66,8.22,10.2,2.0,8.8
07/09/2026,09:23:00,1.986,0.331,241.36,8.17,10.8,2.4,10.3
07/09/2026,09:24:00,1.919,0.322,241.64,7.88,14.5,0.9,11.1
07/09/2026,09:25:00,1.871,0.333,240.72,8.0,12.5,6.2,6.3
07/09/2026,09:26:00,2.091,0.348,242.34,8.43,10.6,5.7,10.1
07/09/2026,09:27:00,1.858,0.345,240.58,7.59,8.2,5.4,7.6
07/09/2026,09:28:00,2.024,0.364,241.27,8.43,16.4,3.8,9.9
07/09/2026,09:29:00,2.075,0.364,240.3,8.61,12.8,5.4,8.2
07/09/2026,09:30:00,1.886,0.263,241.25,7.96,13.4,5.3,11.6
07/09/2026,09:31:00,1.928,0.335,240.43,7.82,10.5,2.3,10.5
07/09/2026,09:32:00,2.098,0.349,240.98,8.69,11.2,3.2,7.1
07/09/2026,09:33:00,2.042,0.349,240.08,8.48,10.7,4.9,5.6
07/09/2026,09:34:00,1.949,0.315,241.76,7.9,11.4,3.6,11.9
07/09/2026,09:35:00,2.094,0.318,241.45,8.8,14.9,3.4,7.8
07/09/2026,09:36:00,2.093,0.363,241.97,8.64,8.7,5.4,8.0
07/09/2026,09:37:00,2.017,0.333,240.97,8.35,11.0,3.3,11.0
07/09/2026,09:38:00,1.922,0.345,242.01,7.82,11.7,7.6,7.2
07/09/2026,09:39:00,1.96,0.318,241.25,8.07,10.7,6.5,9.9
07/09/2026,09:40:00,2.015,0.377,241.31,8.2,12.8,4.1,9.5
07/09/2026,09:41:00,1.976,0.362,242.71,8.27,7.3,6.1,9.3
07/09/2026,09:42:00,2.065,0.355,240.9,8.73,14.4,4.7,12.1
07/09/2026,09:43:00,1.866,0.319,242.1,7.96,7.8,4.0,10.5
07/09/2026,09:44:00,1.868,0.345,241.58,7.8,8.2,7.1,11.7
07/09/2026,09:45:00,2.001,0.35,240.85,8.26,9.5,5.1,9.0
07/09/2026,09:46:00,1.946,0.339,240.33,8.03,9.0,3.4,8.0
07/09/2026,09:47:00,1.934,0.358,240.54,8.11,11.1,5.2,11.9
07/09/2026,09:48:00,1.841,0.357,242.05,7.64,10.8,6.8,8.4
07/09/2026,09:49:00,1.983,0.307,242.48,8.15,10.3,4.7,9.9
07/09/2026,09:50:00,1.976,0.311,241.34,8.15,7.2,5.0,10.6
07/09/2026,09:51:00,2.031,0.324,241.38,8.59,9.6,4.3,8.0
07/09/2026,09:52:00,1.983,0.3,241.82,8.14,9.9,5.2,8.0
07/09/2026,09:53:00,1.966,0.334,241.34,8.35,12.2,3.5,9.1
07/09/2026,09:54:00,2.07,0.363,242.06,8.58,10.1,3.8,11.4
07/09/2026,09:55:00,1.869,0.324,241.5,7.69,10.4,4.4,10.5
07/09/2026,09:56:00,2.016,0.329,241.39,8.23,13.4,5.1,6.8
07/09/2026,09:57:00,1.838,0.349,240.81,7.61,7.1,6.3,14.1
07/09/2026,09:58:00,1.904,0.332,240.64,7.99,8.6,4.7,10.7
07/09/2026,09:59:00,1.872,0.333,239.1,7.77,7.0,6.0,8.9
07/09/2026,10:00:00,2.031,0.373,242.18,8.51,12.4,4.4,9.5
07/09/2026,10:01:00,1.962,0.332,241.22,8.07,12.5,5.7,9.3
07/09/2026,10:02:00,1.965,0.387,241.04,8.13,12.1,6.6,9.1
07/09/2026,10:03:00,1.876,0.314,239.96,7.62,10.1,4.9,12.5
07/09/2026,10:04:00,1.939,0.383,240.88,8.13,9.7,5.5,15.2
07/09/2026,10:05:00,1.901,0.304,240.79,7.85,7.9,4.3,8.8
07/09/2026,10:06:00,1.991,0.352,240.78,8.51,10.3,5.9,9.0
07/09/2026,10:07:00,1.88,0.31,241.57,7.89,6.1,1.5,9.8
07/09/2026,10:08:00,2.065,0.376,241.43,8.56,6.0,3.0,7.0
07/09/2026,10:09:00,1.823,0.307,240.4,7.77,7.7,5.9,11.2
07/09/2026,10:10:00,1.891,0.334,240.44,7.93,12.2,3.1,10.5
07/09/2026,10:11:00,2.089,0.334,240.45,8.84,7.3,4.6,10.4
07/09/2026,10:12:00,1.919,0.354,242.63,7.78,7.5,7.1,6.0
07/09/2026,10:13:00,1.847,0.305,242.41,7.69,8.8,6.4,5.1
07/09/2026,10:14:00,1.968,0.378,240.77,8.25,9.9,8.4,9.3
07/09/2026,10:15:00,1.912,0.304,239.99,7.73,10.6,5.4,11.6
07/09/2026,10:16:00,1.882,0.292,241.46,8.02,5.8,5.2,6.2
07/09/2026,10:17:00,1.86,0.347,241.41,7.53,7.7,5.4,12.1
07/09/2026,10:18:00,2.167,0.345,241.6,8.78,8.3,4.2,9.5
07/09/2026,10:19:00,1.925,0.331,241.9,7.53,8.4,5.1,8.4
07/09/2026,10:20:00,1.79,0.307,241.7,7.47,9.4,3.8,10.4
07/09/2026,10:21:00,2.062,0.315,240.61,8.32,9.3,7.0,7.4
07/09/2026,10:22:00,1.99,0.337,241.6,8.16,7.6,6.4,4.7
07/09/2026,10:23:00,1.879,0.357,241.99,7.89,9.8,4.0,12.9
07/09/2026,10:24:00,1.864,0.349,240.89,7.77,9.4,4.7,10.2
07/09/2026,10:25:00,1.991,0.345,241.61,8.15,9.1,6.1,8.7
07/09/2026,10:26:00,1.917,0.358,241.02,7.71,6.2,5.9,9.1
07/09/2026,10:27:00,1.781,0.287,242.8,7.32,8.6,4.2,8.6
07/09/2026,10:28:00,2.077,0.341,240.48,8.76,9.6,5.7,9.6
07/09/2026,10:29:00,1.898,0.338,242.22,7.94,6.1,6.4,10.1
07/09/2026,10:30:00,2.051,0.343,240.25,8.81,7.3,6.4,11.9
07/09/2026,10:31:00,2.033,0.338,242.67,8.28,10.1,7.9,8.9
07/09/2026,10:32:00,1.849,0.292,240.62,7.49,7.7,6.0,8.1
07/09/2026,10:33:00,2.011,0.289,241.56,8.37,6.6,4.1,9.3
07/09/2026,10:34:00,1.875,0.345,240.29,7.83,9.7,4.3,15.9
07/09/2026,10:35:00,1.776,0.319,240.48,7.39,5.7,7.4,10.8
07/09/2026,10:36:00,1.89,0.349,242.06,7.7,3.2,7.9,11.4
07/09/2026,10:37:00,1.955,0.324,242.15,7.68,5.0,5.7,10.0
07/09/2026,10:38:00,1.885,0.308,241.6,7.65,8.8,6.3,14.3
07/09/2026,10:39:00,1.896,0.328,241.96,7.92,7.5,5.9,12.4
07/09/2026,10:40:00,2.011,0.363,242.17,8.35,6.5,5.5,8.3
07/09/2026,10:41:00,1.927,0.325,240.96,8.14,8.4,3.9,10.9
07/09/2026,10:42:00,1.85,0.342,240.47,7.74,6.6,6.5,9.7
07/09/2026,10:43:00,1.972,0.312,241.44,8.28,5.8,8.2,11.5
07/09/2026,10:44:00,1.931,0.328,241.05,8.12,7.8,6.1,12.8
07/09/2026,10:45:00,1.712,0.304,241.72,7.09,5.3,5.5,7.9
07/09/2026,10:46:00,1.947,0.364,241.84,8.05,7.0,5.4,11.4
07/09/2026,10:47:00,1.943,0.338,240.98,7.63,4.4,6.6,8.9
07/09/2026,10:48:00,1.912,0.373,241.95,7.8,3.8,7.5,13.8
07/09/2026,10:49:00,1.98,0.304,241.92,8.09,4.1,6.7,12.8
07/09/2026,10:50:00,1.854,0.326,241.97,7.65,5.7,3.6,6.3
07/09/2026,10:51:00,1.933,0.337,241.18,7.88,4.4,8.3,8.3
07/09/2026,10:52:00,1.78,0.329,242.01,7.5,4.4,7.1,7.8
07/09/2026,10:53:00,1.937,0.312,241.83,7.88,5.3,5.8,10.6
07/09/2026,10:54:00,2.059,0.389,241.92,8.68,5.4,5.4,11.4
07/09/2026,10:55:00,1.822,0.319,242.65,7.37,2.4,5.5,12.5
07/09/2026,10:56:00,1.84,0.294,241.7,7.52,0.4,7.2,10.3
07/09/2026,10:57:00,1.843,0.321,241.05,7.54,6.2,3.5,10.2
07/09/2026,10:58:00,1.909,0.321,240.7,7.85,5.6,6.8,11.5
07/09/2026,10:59:00,1.812,0.387,242.27,7.66,2.6,6.5,17.8
07/09/2026,11:00:00,1.929,0.358,241.73,7.93,6.1,6.5,7.5
07/09/2026,11:01:00,1.962,0.337,242.65,8.04,6.1,4.6,6.7
07/09/2026,11:02:00,1.936,0.33,240.06,7.95,4.6,3.9,9.7
07/09/2026,11:03:00,1.751,0.334,242.12,7.19,9.0,9.1,9.3
07/09/2026,11:04:00,1.97,0.361,241.3,8.2,7.6,6.3,9.3
07/09/2026,11:05:00,1.965,0.263,241.24,8.11,4.2,8.7,10.9
07/09/2026,11:06:00,1.955,0.351,240.95,8.09,4.2,7.4,8.4
07/09/2026,11:07:00,1.917,0.331,242.12,8.07,2.0,6.3,9.6
07/09/2026,11:08:00,1.904,0.296,241.92,7.91,7.3,6.5,10.3
07/09/2026,11:09:00,1.967,0.358,240.69,8.0,5.3,7.6,10.4
07/09/2026,11:10:00,2.037,0.401,241.61,8.42,6.5,7.8,10.7
07/09/2026,11:11:00,1.806,0.331,241.99,7.38,0.5,6.9,10.7
07/09/2026,11:12:00,1.967,0.364,241.62,8.22,6.3,7.7,9.2
07/09/2026,11:13:00,1.873,0.37,242.27,7.75,3.7,7.7,10.5
07/09/2026,11:14:00,1.868,0.303,241.29,7.91,5.8,6.7,11.0
07/09/2026,11:15:00,1.754,0.264,239.92,7.2,5.6,5.5,13.2
07/09/2026,11:16:00,1.853,0.339,241.63,7.64,4.5,6.9,7.8
07/09/2026,11:17:00,1.795,0.309,241.62,7.27,3.1,5.3,11.1
07/09/2026,11:18:00,1.836,0.286,241.71,7.59,5.3,5.8,11.5
07/09/2026,11:19:00,1.784,0.312,242.27,7.13,2.8,6.8,11.5
07/09/2026,11:20:00,1.835,0.338,240.13,7.69,6.5,6.2,11.6
07/09/2026,11:21:00,1.837,0.317,241.33,7.6,2.9,8.0,8.2
07/09/2026,11:22:00,1.875,0.305,240.85,7.81,4.4,5.4,11.5
07/09/2026,11:23:00,1.737,0.303,240.65,7.34,2.8,3.5,11.4
07/09/2026,11:24:00,1.749,0.309,241.45,7.28,4.6,8.0,12.4
07/09/2026,11:25:00,1.893,0.279,241.99,7.63,2.2,6.4,10.8
07/09/2026,11:26:00,1.798,0.312,241.71,7.36,2.6,6.4,10.0
07/09/2026,11:27:00,1.947,0.3,241.02,8.07,8.7,5.3,13.4
07/09/2026,11:28:00,1.877,0.342,241.4,7.73,5.8,3.9,8.5
07/09/2026,11:29:00,1.907,0.29,242.15,7.84,4.8,5.2,8.2
07/09/2026,11:30:00,1.969,0.362,241.98,8.38,5.1,7.0,8.5
07/09/2026,11:31:00,1.83,0.309,241.11,7.61,4.6,6.0,12.0
07/09/2026,11:32:00,1.808,0.303,241.07,7.56,3.8,5.9,9.7
07/09/2026,11:33:00,1.922,0.338,240.3,7.7,5.5,4.1,11.0
07/09/2026,11:34:00,1.891,0.305,241.2,7.95,2.3,8.7,14.3
07/09/2026,11:35:00,1.834,0.327,240.28,8.06,7.1,6.2,8.7
07/09/2026,11:36:00,1.959,0.317,242.95,8.27,4.1,9.3,7.5
07/09/2026,11:37:00,1.829,0.306,240.9,7.53,5.4,6.8,13.1
07/09/2026,11:38:00,1.847,0.332,242.27,7.97,6.9,8.3,9.5
07/09/2026,11:39:00,1.845,0.293,242.77,7.6,4.8,5.4,8.7
07/09/2026,11:40:00,1.767,0.28,241.65,7.36,2.1,4.3,11.1
07/09/2026,11:41:00,1.846,0.328,241.43,7.61,6.2,6.0,10.9
07/09/2026,11:42:00,1.95,0.333,240.57,8.06,7.1,7.0,9.4
07/09/2026,11:43:00,1.872,0.329,241.14,7.43,0.0,7.1,12.6
07/09/2026,11:44:00,1.838,0.329,242.62,7.69,3.4,6.8,9.7
07/09/2026,11:45:00,1.82,0.32,241.74,7.49,4.2,9.2,9.6
07/09/2026,11:46:00,1.858,0.338,241.51,7.67,3.1,6.8,7.3
07/09/2026,11:47:00,1.89,0.329,242.41,7.84,1.1,5.8,6.0
07/09/2026,11:48:00,1.877,0.275,241.98,7.7,1.8,5.9,11.9
07/09/2026,11:49:00,1.8,0.272,241.39,7.5,0.0,5.2,8.5
07/09/2026,11:50:00,1.851,0.37,241.64,7.84,5.4,6.6,11.1
07/09/2026,11:51:00,1.862,0.323,240.95,7.79,6.2,7.6,15.7
07/09/2026,11:52:00,1.741,0.333,241.1,7.2,6.2,8.0,12.5
07/09/2026,11:53:00,1.833,0.311,241.34,7.58,3.4,5.8,11.5
07/09/2026,11:54:00,1.645,0.296,241.88,6.83,3.9,6.1,12.4
07/09/2026,11:55:00,1.855,0.311,240.61,7.58,5.5,5.3,16.2
07/09/2026,11:56:00,1.867,0.386,241.54,7.76,2.9,7.4,7.3
07/09/2026,11:57:00,1.872,0.331,241.21,7.87,1.4,4.6,11.2
07/09/2026,11:58:00,1.779,0.3,240.85,7.4,2.2,5.2,14.7
07/09/2026,11:59:00,1.834,0.279,241.21,7.54,3.6,0.7,12.2
07/09/2026,12:00:00,1.921,0.38,239.85,7.97,1.9,4.6,14.2
07/09/2026,12:01:00,1.918,0.326,240.95,8.06,4.2,5.4,10.1
07/09/2026,12:02:00,1.801,0.335,240.71,7.32,0.5,5.4,8.8
07/09/2026,12:03:00,1.813,0.339,241.28,7.39,2.7,4.4,15.7
07/09/2026,12:04:00,1.888,0.315,239.88,7.63,4.0,4.6,11.7
07/09/2026,12:05:00,1.677,0.318,241.61,6.95,3.5,7.7,13.4
07/09/2026,12:06:00,1.77,0.297,242.11,7.44,1.7,5.0,13.5
07/09/2026,12:07:00,1.9,0.303,241.39,8.07,4.6,3.7,14.4
07/09/2026,12:08:00,1.87,0.353,241.82,7.96,3.7,4.7,12.2
07/09/2026,12:09:00,1.819,0.314,241.11,7.44,0.0,4.7,12.3
07/09/2026,12:10:00,1.667,0.313,240.38,6.97,4.0,5.9,12.7
07/09/2026,12:11:00,1.781,0.324,241.46,7.32,2.2,6.5,10.2
07/09/2026,12:12:00,1.736,0.324,241.94,7.42,2.0,4.2,13.9
07/09/2026,12:13:00,1.808,0.278,240.53,7.71,1.4,6.3,10.3
07/09/2026,12:14:00,1.714,0.291,241.13,7.14,1.0,7.8,14.0
07/09/2026,12:15:00,1.695,0.295,241.28,6.93,3.4,7.2,13.4
07/09/2026,12:16:00,1.61,0.272,243.45,6.1,4.1,6.7,6.8
07/09/2026,12:17:00,1.871,0.335,241.61,7.53,3.3,6.4,13.4
07/09/2026,12:18:00,1.739,0.338,240.11,6.96,4.9,5.5,12.1
07/09/2026,12:19:00,1.781,0.347,239.94,7.21,4.1,7.7,14.6
07/09/2026,12:20:00,1.766,0.303,241.96,7.58,0.0,6.4,15.4
07/09/2026,12:21:00,1.679,0.309,243.18,6.71,1.1,4.8,11.9
07/09/2026,12:22:00,1.661,0.31,241.24,6.73,5.3,5.6,12.4
07/09/2026,12:23:00,1.679,0.317,241.2,6.82,0.4,4.9,8.8
07/09/2026,12:24:00,1.7,0.282,241.74,7.42,0.0,5.6,11.3
07/09/2026,12:25:00,1.785,0.36,240.87,7.4,6.6,7.3,15.3
07/09/2026,12:26:00,1.689,0.326,239.65,7.2,3.5,5.5,11.7
07/09/2026,12:27:00,1.89,0.351,242.15,7.83,1.5,4.7,13.7
07/09/2026,12:28:00,1.83,0.35,240.99,7.3,1.2,7.0,11.6
07/09/2026,12:29:00,1.811,0.331,242.16,7.71,4.1,7.3,11.4
07/09/2026,12:30:00,1.734,0.282,240.89,7.26,3.8,4.6,13.0
07/09/2026,12:31:00,1.862,0.32,241.5,7.69,3.5,7.6,5.3
07/09/2026,12:32:00,1.722,0.265,242.01,7.38,2.5,6.9,12.5
07/09/2026,12:33:00,1.734,0.318,242.16,7.11,0.3,4.9,6.8
07/09/2026,12:34:00,1.748,0.306,241.57,7.21,2.8,7.2,11.5
07/09/2026,12:35:00,1.788,0.314,241.53,7.35,5.0,3.9,9.9
07/09/2026,12:36:00,1.78,0.344,241.84,7.52,1.7,4.9,9.2
07/09/2026,12:37:00,1.689,0.291,241.72,7.11,4.0,4.1,15.0
07/09/2026,12:38:00,1.682,0.296,240.49,7.04,2.0,4.2,14.2
07/09/2026,12:39:00,1.773,0.313,240.5,7.22,4.4,6.6,10.9
07/09/2026,12:40:00,1.777,0.267,239.91,7.35,0.8,5.4,17.0
07/09/2026,12:41:00,1.686,0.296,241.92,6.81,2.8,4.0,13.9
07/09/2026,12:42:00,1.588,0.228,241.11,6.76,3.7,4.6,11.4
07/09/2026,12:43:00,1.696,0.289,241.95,6.77,1.4,4.5,7.6
07/09/2026,12:44:00,1.76,0.333,241.66,7.52,3.5,5.7,11.5
07/09/2026,12:45:00,1.852,0.333,240.67,7.89,2.7,8.3,10.4
07/09/2026,12:46:00,1.609,0.278,241.29,6.53,2.7,5.6,10.7
07/09/2026,12:47:00,1.668,0.301,241.05,6.86,1.4,5.6,12.7
07/09/2026,12:48:00,1.668,0.273,240.94,6.82,4.7,7.3,10.4
07/09/2026,12:49:00,1.805,0.317,242.0,7.53,0.8,4.5,14.7
07/09/2026,12:50:00,1.692,0.376,243.11,7.17,3.3,6.9,10.6
07/09/2026,12:51:00,1.619,0.34,242.13,6.87,1.0,4.6,9.5
07/09/2026,12:52:00,1.734,0.309,241.33,7.12,2.6,4.7,13.2
07/09/2026,12:53:00,1.654,0.303,242.23,7.02,4.0,4.7,11.7
07/09/2026,12:54:00,1.586,0.266,242.54,6.72,2.1,5.0,13.7
07/09/2026,12:55:00,1.61,0.273,240.36,6.67,0.0,4.9,12.2
07/09/2026,12:56:00,1.818,0.327,242.19,7.5,0.0,5.5,8.7
07/09/2026,12:57:00,1.707,0.292,241.87,7.29,0.0,4.5,12.4
07/09/2026,12:58:00,1.682,0.324,242.16,7.11,2.8,5.1,9.8
07/09/2026,12:59:00,1.651,0.337,241.89,7.01,2.7,2.9,12.1
07/09/2026,13:00:00,1.692,0.311,241.16,7.4,2.0,6.0,10.5
07/09/2026,13:01:00,1.688,0.305,242.74,7.04,1.4,6.4,11.3
07/09/2026,13:02:00,1.687,0.26,241.55,7.03,3.1,5.2,11.9
07/09/2026,13:03:00,1.67,0.319,241.0,7.13,0.0,5.8,13.4
07/09/2026,13:04:00,1.727,0.279,241.66,7.45,4.6,3.8,10.6
07/09/2026,13:05:00,1.657,0.288,241.98,6.76,2.8,6.8,5.7
07/09/2026,13:06:00,1.574,0.313,241.36,6.49,0.8,5.0,9.7
07/09/2026,13:07:00,1.601,0.318,241.56,6.47,1.8,2.7,12.1
07/09/2026,13:08:00,1.489,0.267,241.35,6.22,2.4,6.3,14.4
07/09/2026,13:09:00,1.807,0.307,240.82,7.64,0.0,5.6,12.5
07/09/2026,13:10:00,1.711,0.288,240.7,6.97,4.0,7.1,14.0
07/09/2026,13:11:00,1.573,0.259,240.29,6.72,4.6,6.8,12.2
07/09/2026,13:12:00,1.614,0.278,242.33,6.59,2.9,6.4,12.3
07/09/2026,13:13:00,1.583,0.25,241.11,6.49,4.6,5.2,11.3
07/09/2026,13:14:00,1.755,0.328,238.86,7.52,8.0,5.5,14.1
07/09/2026,13:15:00,1.515,0.292,241.53,6.18,0.0,3.1,15.4
07/09/2026,13:16:00,1.635,0.31,241.51,6.56,2.8,4.2,9.7
07/09/2026,13:17:00,1.615,0.27,239.94,6.84,0.0,8.4,12.3
07/09/2026,13:18:00,1.687,0.273,240.66,6.99,5.8,2.2,9.2
07/09/2026,13:19:00,1.61,0.295,240.62,6.87,3.2,4.8,15.5
07/09/2026,13:20:00,1.475,0.279,240.71,6.25,1.3,4.4,12.2
07/09/2026,13:21:00,1.593,0.287,242.08,6.32,2.2,5.5,11.8
07/09/2026,13:22:00,1.532,0.277,241.12,6.55,5.4,4.6,9.3
07/09/2026,13:23:00,1.614,0.336,240.92,6.98,3.6,5.9,11.3
07/09/2026,13:24:00,1.72,0.317,242.0,7.26,3.8,4.3,11.6
07/09/2026,13:25:00,1.463,0.325,241.55,6.22,5.7,5.3,9.5
07/09/2026,13:26:00,1.536,0.316,239.98,6.36,4.6,4.7,12.1
07/09/2026,13:27:00,1.553,0.329,240.77,6.38,4.9,3.8,9.9
07/09/2026,13:28:00,1.564,0.261,241.42,6.51,2.4,3.6,12.8
07/09/2026,13:29:00,1.651,0.313,240.53,7.0,0.0,5.8,9.6
07/09/2026,13:30:00,1.575,0.278,242.6,6.63,2.9,4.9,12.2
07/09/2026,13:31:00,1.62,0.253,241.26,6.65,1.4,5.4,11.4
07/09/2026,13:32:00,1.534,0.321,240.64,6.29,4.3,5.7,12.5
07/09/2026,13:33:00,1.6,0.285,240.38,6.43,0.0,3.4,12.2
07/09/2026,13:34:00,1.641,0.271,241.81,6.88,4.4,3.7,12.0
07/09/2026,13:35:00,1.518,0.272,240.7,6.25,3.1,3.6,10.2
07/09/2026,13:36:00,1.636,0.276,241.42,6.73,3.4,5.3,13.0
07/09/2026,13:37:00,1.576,0.272,240.34,6.82,4.0,4.1,12.5
07/09/2026,13:38:00,1.653,0.293,241.19,6.94,2.7,4.2,13.2
07/09/2026,13:39:00,1.55,0.329,240.69,6.49,2.1,2.5,11.8
07/09/2026,13:40:00,1.594,0.275,240.91,6.74,5.0,4.9,11.4
07/09/2026,13:41:00,1.558,0.328,240.57,6.69,3.9,4.9,9.6
07/09/2026,13:42:00,1.551,0.307,241.84,6.17,4.1,4.5,10.4
07/09/2026,13:43:00,1.577,0.299,240.77,6.47,2.6,4.0,10.8
07/09/2026,13:44:00,1.597,0.31,241.01,6.59,3.0,5.1,13.9
07/09/2026,13:45:00,1.452,0.275,241.03,5.88,2.7,3.7,9.1
07/09/2026,13:46:00,1.664,0.332,242.22,6.83,0.0,5.5,8.9
07/09/2026,13:47:00,1.398,0.282,241.71,5.55,0.0,4.6,11.7
07/09/2026,13:48:00,1.49,0.237,241.64,6.3,2.5,2.0,10.1
07/09/2026,13:49:00,1.535,0.292,239.97,6.32,0.0,3.4,11.0
07/09/2026,13:50:00,1.573,0.308,240.61,6.57,2.6,4.0,10.8
07/09/2026,13:51:00,1.664,0.292,241.9,6.89,1.0,2.7,10.4
07/09/2026,13:52:00,1.387,0.27,240.24,5.86,2.7,4.9,10.1
07/09/2026,13:53:00,1.492,0.264,241.11,5.82,3.2,0.9,9.8
07/09/2026,13:54:00,1.361,0.229,240.3,5.73,0.0,4.5,11.0
07/09/2026,13:55:00,1.531,0.245,240.37,6.33,3.5,4.3,8.6
07/09/2026,13:56:00,1.548,0.247,242.21,6.45,1.9,0.8,13.1
07/09/2026,13:57:00,1.651,0.315,241.53,6.66,0.0,3.5,9.9
07/09/2026,13:58:00,1.532,0.222,241.71,6.4,1.9,2.8,12.8
07/09/2026,13:59:00,1.603,0.276,241.57,6.83,3.6,5.2,10.4
07/09/2026,14:00:00,1.564,0.269,240.91,6.52,2.1,2.2,14.1
07/09/2026,14:01:00,1.481,0.271,240.52,6.05,1.9,4.3,11.9
07/09/2026,14:02:00,1.401,0.222,240.72,5.72,3.2,4.6,9.4
07/09/2026,14:03:00,1.533,0.294,240.86,6.45,1.9,2.7,17.3
07/09/2026,14:04:00,1.39,0.235,242.23,5.82,2.4,4.9,10.9
07/09/2026,14:05:00,1.611,0.322,240.05,6.76,0.3,2.6,10.6
07/09/2026,14:06:00,1.492,0.264,240.59,6.2,1.9,4.9,10.7
07/09/2026,14:07:00,1.599,0.289,240.33,6.68,6.7,6.5,12.7
07/09/2026,14:08:00,1.463,0.276,241.7,6.04,3.3,4.3,8.6
07/09/2026,14:09:00,1.521,0.289,242.25,6.22,3.5,3.9,12.1
07/09/2026,14:10:00,1.514,0.283,241.16,6.39,1.7,2.4,8.1
07/09/2026,14:11:00,1.492,0.268,241.22,6.23,2.2,5.5,11.6
07/09/2026,14:12:00,1.459,0.284,241.0,6.25,2.5,4.2,14.3
07/09/2026,14:13:00,1.523,0.294,241.24,6.48,4.7,2.4,10.6
07/09/2026,14:14:00,1.416,0.251,241.46,5.91,5.4,4.9,13.8
07/09/2026,14:15:00,1.392,0.278,241.21,5.86,2.1,3.1,8.1
07/09/2026,14:16:00,1.586,0.32,241.26,6.43,3.0,3.8,10.4
07/09/2026,14:17:00,1.543,0.303,241.45,6.38,2.6,2.4,9.1
07/09/2026,14:18:00,1.489,0.302,239.65,6.26,4.6,1.6,16.0
07/09/2026,14:19:00,1.615,0.298,240.89,6.47,4.0,1.7,10.9
07/09/2026,14:20:00,1.459,0.252,241.1,6.12,2.9,2.3,10.4
07/09/2026,14:21:00,1.584,0.27,241.17,6.43,5.1,3.5,11.2
07/09/2026,14:22:00,1.491,0.287,240.75,6.07,4.1,2.4,11.8
07/09/2026,14:23:00,1.394,0.291,240.98,5.7,1.6,1.7,11.0
07/09/2026,14:24:00,1.622,0.364,240.35,6.74,3.1,1.5,9.2
07/09/2026,14:25:00,1.552,0.311,239.61,6.28,2.8,4.3,14.8
07/09/2026,14:26:00,1.462,0.246,241.53,6.18,1.2,2.5,14.2
07/09/2026,14:27:00,1.528,0.264,240.04,6.39,2.7,0.1,12.5
07/09/2026,14:28:00,1.436,0.329,240.72,6.26,5.5,2.6,12.4
07/09/2026,14:29:00,1.534,0.279,240.3,6.43,5.4,2.1,12.3
07/09/2026,14:30:00,1.275,0.254,241.93,5.35,5.0,2.9,10.8
07/09/2026,14:31:00,1.383,0.242,240.75,5.62,4.8,1.8,10.6
07/09/2026,14:32:00,1.542,0.324,240.58,6.23,3.7,4.2,15.3
07/09/2026,14:33:00,1.442,0.286,241.32,6.07,2.1,2.3,13.2
07/09/2026,14:34:00,1.478,0.258,242.3,5.94,4.4,2.2,8.9
07/09/2026,14:35:00,1.352,0.237,241.06,5.71,0.0,2.1,10.8
07/09/2026,14:36:00,1.607,0.301,240.51,6.94,2.0,3.1,12.9
07/09/2026,14:37:00,1.553,0.288,241.25,6.58,5.5,2.9,12.6
07/09/2026,14:38:00,1.441,0.294,239.66,6.1,2.4,1.9,13.0
07/09/2026,14:39:00,1.424,0.285,240.78,5.95,4.6,2.4,8.6
07/09/2026,14:40:00,1.538,0.278,242.14,6.29,2.7,2.0,12.5
07/09/2026,14:41:00,1.613,0.28,240.85,6.68,4.5,3.5,14.3
07/09/2026,14:42:00,1.53,0.28,240.8,6.27,0.3,0.7,8.5
07/09/2026,14:43:00,1.626,0.281,240.74,6.56,6.0,1.9,15.7
07/09/2026,14:44:00,1.378,0.262,240.44,5.74,1.2,2.0,12.6
07/09/2026,14:45:00,1.386,0.267,240.93,5.92,0.7,4.1,12.1
07/09/2026,14:46:00,1.356,0.24,241.24,5.43,5.9,3.8,9.7
07/09/2026,14:47:00,1.485,0.294,240.46,6.39,3.5,2.7,10.4
07/09/2026,14:48:00,1.463,0.266,238.94,6.31,2.9,0.9,11.0
07/09/2026,14:49:00,1.437,0.251,241.0,6.02,6.7,2.3,8.7
07/09/2026,14:50:00,1.513,0.273,242.16,6.31,5.0,4.6,11.2
07/09/2026,14:51:00,1.547,0.292,240.4,6.41,2.7,2.0,9.9
07/09/2026,14:52:00,1.325,0.261,239.62,5.54,3.3,2.3,13.4
07/09/2026,14:53:00,1.399,0.278,241.12,5.73,5.8,2.4,5.2
07/09/2026,14:54:00,1.512,0.304,241.86,6.26,1.7,1.0,11.3
07/09/2026,14:55:00,1.409,0.302,241.0,5.87,6.6,1.0,9.7
07/09/2026,14:56:00,1.382,0.273,241.83,6.0,2.8,1.0,11.9
07/09/2026,14:57:00,1.528,0.257,241.17,6.42,2.0,1.7,17.0
07/09/2026,14:58:00,1.343,0.254,241.1,5.54,5.9,2.6,15.6
07/09/2026,14:59:00,1.422,0.246,240.24,5.9,5.2,2.2,10.8
07/09/2026,15:00:00,1.472,0.319,240.79,6.01,0.2,2.6,11.5
07/09/2026,15:01:00,1.4,0.318,240.57,5.74,3.6,4.8,10.0
07/09/2026,15:02:00,1.509,0.297,240.53,6.41,1.6,5.3,11.6
07/09/2026,15:03:00,1.4,0.29,240.39,5.75,5.5,2.1,13.5
07/09/2026,15:04:00,1.559,0.293,240.72,6.38,7.3,3.1,9.0
07/09/2026,15:05:00,1.436,0.281,239.65,5.9,5.0,2.8,15.3
07/09/2026,15:06:00,1.5,0.24,241.12,6.11,2.4,3.3,13.9
07/09/2026,15:07:00,1.506,0.279,239.93,6.45,5.7,3.2,13.8
07/09/2026,15:08:00,1.397,0.246,240.36,5.83,3.9,1.2,12.8
07/09/2026,15:09:00,1.283,0.261,240.76,5.29,3.9,4.4,9.9
07/09/2026,15:10:00,1.477,0.276,239.87,6.16,3.1,3.8,14.1
07/09/2026,15:11:00,1.454,0.323,239.13,6.11,4.3,3.1,11.2
07/09/2026,15:12:00,1.493,0.302,240.23,6.1,4.0,2.7,8.2
07/09/2026,15:13:00,1.431,0.279,239.49,5.77,0.0,2.3,12.1
07/09/2026,15:14:00,1.416,0.263,240.98,6.07,4.2,2.0,9.4
07/09/2026,15:15:00,1.611,0.335,239.67,6.87,3.9,2.8,10.6
07/09/2026,15:16:00,1.334,0.259,241.51,5.58,4.9,2.1,13.5
07/09/2026,15:17:00,1.511,0.29,240.46,6.42,0.2,2.2,11.7
07/09/2026,15:18:00,1.407,0.27,240.49,6.14,5.3,1.7,11.9
07/09/2026,15:19:00,1.427,0.261,239.06,5.89,4.4,1.5,14.5
07/09/2026,15:20:00,1.429,0.272,240.54,5.77,5.3,4.2,7.0
07/09/2026,15:21:00,1.391,0.218,240.37,5.89,1.1,1.9,14.5
07/09/2026,15:22:00,1.502,0.242,239.51,6.05,1.9,1.3,12.3
07/09/2026,15:23:00,1.569,0.297,240.47,6.53,0.7,2.0,11.9
07/09/2026,15:24:00,1.496,0.319,240.13,6.19,4.8,0.2,11.9
07/09/2026,15:25:00,1.468,0.285,240.25,6.21,3.8,3.0,13.4
07/09/2026,15:26:00,1.382,0.248,240.41,5.68,4.2,1.8,14.3
07/09/2026,15:27:00,1.504,0.244,240.05,6.44,1.8,1.3,11.5
07/09/2026,15:28:00,1.636,0.316,240.55,6.69,2.2,1.2,11.8
07/09/2026,15:29:00,1.435,0.258,240.3,6.08,0.0,0.0,13.4
07/09/2026,15:30:00,1.437,0.288,240.69,5.87,2.0,4.1,7.4
07/09/2026,15:31:00,1.423,0.281,239.98,6.01,3.4,2.0,11.9
07/09/2026,15:32:00,1.431,0.284,239.6,5.82,3.5,4.0,13.2
07/09/2026,15:33:00,1.252,0.251,239.84,5.22,4.6,1.3,11.0
07/09/2026,15:34:00,1.505,0.29,241.33,6.44,6.3,2.3,10.3
07/09/2026,15:35:00,1.407,0.266,240.99,5.86,3.5,2.6,11.8
07/09/2026,15:36:00,1.348,0.246,241.16,5.77,5.9,2.3,10.8
07/09/2026,15:37:00,1.539,0.261,241.2,6.37,6.5,1.0,11.6
07/09/2026,15:38:00,1.394,0.208,239.97,5.73,7.3,0.0,11.1
07/09/2026,15:39:00,1.455,0.27,240.49,6.08,6.0,4.5,15.6
07/09/2026,15:40:00,1.601,0.33,240.33,6.76,5.2,0.7,9.7
07/09/2026,15:41:00,1.373,0.283,240.73,5.42,2.9,4.9,14.0
07/09/2026,15:42:00,1.366,0.27,240.06,5.77,5.7,0.8,10.9
07/09/2026,15:43:00,1.512,0.263,240.32,6.15,4.4,3.4,12.9
07/09/2026,15:44:00,1.584,0.315,240.29,6.42,8.0,2.3,13.6
07/09/2026,15:45:00,1.369,0.261,240.61,5.77,5.4,2.4,15.6
07/09/2026,15:46:00,1.53,0.323,240.69,6.56,5.0,0.7,13.1
07/09/2026,15:47:00,1.546,0.261,240.28,6.47,8.2,1.0,11.4
07/09/2026,15:48:00,1.337,0.242,240.3,5.36,4.4,1.0,12.4
07/09/2026,15:49:00,1.568,0.267,240.36,6.42,5.4,1.7,16.5
07/09/2026,15:50:00,1.577,0.252,241.35,6.47,9.5,1.2,12.7
07/09/2026,15:51:00,1.484,0.255,238.97,6.24,6.0,0.8,9.4
07/09/2026,15:52:00,1.612,0.296,239.5,6.72,7.8,0.2,11.5
07/09/2026,15:53:00,1.606,0.275,240.64,6.75,8.6,0.4,11.4
07/09/2026,15:54:00,1.526,0.187,240.35,6.5,4.5,2.0,14.0
07/09/2026,15:55:00,1.484,0.305,240.34,6.23,7.5,0.4,9.7
07/09/2026,15:56:00,1.445,0.231,240.61,6.14,5.1,0.0,11.3
07/09/2026,15:57:00,1.523,0.297,240.29,6.3,9.9,1.4,12.9
07/09/2026,15:58:00,1.575,0.29,239.74,7.06,8.7,0.0,11.8
07/09/2026,15:59:00,1.506,0.334,240.56,6.34,7.4,1.2,12.6
07/09/2026,16:00:00,1.359,0.288,240.13,5.76,8.0,1.3,12.8
07/09/2026,16:01:00,1.64,0.284,239.79,7.1,4.6,2.0,12.9
07/09/2026,16:02:00,1.557,0.269,240.58,6.48,9.5,1.7,10.4
07/09/2026,16:03:00,1.514,0.319,240.54,6.2,4.3,0.0,14.2
07/09/2026,16:04:00,1.617,0.257,240.23,6.93,6.9,1.0,11.3
07/09/2026,16:05:00,1.673,0.306,241.27,7.14,4.7,2.0,12.5
07/09/2026,16:06:00,1.331,0.256,240.99,5.54,7.9,1.7,9.9
07/09/2026,16:07:00,1.593,0.283,240.75,6.88,9.8,0.2,12.6
07/09/2026,16:08:00,1.448,0.283,241.84,5.97,7.2,1.7,13.0
07/09/2026,16:09:00,1.605,0.297,239.93,6.83,7.0,2.4,12.7
07/09/2026,16:10:00,1.579,0.301,239.7,6.82,6.2,0.0,10.9
07/09/2026,16:11:00,1.624,0.298,240.62,6.76,6.7,0.0,15.1
07/09/2026,16:12:00,1.536,0.295,239.83,6.48,5.9,3.5,13.9
07/09/2026,16:13:00,1.43,0.274,240.01,6.11,9.9,1.6,12.4
07/09/2026,16:14:00,1.548,0.269,239.3,6.41,8.2,0.5,12.4
07/09/2026,16:15:00,1.621,0.295,240.41,6.62,6.0,0.5,11.1
07/09/2026,16:16:00,1.673,0.283,238.95,7.2,6.9,1.3,11.4
07/09/2026,16:17:00,1.502,0.261,239.9,6.31,12.6,2.5,16.0
07/09/2026,16:18:00,1.682,0.293,239.95,6.94,7.4,0.0,12.0
07/09/2026,16:19:00,1.552,0.283,239.65,6.49,9.8,0.6,18.9
07/09/2026,16:20:00,1.637,0.297,238.71,6.94,5.8,3.2,10.3
07/09/2026,16:21:00,1.572,0.312,238.7,6.35,8.0,2.2,13.6
07/09/2026,16:22:00,1.632,0.283,239.4,6.92,5.9,2.0,13.4
07/09/2026,16:23:00,1.693,0.308,240.3,7.11,6.1,1.6,13.0
07/09/2026,16:24:00,1.528,0.286,240.11,6.61,8.8,1.5,9.4
07/09/2026,16:25:00,1.576,0.274,239.89,6.54,5.5,0.5,9.9
07/09/2026,16:26:00,1.649,0.3,239.27,7.1,5.0,0.3,13.4
07/09/2026,16:27:00,1.831,0.345,240.12,7.62,8.8,2.1,10.7
07/09/2026,16:28:00,1.575,0.294,238.62,6.62,6.5,0.4,15.7
07/09/2026,16:29:00,1.812,0.323,238.19,7.65,7.0,1.4,12.5
07/09/2026,16:30:00,1.814,0.3,239.69,7.88,4.0,1.2,13.6
07/09/2026,16:31:00,1.65,0.347,239.47,6.71,5.1,3.9,13.0
07/09/2026,16:32:00,1.639,0.28,240.55,6.89,8.2,0.8,12.9
07/09/2026,16:33:00,1.612,0.252,239.95,6.73,7.3,2.5,16.5
07/09/2026,16:34:00,1.667,0.322,240.98,6.91,9.7,1.9,15.5
07/09/2026,16:35:00,1.565,0.285,239.44,6.62,6.1,0.9,13.5
07/09/2026,16:36:00,1.677,0.294,240.15,7.15,7.6,0.0,14.7
07/09/2026,16:37:00,1.807,0.303,239.63,7.62,8.1,0.9,15.8
07/09/2026,16:38:00,1.644,0.344,240.76,7.01,7.7,2.2,11.9
07/09/2026,16:39:00,1.679,0.31,239.64,6.97,9.4,0.0,9.8
07/09/2026,16:40:00,1.567,0.302,240.38,6.51,6.1,2.1,14.5
07/09/2026,16:41:00,1.738,0.313,239.02,7.12,9.3,2.7,16.1
07/09/2026,16:42:00,1.735,0.315,239.47,7.54,10.7,1.1,9.6
07/09/2026,16:43:00,1.724,0.342,239.69,7.17,6.8,2.2,12.0
07/09/2026,16:44:00,1.707,0.299,240.63,7.05,9.3,1.2,12.9
07/09/2026,16:45:00,1.707,0.268,238.2,7.26,9.3,1.7,11.3
07/09/2026,16:46:00,1.776,0.335,239.5,7.58,9.8,2.9,13.1
07/09/2026,16:47:00,1.739,0.321,239.46,7.16,8.7,0.0,11.0
07/09/2026,16:48:00,1.772,0.315,238.26,7.61,11.6,0.0,12.8
07/09/2026,16:49:00,1.77,0.324,239.38,7.35,13.1,2.6,15.1
07/09/2026,16:50:00,1.848,0.312,238.62,7.96,10.2,2.8,9.0
07/09/2026,16:51:00,1.818,0.319,238.06,7.56,9.6,0.0,11.3
07/09/2026,16:52:00,1.785,0.311,239.5,7.56,9.1,3.0,16.7
07/09/2026,16:53:00,1.897,0.313,239.46,7.93,6.5,0.0,11.9
07/09/2026,16:54:00,1.815,0.348,239.49,7.41,6.4,1.8,8.0
07/09/2026,16:55:00,1.892,0.292,239.83,7.67,7.0,1.2,14.1
07/09/2026,16:56:00,1.842,0.38,239.03,7.59,9.9,0.0,13.6
07/09/2026,16:57:00,1.652,0.32,240.89,7.01,9.1,0.1,14.1
07/09/2026,16:58:00,1.91,0.285,239.61,7.68,12.6,0.1,13.9
07/09/2026,16:59:00,1.822,0.313,240.52,7.63,4.6,0.7,16.6
07/09/2026,17:00:00,1.813,0.313,238.44,7.64,9.7,3.5,12.3
07/09/2026,17:01:00,1.846,0.331,239.02,7.47,10.6,2.0,13.7
07/09/2026,17:02:00,1.802,0.292,240.08,7.39,11.6,2.8,13.0
07/09/2026,17:03:00,1.854,0.323,239.43,7.62,10.2,0.5,15.5
07/09/2026,17:04:00,1.795,0.312,238.83,7.52,10.7,1.2,15.7
07/09/2026,17:05:00,1.95,0.316,238.29,8.41,10.4,0.0,14.9
07/09/2026,17:06:00,1.846,0.3,240.08,7.85,11.0,0.5,18.8
07/09/2026,17:07:00,1.831,0.343,240.02,7.57,10.2,0.2,15.3
07/09/2026,17:08:00,1.794,0.273,239.72,7.36,14.5,1.5,16.9
07/09/2026,17:09:00,1.896,0.339,239.2,7.69,11.5,0.0,12.2
07/09/2026,17:10:00,1.896,0.347,238.76,7.88,10.8,0.0,12.7
07/09/2026,17:11:00,1.918,0.325,239.49,7.87,9.0,1.4,18.6
07/09/2026,17:12:00,1.811,0.319,238.6,7.59,9.9,0.8,11.3
07/09/2026,17:13:00,1.772,0.342,238.99,7.42,13.7,0.0,16.0
07/09/2026,17:14:00,1.957,0.317,240.39,8.07,5.8,0.0,17.2
07/09/2026,17:15:00,2.032,0.329,238.2,8.46,10.9,0.0,17.0
07/09/2026,17:16:00,1.838,0.308,239.96,7.56,10.9,1.9,10.9
07/09/2026,17:17:00,2.054,0.376,240.53,8.46,12.0,1.4,13.7
07/09/2026,17:18:00,1.956,0.367,240.04,8.37,11.6,0.0,15.8
07/09/2026,17:19:00,1.94,0.298,239.74,8.17,14.2,0.0,16.1
07/09/2026,17:20:00,1.915,0.355,239.13,8.09,11.4,0.0,14.5
07/09/2026,17:21:00,1.843,0.342,239.0,7.86,11.2,0.4,13.0
07/09/2026,17:22:00,2.04,0.384,237.87,8.71,13.3,1.0,14.0
07/09/2026,17:23:00,1.906,0.338,239.46,8.17,14.5,0.0,13.3
07/09/2026,17:24:00,1.912,0.328,239.14,8.08,12.9,3.7,11.9
07/09/2026,17:25:00,2.061,0.376,238.93,8.66,13.7,1.7,14.1
07/09/2026,17:26:00,1.838,0.338,239.4,7.59,11.3,0.8,18.8
07/09/2026,17:27:00,1.873,0.381,239.45,7.7,12.0,1.0,14.2
07/09/2026,17:28:00,2.001,0.364,238.95,8.51,14.9,0.0,11.5
07/09/2026,17:29:00,2.033,0.348,240.52,8.43,13.0,0.0,14.1
07/09/2026,17:30:00,2.055,0.317,239.89,8.36,11.6,2.6,18.7
07/09/2026,17:31:00,1.999,0.325,240.0,8.02,12.2,3.0,11.4
07/09/2026,17:32:00,2.233,0.332,239.29,9.65,14.3,0.0,15.0
07/09/2026,17:33:00,2.019,0.337,239.71,8.28,14.5,1.5,16.6
07/09/2026,17:34:00,2.026,0.366,238.72,8.38,10.7,2.7,12.5
07/09/2026,17:35:00,1.988,0.338,239.81,8.47,13.2,0.4,15.5
07/09/2026,17:36:00,2.069,0.374,239.19,8.47,12.5,2.8,13.1
07/09/2026,17:37:00,2.115,0.362,238.61,8.94,12.5,1.8,12.4
07/09/2026,17:38:00,2.169,0.35,239.3,9.34,15.4,1.4,16.5
07/09/2026,17:39:00,1.961,0.337,239.11,8.52,12.3,0.5,19.2
07/09/2026,17:40:00,2.067,0.36,240.93,8.51,11.7,1.0,14.4
07/09/2026,17:41:00,2.13,0.359,239.6,8.89,11.3,0.3,16.6
07/09/2026,17:42:00,2.148,0.362,240.4,8.88,12.7,1.2,16.4
07/09/2026,17:43:00,2.109,0.334,240.07,8.78,11.7,1.2,15.7
07/09/2026,17:44:00,2.159,0.348,239.3,9.22,11.5,0.3,13.9
07/09/2026,17:45:00,2.058,0.403,238.96,8.4,11.5,0.0,13.2
07/09/2026,17:46:00,2.255,0.401,238.04,9.57,11.7,0.6,13.7
07/09/2026,17:47:00,2.217,0.329,238.64,9.26,12.0,0.0,15.1
07/09/2026,17:48:00,2.037,0.285,239.71,8.7,14.4,0.0,14.6
07/09/2026,17:49:00,2.066,0.35,239.03,8.84,9.7,0.0,13.0
07/09/2026,17:50:00,2.075,0.371,239.5,8.6,12.3,1.9,15.2
07/09/2026,17:51:00,2.22,0.353,237.8,9.32,13.6,0.0,14.2
07/09/2026,17:52:00,2.07,0.374,239.54,8.78,16.2,0.0,16.9
07/09/2026,17:53:00,2.154,0.36,239.98,9.12,13.5,1.8,14.9
07/09/2026,17:54:00,2.224,0.363,237.96,8.97,13.8,0.0,17.6
07/09/2026,17:55:00,2.189,0.382,239.46,9.28,14.0,0.0,16.3
07/09/2026,17:56:00,2.222,0.353,240.13,9.5,10.6,1.9,14.7
07/09/2026,17:57:00,2.124,0.348,240.36,8.87,15.6,0.7,15.5
07/09/2026,17:58:00,2.264,0.388,238.82,9.62,15.6,0.9,15.6
07/09/2026,17:59:00,2.174,0.36,239.71,9.26,16.1,0.5,16.3
07/09/2026,18:00:00,2.204,0.412,240.16,9.21,19.6,1.4,16.8
07/09/2026,18:01:00,2.256,0.388,239.44,9.55,12.1,1.7,15.0
07/09/2026,18:02:00,2.253,0.386,240.05,9.39,11.8,0.7,15.5
07/09/2026,18:03:00,2.253,0.369,239.12,9.42,16.2,0.0,16.3
07/09/2026,18:04:00,2.199,0.386,239.41,9.08,14.2,1.2,9.6
07/09/2026,18:05:00,2.242,0.361,238.69,9.42,13.0,0.4,17.4
07/09/2026,18:06:00,2.273,0.38,239.01,9.79,14.5,1.9,14.1
07/09/2026,18:07:00,2.17,0.337,239.42,8.93,13.9,0.0,15.6
07/09/2026,18:08:00,2.25,0.396,238.62,9.52,18.7,0.4,14.7
07/09/2026,18:09:00,2.325,0.386,238.94,9.78,19.8,0.0,17.9
07/09/2026,18:10:00,2.198,0.413,239.63,9.4,12.1,1.8,18.6
07/09/2026,18:11:00,2.4,0.448,240.52,10.23,12.5,2.4,16.1
07/09/2026,18:12:00,2.416,0.409,237.65,10.03,14.0,0.2,16.2
07/09/2026,18:13:00,2.222,0.368,240.46,9.15,14.3,0.6,16.3
07/09/2026,18:14:00,2.437,0.369,238.89,10.12,14.2,0.0,16.4
07/09/2026,18:15:00,2.323,0.401,239.74,9.62,15.4,0.0,18.7
07/09/2026,18:16:00,2.375,0.39,239.87,9.84,15.0,1.7,23.1
07/09/2026,18:17:00,2.309,0.39,240.14,9.67,13.3,0.2,16.2
07/09/2026,18:18:00,2.429,0.435,238.53,10.06,14.0,1.4,17.8
07/09/2026,18:19:00,2.394,0.367,238.88,9.92,19.2,0.8,14.7
07/09/2026,18:20:00,2.303,0.353,238.99,9.52,15.5,1.8,15.0
07/09/2026,18:21:00,2.282,0.368,238.77,9.63,15.5,0.3,14.4
07/09/2026,18:22:00,2.265,0.392,239.94,9.43,13.3,2.2,19.6
07/09/2026,18:23:00,2.403,0.402,238.96,10.02,15.5,3.3,18.3
07/09/2026,18:24:00,2.44,0.37,237.87,10.13,18.4,0.0,15.9
07/09/2026,18:25:00,2.453,0.413,238.55,10.04,17.8,0.7,17.2
07/09/2026,18:26:00,2.398,0.358,237.89,10.33,18.3,0.7,18.5
07/09/2026,18:27:00,2.321,0.358,238.83,9.68,14.3,0.0,19.5
07/09/2026,18:28:00,2.366,0.381,239.45,10.29,14.4,1.3,17.8
07/09/2026,18:29:00,2.519,0.388,238.51,10.68,19.2,2.3,17.1
07/09/2026,18:30:00,2.394,0.41,238.68,10.3,18.6,0.0,19.8
07/09/2026,18:31:00,2.451,0.401,238.77,10.41,16.5,0.0,14.5
07/09/2026,18:32:00,2.359,0.427,239.05,9.89,18.8,3.0,12.7
07/09/2026,18:33:00,2.478,0.391,239.31,10.27,14.8,0.5,19.8
07/09/2026,18:34:00,2.421,0.387,239.51,9.96,14.8,0.9,16.0
07/09/2026,18:35:00,2.547,0.436,240.52,10.76,14.1,0.0,20.0
07/09/2026,18:36:00,2.531,0.401,239.02,10.63,18.2,0.9,21.3
07/09/2026,18:37:00,2.436,0.43,239.44,10.26,17.9,2.6,21.2
07/09/2026,18:38:00,2.471,0.41,237.81,10.51,16.5,1.5,10.5
07/09/2026,18:39:00,2.443,0.334,238.65,10.29,16.1,1.1,18.9
07/09/2026,18:40:00,2.379,0.415,238.72,9.9,22.5,0.0,16.1
07/09/2026,18:41:00,2.43,0.414,238.19,10.35,17.3,1.8,15.8
07/09/2026,18:42:00,2.52,0.426,238.52,10.53,20.6,0.8,18.1
07/09/2026,18:43:00,2.536,0.356,238.82,10.63,17.6,0.0,15.9
07/09/2026,18:44:00,2.527,0.387,238.53,10.7,17.0,1.6,18.9
07/09/2026,18:45:00,2.496,0.385,240.7,10.36,20.9,0.0,20.2
07/09/2026,18:46:00,2.6,0.391,239.23,10.6,19.7,1.5,16.9
07/09/2026,18:47:00,2.536,0.448,240.27,10.71,18.1,2.4,18.1
07/09/2026,18:48:00,2.593,0.411,239.91,11.0,20.5,1.0,16.4
07/09/2026,18:49:00,2.4,0.387,238.41,9.79,23.4,0.3,18.4
07/09/2026,18:50:00,2.233,0.382,238.88,9.19,16.9,0.1,20.5
07/09/2026,18:51:00,2.574,0.423,238.54,11.1,19.4,1.3,18.3
07/09/2026,18:52:00,2.443,0.31,238.73,10.27,17.7,0.2,17.2
07/09/2026,18:53:00,2.545,0.389,238.15,10.69,16.7,3.9,20.3
07/09/2026,18:54:00,2.542,0.37,238.52,10.59,16.7,0.0,16.6
07/09/2026,18:55:00,2.698,0.434,239.08,11.13,21.9,0.6,16.7
07/09/2026,18:56:00,2.608,0.406,239.05,10.88,15.1,1.2,16.1
07/09/2026,18:57:00,2.594,0.412,238.99,11.0,19.8,1.0,14.1
07/09/2026,18:58:00,2.652,0.366,238.77,11.1,17.2,0.1,15.7
07/09/2026,18:59:00,2.619,0.407,239.41,11.03,22.5,2.4,17.7
07/09/2026,19:00:00,2.557,0.435,238.62,10.98,18.4,1.7,18.1
07/09/2026,19:01:00,2.686,0.458,239.77,11.11,18.3,1.8,15.5
07/09/2026,19:02:00,2.517,0.42,237.5,10.64,22.2,0.0,16.5
07/09/2026,19:03:00,2.637,0.383,239.25,11.17,20.9,0.3,13.5
07/09/2026,19:04:00,2.493,0.431,239.12,10.29,20.3,1.4,22.5
07/09/2026,19:05:00,2.639,0.435,238.3,11.1,20.9,0.0,21.0
07/09/2026,19:06:00,2.643,0.414,238.52,11.36,17.2,1.7,16.2
07/09/2026,19:07:00,2.767,0.381,239.09,11.52,20.9,0.7,18.2
07/09/2026,19:08:00,2.513,0.425,239.4,10.66,19.0,2.2,16.0
07/09/2026,19:09:00,2.596,0.397,237.53,10.91,20.2,0.2,20.2
07/09/2026,19:10:00,2.715,0.434,239.19,11.62,20.5,3.2,19.4
07/09/2026,19:11:00,2.681,0.423,238.43,11.0,17.4,1.3,15.1
07/09/2026,19:12:00,2.673,0.459,239.53,11.17,20.8,1.5,15.9
07/09/2026,19:13:00,2.587,0.407,237.45,10.67,19.3,0.0,17.9
07/09/2026,19:14:00,2.621,0.414,240.45,10.8,17.2,1.1,21.2
07/09/2026,19:15:00,2.773,0.472,238.11,11.54,19.5,0.1,17.3
07/09/2026,19:16:00,2.673,0.404,239.73,11.11,19.8,0.0,21.0
07/09/2026,19:17:00,2.712,0.446,238.67,11.19,21.0,0.5,18.9
07/09/2026,19:18:00,2.677,0.416,238.14,11.23,15.1,2.3,16.4
07/09/2026,19:19:00,2.596,0.386,238.9,10.94,20.7,0.7,17.3
07/09/2026,19:20:00,2.77,0.432,239.43,11.34,19.0,0.4,19.7
07/09/2026,19:21:00,2.739,0.446,237.62,11.43,21.6,0.4,20.2
07/09/2026,19:22:00,2.888,0.48,239.19,12.45,20.0,3.7,20.4
07/09/2026,19:23:00,2.626,0.452,238.69,11.05,19.4,1.6,18.9
07/09/2026,19:24:00,2.777,0.426,239.1,11.34,19.8,0.0,19.4
07/09/2026,19:25:00,2.61,0.388,238.7,10.72,20.8,0.1,23.4
07/09/2026,19:26:00,2.731,0.42,238.28,11.49,22.0,0.3,23.8
07/09/2026,19:27:00,2.8,0.406,237.9,11.78,18.5,0.0,18.6
07/09/2026,19:28:00,2.559,0.402,239.15,10.61,19.6,0.9,14.6
07/09/2026,19:29:00,2.712,0.417,239.14,11.67,23.2,0.1,18.8
07/09/2026,19:30:00,2.687,0.441,239.13,11.63,19.6,0.1,18.8
07/09/2026,19:31:00,2.679,0.366,238.96,11.17,21.1,1.0,15.8
07/09/2026,19:32:00,2.769,0.414,239.32,11.7,17.9,0.0,18.9
07/09/2026,19:33:00,2.83,0.422,239.64,11.95,17.0,0.0,16.3
07/09/2026,19:34:00,2.733,0.458,237.34,11.67,18.4,2.4,19.5
07/09/2026,19:35:00,2.763,0.404,237.01,11.56,19.1,1.9,20.0
07/09/2026,19:36:00,2.758,0.437,239.85,11.79,22.6,1.3,19.8
07/09/2026,19:37:00,2.752,0.427,237.7,11.57,22.8,1.2,20.9
07/09/2026,19:38:00,2.667,0.446,237.88,11.27,16.7,0.6,19.7
07/09/2026,19:39:00,2.845,0.456,238.43,11.93,19.5,4.7,20.5
07/09/2026,19:40:00,2.782,0.437,237.47,11.69,22.0,1.1,21.6
07/09/2026,19:41:00,2.792,0.421,238.36,11.76,20.4,4.2,17.8
07/09/2026,19:42:00,2.698,0.377,237.96,11.16,23.6,3.5,18.5
07/09/2026,19:43:00,2.728,0.433,238.46,11.14,22.0,1.4,18.0
07/09/2026,19:44:00,2.752,0.444,238.81,11.49,20.1,0.5,17.2
07/09/2026,19:45:00,2.645,0.378,238.37,10.96,20.3,0.8,18.2
07/09/2026,19:46:00,2.634,0.385,238.34,11.14,20.6,0.3,20.7
07/09/2026,19:47:00,2.723,0.433,238.79,11.47,19.0,1.4,20.4
07/09/2026,19:48:00,2.814,0.446,239.34,11.76,22.6,1.7,15.1
07/09/2026,19:49:00,2.721,0.402,239.72,11.57,22.2,0.0,22.6
07/09/2026,19:50:00,2.693,0.409,238.45,11.29,21.7,4.2,20.7
07/09/2026,19:51:00,2.711,0.379,239.87,11.08,21.2,0.0,19.4
07/09/2026,19:52:00,2.74,0.463,239.21,11.42,18.7,0.0,15.8
07/09/2026,19:53:00,2.749,0.397,237.73,11.74,21.8,0.7,16.3
07/09/2026,19:54:00,2.951,0.468,237.71,12.13,21.0,0.0,22.2
07/09/2026,19:55:00,2.863,0.443,238.18,12.01,24.8,0.7,21.1
07/09/2026,19:56:00,2.861,0.476,239.59,12.03,18.2,0.9,21.4
07/09/2026,19:57:00,2.873,0.425,238.23,12.46,19.3,1.4,18.6
07/09/2026,19:58:00,2.7,0.426,237.25,11.56,17.6,2.1,21.8
07/09/2026,19:59:00,2.682,0.379,238.41,11.27,20.4,0.0,15.9
07/09/2026,20:00:00,2.692,0.375,237.19,11.43,17.3,0.3,16.2
07/09/2026,20:01:00,2.887,0.461,237.83,11.85,23.2,1.7,21.1
07/09/2026,20:02:00,2.736,0.384,238.16,11.33,23.0,0.0,16.9
07/09/2026,20:03:00,2.679,0.416,238.67,11.32,20.5,0.0,18.8
07/09/2026,20:04:00,2.745,0.455,239.28,11.49,18.8,1.6,15.0
07/09/2026,20:05:00,2.76,0.45,239.05,11.59,17.7,0.1,12.6
07/09/2026,20:06:00,2.8,0.419,237.73,11.78,19.4,0.0,16.6
07/09/2026,20:07:00,2.797,0.396,238.3,11.74,22.0,1.0,18.0
07/09/2026,20:08:00,2.71,0.438,238.61,11.37,19.2,0.8,16.8
07/09/2026,20:09:00,2.83,0.473,238.37,11.72,24.6,2.1,20.2
07/09/2026,20:10:00,2.723,0.41,238.36,11.39,23.7,0.0,21.1
07/09/2026,20:11:00,2.761,0.411,237.34,11.45,20.7,3.7,20.2
07/09/2026,20:12:00,2.827,0.426,237.74,11.8,19.8,0.0,16.3
07/09/2026,20:13:00,2.72,0.441,238.26,11.59,19.6,0.3,20.0
07/09/2026,20:14:00,2.724,0.458,236.38,11.5,23.9,0.0,16.1
07/09/2026,20:15:00,2.815,0.407,238.99,11.87,19.4,0.9,22.9
07/09/2026,20:16:00,2.698,0.386,237.58,11.37,22.5,0.8,18.9
07/09/2026,20:17:00,2.734,0.487,239.02,11.38,20.7,1.0,16.9
07/09/2026,20:18:00,2.807,0.432,238.95,11.6,22.1,1.1,18.9
07/09/2026,20:19:00,2.925,0.457,238.15,12.22,19.0,2.5,19.1
07/09/2026,20:20:00,2.807,0.42,239.23,11.76,19.9,1.0,20.3
07/09/2026,20:21:00,2.794,0.448,239.05,11.77,20.5,2.6,14.6
07/09/2026,20:22:00,2.796,0.46,238.31,11.75,19.3,0.0,17.2
07/09/2026,20:23:00,2.666,0.427,238.23,11.29,23.0,0.0,19.8
07/09/2026,20:24:00,2.758,0.474,239.29,11.3,19.0,1.0,20.4
07/09/2026,20:25:00,2.744,0.421,238.68,11.63,19.3,1.2,25.9
07/09/2026,20:26:00,2.769,0.426,239.25,11.41,23.2,0.1,21.7
07/09/2026,20:27:00,2.75,0.436,236.85,11.76,22.7,0.8,17.1
07/09/2026,20:28:00,2.768,0.444,238.59,11.68,23.6,2.2,22.5
07/09/2026,20:29:00,2.71,0.431,237.41,11.13,16.5,1.7,19.9
07/09/2026,20:30:00,2.736,0.396,238.5,11.58,20.7,0.4,21.6
07/09/2026,20:31:00,2.63,0.423,239.01,11.15,20.5,1.1,19.6
07/09/2026,20:32:00,2.699,0.415,239.73,11.45,19.1,1.8,21.7
07/09/2026,20:33:00,2.833,0.425,237.86,11.79,20.9,0.0,20.9
07/09/2026,20:34:00,2.744,0.43,238.14,11.55,19.6,0.0,19.7
07/09/2026,20:35:00,2.713,0.401,238.44,11.48,20.5,2.0,17.5
07/09/2026,20:36:00,2.862,0.415,237.83,12.15,26.9,0.0,17.4
07/09/2026,20:37:00,2.598,0.346,239.19,10.92,20.7,0.0,16.3
07/09/2026,20:38:00,2.614,0.457,238.46,10.9,20.8,0.0,18.2
07/09/2026,20:39:00,2.836,0.454,238.59,12.03,21.7,2.0,20.8
07/09/2026,20:40:00,2.698,0.421,238.94,11.44,20.3,0.0,19.6
07/09/2026,20:41:00,2.671,0.404,238.46,11.18,17.7,1.8,16.6
07/09/2026,20:42:00,2.59,0.339,237.93,10.77,16.6,0.3,20.4
07/09/2026,20:43:00,2.718,0.408,238.46,11.29,19.8,3.1,15.6
07/09/2026,20:44:00,2.721,0.444,237.9,11.64,19.3,1.0,18.9
07/09/2026,20:45:00,2.585,0.434,238.58,10.98,15.8,2.2,21.2
07/09/2026,20:46:00,2.657,0.435,239.2,11.1,23.0,1.4,15.5
07/09/2026,20:47:00,2.636,0.42,237.68,11.06,19.9,0.2,18.4
07/09/2026,20:48:00,2.679,0.454,237.43,11.02,22.5,0.8,16.5
07/09/2026,20:49:00,2.564,0.399,238.54,10.74,15.1,0.8,21.6
07/09/2026,20:50:00,2.749,0.457,237.96,11.37,22.4,0.2,22.9
07/09/2026,20:51:00,2.717,0.416,238.52,11.41,18.5,2.0,19.2
07/09/2026,20:52:00,2.609,0.391,238.72,11.11,21.9,4.1,19.8
07/09/2026,20:53:00,2.616,0.389,237.0,10.89,19.8,1.0,20.9
07/09/2026,20:54:00,2.617,0.387,238.98,10.98,20.2,1.7,19.5
07/09/2026,20:55:00,2.56,0.424,237.68,10.92,20.2,1.5,16.0
07/09/2026,20:56:00,2.581,0.391,238.48,10.86,18.4,0.0,16.8
07/09/2026,20:57:00,2.589,0.385,238.04,10.8,17.9,1.4,16.7
07/09/2026,20:58:00,2.734,0.446,238.11,11.48,18.4,1.4,13.8
07/09/2026,20:59:00,2.675,0.429,239.69,11.3,16.1,0.0,19.8
07/09/2026,21:00:00,2.668,0.444,238.72,11.22,18.0,0.0,14.8
07/09/2026,21:01:00,2.617,0.427,239.13,10.94,17.5,1.4,19.4
07/09/2026,21:02:00,2.492,0.38,238.61,10.62,15.9,2.9,15.9
07/09/2026,21:03:00,2.572,0.411,238.94,10.84,19.7,0.3,17.0
07/09/2026,21:04:00,2.647,0.421,238.79,10.9,18.8,0.4,18.6
07/09/2026,21:05:00,2.462,0.373,238.68,10.41,19.2,3.8,20.7
07/09/2026,21:06:00,2.608,0.385,239.28,11.04,20.0,2.0,19.2
07/09/2026,21:07:00,2.736,0.411,238.61,11.28,18.1,0.0,17.0
07/09/2026,21:08:00,2.629,0.466,240.1,10.61,16.6,0.0,17.1
07/09/2026,21:09:00,2.65,0.408,239.18,10.93,19.1,3.6,14.6
07/09/2026,21:10:00,2.548,0.437,237.71,10.7,12.5,0.0,18.5
07/09/2026,21:11:00,2.602,0.4,238.38,11.06,18.1,0.1,16.9
07/09/2026,21:12:00,2.46,0.417,238.78,10.17,19.8,1.7,15.0
07/09/2026,21:13:00,2.574,0.431,238.54,10.88,20.3,0.5,18.7
07/09/2026,21:14:00,2.556,0.431,238.99,10.26,17.1,1.4,20.1
07/09/2026,21:15:00,2.52,0.412,239.07,10.57,13.6,1.2,16.5
07/09/2026,21:16:00,2.595,0.446,237.56,10.86,12.7,0.6,15.6
07/09/2026,21:17:00,2.44,0.402,239.41,10.51,19.2,2.4,15.5
07/09/2026,21:18:00,2.461,0.438,238.16,10.05,17.1,0.0,17.6
07/09/2026,21:19:00,2.476,0.357,238.1,10.4,21.8,1.0,14.1
07/09/2026,21:20:00,2.379,0.394,238.09,9.71,14.9,0.0,16.8
07/09/2026,21:21:00,2.472,0.404,239.08,10.26,18.3,2.9,15.7
07/09/2026,21:22:00,2.309,0.354,238.33,9.43,20.9,0.6,17.6
07/09/2026,21:23:00,2.523,0.417,238.05,10.94,17.9,3.3,17.8
07/09/2026,21:24:00,2.435,0.355,238.22,10.17,14.2,0.3,14.0
07/09/2026,21:25:00,2.383,0.37,237.26,10.01,22.9,0.9,17.8
07/09/2026,21:26:00,2.35,0.332,237.93,9.87,20.4,2.2,17.3
07/09/2026,21:27:00,2.39,0.426,237.65,9.89,16.8,0.0,15.8
07/09/2026,21:28:00,2.456,0.389,238.34,10.47,18.8,2.8,15.3
07/09/2026,21:29:00,2.438,0.447,238.99,10.3,18.7,0.8,15.2
07/09/2026,21:30:00,2.329,0.4,238.91,9.89,18.3,1.3,15.7
07/09/2026,21:31:00,2.31,0.388,239.41,9.47,14.1,1.5,14.0
07/09/2026,21:32:00,2.423,0.376,239.25,10.3,17.5,0.7,14.5
07/09/2026,21:33:00,2.305,0.35,238.16,9.83,19.7,0.0,16.4
07/09/2026,21:34:00,2.359,0.396,238.55,9.86,17.7,0.9,14.6
07/09/2026,21:35:00,2.356,0.381,238.51,10.01,17.4,0.0,17.8
07/09/2026,21:36:00,2.363,0.35,237.03,10.01,15.5,0.0,15.5
07/09/2026,21:37:00,2.399,0.35,237.69,9.85,14.6,0.6,14.7
07/09/2026,21:38:00,2.221,0.343,238.42,9.29,13.2,2.8,16.4
07/09/2026,21:39:00,2.161,0.405,238.42,8.99,17.8,2.8,14.7
07/09/2026,21:40:00,2.261,0.427,238.9,9.48,15.8,2.1,13.8
07/09/2026,21:41:00,2.442,0.398,238.87,10.38,13.4,0.0,14.7
07/09/2026,21:42:00,2.451,0.398,237.31,10.08,18.0,1.2,10.9
07/09/2026,21:43:00,2.428,0.383,238.91,10.1,14.8,0.0,11.0
07/09/2026,21:44:00,2.258,0.348,238.68,9.34,14.2,0.7,13.3
07/09/2026,21:45:00,2.122,0.389,238.99,8.76,14.8,2.0,12.6
07/09/2026,21:46:00,2.069,0.395,239.3,8.52,15.3,1.7,16.6
07/09/2026,21:47:00,2.199,0.342,238.46,9.23,16.6,2.5,17.9
07/09/2026,21:48:00,2.224,0.365,239.43,9.37,13.8,0.0,15.8
07/09/2026,21:49:00,2.335,0.369,237.94,9.87,17.5,0.0,10.8
07/09/2026,21:50:00,2.292,0.365,237.9,9.66,16.4,2.8,11.8
07/09/2026,21:51:00,2.232,0.398,238.87,9.44,14.3,2.8,15.6
07/09/2026,21:52:00,2.134,0.323,238.31,9.31,14.9,0.8,14.4
07/09/2026,21:53:00,2.12,0.366,238.76,8.9,14.3,0.8,10.7
07/09/2026,21:54:00,2.209,0.383,239.97,9.36,15.2,2.3,12.8
07/09/2026,21:55:00,2.236,0.365,238.86,9.5,18.0,1.5,12.3
07/09/2026,21:56:00,2.203,0.387,238.73,9.49,14.0,1.6,17.8
07/09/2026,21:57:00,2.08,0.353,237.98,8.82,15.2,0.0,16.1
07/09/2026,21:58:00,2.206,0.395,237.4,9.17,13.3,2.3,13.8
07/09/2026,21:59:00,2.18,0.323,238.54,9.18,15.7,0.5,14.9
07/09/2026,22:00:00,2.051,0.337,239.34,8.61,15.1,0.0,14.7
07/09/2026,22:01:00,2.065,0.346,238.37,8.79,17.1,0.0,14.4
07/09/2026,22:02:00,2.175,0.294,238.88,8.97,12.7,0.0,18.2
07/09/2026,22:03:00,2.092,0.324,239.6,8.92,15.7,2.7,17.2
07/09/2026,22:04:00,2.229,0.347,239.59,9.31,16.8,0.0,17.4
07/09/2026,22:05:00,2.134,0.38,238.91,9.06,13.3,1.3,14.7
07/09/2026,22:06:00,2.046,0.328,238.73,8.62,13.8,0.0,13.2
07/09/2026,22:07:00,2.075,0.329,237.55,8.75,14.4,2.0,11.2
07/09/2026,22:08:00,2.072,0.369,238.18,8.74,13.4,0.0,11.6
07/09/2026,22:09:00,2.0,0.3,238.43,8.49,14.2,1.3,16.0
07/09/2026,22:10:00,1.977,0.285,238.03,8.6,15.1,1.3,10.9
07/09/2026,22:11:00,2.097,0.343,238.8,8.48,13.4,1.6,13.3
07/09/2026,22:12:00,2.1,0.316,239.97,8.83,13.3,1.2,10.5
07/09/2026,22:13:00,2.072,0.313,239.7,8.65,14.0,3.3,13.3
07/09/2026,22:14:00,2.136,0.371,238.81,8.92,12.6,1.1,11.1
07/09/2026,22:15:00,1.963,0.357,239.19,7.85,12.6,3.7,14.9
07/09/2026,22:16:00,2.131,0.375,238.14,9.04,11.4,1.6,12.8
07/09/2026,22:17:00,1.917,0.358,239.67,7.98,13.1,1.2,11.5
07/09/2026,22:18:00,1.899,0.359,237.56,7.87,13.9,2.0,11.1
07/09/2026,22:19:00,1.831,0.266,239.3,7.66,12.4,1.1,13.4
07/09/2026,22:20:00,1.927,0.342,239.01,8.02,11.3,1.4,13.2
07/09/2026,22:21:00,1.914,0.316,238.13,7.77,12.6,1.3,11.8
07/09/2026,22:22:00,1.987,0.32,238.52,8.35,13.5,1.1,12.3
07/09/2026,22:23:00,1.956,0.349,237.88,8.31,12.9,3.6,11.8
07/09/2026,22:24:00,1.832,0.277,237.91,7.62,17.0,3.8,8.1
07/09/2026,22:25:00,1.888,0.283,237.57,7.99,11.2,1.2,12.7
07/09/2026,22:26:00,1.881,0.342,239.22,7.88,12.1,2.4,9.3
07/09/2026,22:27:00,1.76,0.323,239.53,7.5,13.9,2.4,10.7
07/09/2026,22:28:00,1.815,0.321,237.18,7.64,10.8,2.2,13.3
07/09/2026,22:29:00,1.823,0.297,239.98,7.72,16.0,1.5,12.0
07/09/2026,22:30:00,1.991,0.358,238.69,8.29,12.1,1.7,15.8
07/09/2026,22:31:00,1.883,0.343,238.91,8.18,13.1,1.5,10.7
07/09/2026,22:32:00,1.912,0.332,237.68,7.98,11.9,0.0,11.5
07/09/2026,22:33:00,1.731,0.278,239.64,7.12,13.8,0.7,12.7
07/09/2026,22:34:00,1.938,0.322,238.86,8.1,9.6,0.0,12.2
07/09/2026,22:35:00,1.938,0.353,239.52,7.98,14.8,1.5,14.5
07/09/2026,22:36:00,1.665,0.333,239.58,6.76,12.0,1.4,13.5
07/09/2026,22:37:00,1.76,0.303,239.66,7.45,12.8,1.7,15.1
07/09/2026,22:38:00,1.848,0.316,238.28,7.3,9.9,0.0,8.4
07/09/2026,22:39:00,1.851,0.318,238.59,7.65,12.0,2.1,13.7
07/09/2026,22:40:00,1.737,0.315,238.32,7.09,9.3,1.4,9.7
07/09/2026,22:41:00,1.759,0.297,239.37,7.37,13.5,3.7,12.8
07/09/2026,22:42:00,1.727,0.235,238.99,6.9,8.5,1.8,11.2
07/09/2026,22:43:00,1.775,0.343,239.51,7.49,11.3,0.0,10.2
07/09/2026,22:44:00,1.854,0.367,239.54,7.84,10.1,0.0,14.2
07/09/2026,22:45:00,1.688,0.287,237.56,6.86,7.7,1.1,7.9
07/09/2026,22:46:00,1.822,0.292,239.72,7.63,8.9,0.0,15.5
07/09/2026,22:47:00,1.671,0.297,239.44,7.06,11.6,0.0,12.9
07/09/2026,22:48:00,1.657,0.294,238.52,7.09,8.8,0.0,11.8
07/09/2026,22:49:00,1.783,0.339,239.03,7.24,9.2,0.0,11.0
07/09/2026,22:50:00,1.783,0.315,238.7,7.23,11.2,2.7,10.5
07/09/2026,22:51:00,1.769,0.292,239.23,7.62,12.2,0.0,12.3
07/09/2026,22:52:00,1.588,0.258,238.54,6.53,11.6,0.2,8.1
07/09/2026,22:53:00,1.648,0.319,239.14,6.81,10.1,0.0,4.4
07/09/2026,22:54:00,1.743,0.324,238.86,7.39,10.6,0.0,11.3
07/09/2026,22:55:00,1.672,0.327,238.51,6.84,10.3,0.4,9.4
07/09/2026,22:56:00,1.575,0.265,238.95,6.55,7.9,1.1,8.9
07/09/2026,22:57:00,1.69,0.349,240.72,7.15,10.4,0.0,7.4
07/09/2026,22:58:00,1.588,0.247,238.35,6.45,7.7,0.0,13.5
07/09/2026,22:59:00,1.781,0.331,238.66,7.39,11.0,0.0,14.8
07/09/2026,23:00:00,1.753,0.263,238.37,7.19,9.9,1.0,10.6
07/09/2026,23:01:00,1.67,0.281,238.45,6.89,5.3,2.0,10.3
07/09/2026,23:02:00,1.723,0.346,239.42,7.38,11.5,0.0,11.5
07/09/2026,23:03:00,1.612,0.314,239.36,6.95,8.4,0.0,11.4
07/09/2026,23:04:00,1.66,0.286,238.86,6.99,8.2,2.2,9.4
07/09/2026,23:05:00,1.71,0.292,239.59,7.22,11.2,0.5,13.1
07/09/2026,23:06:00,1.604,0.295,239.43,6.77,8.9,0.7,12.9
07/09/2026,23:07:00,1.556,0.3,238.77,6.42,10.3,1.3,12.0
07/09/2026,23:08:00,1.433,0.303,237.81,6.06,7.8,0.2,14.2
07/09/2026,23:09:00,1.555,0.275,239.47,6.3,10.6,0.0,11.9
07/09/2026,23:10:00,1.62,0.254,239.02,6.63,9.3,1.2,8.7
07/09/2026,23:11:00,1.623,0.299,238.92,6.78,9.7,0.0,10.3
07/09/2026,23:12:00,1.58,0.278,238.58,6.46,8.4,0.0,12.2
07/09/2026,23:13:00,1.489,0.246,239.44,6.03,12.0,0.0,7.7
07/09/2026,23:14:00,1.367,0.271,239.16,5.61,12.4,1.7,9.4
07/09/2026,23:15:00,1.478,0.272,238.76,6.36,4.2,2.3,6.5
07/09/2026,23:16:00,1.487,0.286,238.07,6.48,10.4,0.2,14.3
07/09/2026,23:17:00,1.479,0.255,239.68,6.17,6.3,1.9,10.7
07/09/2026,23:18:00,1.546,0.298,239.37,6.55,9.4,2.6,11.1
07/09/2026,23:19:00,1.649,0.265,239.13,6.81,4.8,0.8,6.4
07/09/2026,23:20:00,1.493,0.258,237.1,5.99,9.0,1.6,12.1
07/09/2026,23:21:00,1.459,0.269,238.93,5.97,6.5,3.2,10.3
07/09/2026,23:22:00,1.448,0.317,238.8,6.02,7.2,0.0,5.6
07/09/2026,23:23:00,1.472,0.296,238.54,6.19,7.2,0.5,10.5
07/09/2026,23:24:00,1.389,0.294,239.51,5.79,6.5,2.9,7.3
07/09/2026,23:25:00,1.458,0.31,239.49,6.05,6.5,0.0,9.6
07/09/2026,23:26:00,1.478,0.367,239.3,6.09,7.0,1.0,11.1
07/09/2026,23:27:00,1.452,0.275,239.72,6.11,7.5,0.0,9.8
07/09/2026,23:28:00,1.466,0.311,238.29,5.95,8.4,2.6,5.2
07/09/2026,23:29:00,1.457,0.3,238.69,6.23,11.4,0.0,9.8
07/09/2026,23:30:00,1.274,0.278,239.07,5.24,5.7,0.7,11.1
07/09/2026,23:31:00,1.461,0.32,238.59,6.43,7.8,0.0,8.7
07/09/2026,23:32:00,1.349,0.251,239.54,5.59,9.0,0.0,10.3
07/09/2026,23:33:00,1.309,0.245,238.67,5.41,6.0,0.0,10.2
07/09/2026,23:34:00,1.302,0.264,239.95,5.34,2.8,0.6,4.6
07/09/2026,23:35:00,1.419,0.266,238.4,5.88,3.5,1.4,11.7
07/09/2026,23:36:00,1.36,0.271,240.55,5.75,2.8,0.8,7.7
07/09/2026,23:37:00,1.237,0.288,240.48,5.14,10.2,1.1,7.3
07/09/2026,23:38:00,1.404,0.257,239.0,6.02,8.3,0.2,7.3
07/09/2026,23:39:00,1.245,0.242,239.88,5.26,8.6,2.1,11.5
07/09/2026,23:40:00,1.365,0.268,238.8,5.72,9.0,1.7,12.0
07/09/2026,23:41:00,1.367,0.258,239.8,5.76,5.8,1.0,9.8
07/09/2026,23:42:00,1.413,0.222,238.97,6.09,11.5,1.1,7.6
07/09/2026,23:43:00,1.479,0.263,238.2,6.31,7.5,0.2,15.0
07/09/2026,23:44:00,1.221,0.264,236.63,5.2,6.6,3.3,8.6
07/09/2026,23:45:00,1.32,0.294,238.93,5.59,8.9,1.9,7.1
07/09/2026,23:46:00,1.297,0.227,239.32,5.25,8.0,0.7,10.8
07/09/2026,23:47:00,1.348,0.233,240.06,6.0,9.3,0.6,8.2
07/09/2026,23:48:00,1.325,0.26,239.16,5.62,9.3,0.3,13.0
07/09/2026,23:49:00,1.274,0.201,239.84,5.4,5.8,0.4,6.5
07/09/2026,23:50:00,1.261,0.24,238.83,5.28,6.8,1.1,8.0
07/09/2026,23:51:00,1.202,0.201,238.92,4.68,4.6,0.0,11.7
07/09/2026,23:52:00,1.365,0.298,239.9,5.65,3.1,0.5,9.4
07/09/2026,23:53:00,1.317,0.239,237.44,5.56,7.9,0.6,7.6
07/09/2026,23:54:00,1.348,0.303,239.18,5.51,8.1,0.8,6.2
07/09/2026,23:55:00,1.245,0.277,238.9,5.09,2.2,1.0,5.7
07/09/2026,23:56:00,1.212,0.229,240.14,4.99,4.7,0.8,5.3
07/09/2026,23:57:00,1.173,0.214,238.83,5.03,6.2,1.3,10.2
07/09/2026,23:58:00,1.283,0.249,239.57,5.54,6.3,0.6,9.8
07/09/2026,23:59:00,1.166,0.237,239.86,4.89,10.1,2.1,9.2
