timestamp,motion_bedroom,motion_kitchen,motion_living,door_main,power_kitchen,power_ac,total_power,Actual_Activity
2026-01-01 00:00:00,0.0,0.0,0.0,0.0,0.0,0.8888119881953079,1.4507006179976232,Sleeping
2026-01-01 00:15:00,0.0,0.0,0.0,0.0,0.0,1.0318902184689382,1.6957261916960324,Sleeping
2026-01-01 00:30:00,0.0,0.0,0.0,0.0,0.0,0.9419121865976485,1.480043147824127,Sleeping
2026-01-01 00:45:00,0.0,0.0,0.0,0.0,0.0,0.9474830192821853,1.478648304882663,Sleeping
2026-01-01 01:00:00,0.0,0.0,0.0,0.0,0.0,1.0816445080951327,1.429753425586126,Sleeping
2026-01-01 01:15:00,0.0,0.0,0.0,0.0,0.0,0.8476124002384139,1.0845393865555075,Sleeping
2026-01-01 01:30:00,0.0,0.0,0.0,0.0,0.0,0.9370525039075749,1.4758900768305918,Sleeping
2026-01-01 01:45:00,0.0,0.0,0.0,0.0,0.0,1.0597720466912608,1.5502896235631736,Sleeping
2026-01-01 02:00:00,0.0,0.0,0.0,0.0,0.0,0.9399746149894088,1.3884963474979346,Sleeping
2026-01-01 02:15:00,0.0,0.0,0.0,0.0,0.0,1.0947439821046638,1.6190970025232982,Sleeping
2026-01-01 02:30:00,0.0,0.0,0.0,0.0,0.0,0.9466351196157513,1.4405947466960605,Sleeping
2026-01-01 02:45:00,0.0,0.0,0.0,0.0,0.0,0.9994472137679874,1.6122252388313774,Sleeping
2026-01-01 03:00:00,0.0,0.0,0.0,0.0,0.0,1.277831304155244,1.7864423909811418,Sleeping
2026-01-01 03:15:00,1.0,0.0,0.0,0.0,0.0,1.1193639724282318,1.5446716439212151,Sleeping
2026-01-01 03:30:00,1.0,0.0,0.0,0.0,0.0,1.0218638316053863,1.6208804555013152,Sleeping
2026-01-01 03:45:00,0.0,0.0,0.0,0.0,0.0,1.088176103894861,1.5664629964002408,Sleeping
2026-01-01 04:00:00,0.0,0.0,0.0,0.0,0.0,0.8990914657134892,1.45174513408072,Sleeping
2026-01-01 04:15:00,0.0,0.0,0.0,0.0,0.0,0.8416705786463112,1.2939295080270312,Sleeping
2026-01-01 04:30:00,0.0,0.0,0.0,0.0,0.0,0.8869447695318433,1.3219620809820998,Sleeping
2026-01-01 04:45:00,0.0,0.0,0.0,0.0,0.0,1.0134428882628022,1.5218597112813717,Sleeping
2026-01-01 05:00:00,0.0,0.0,0.0,0.0,0.0,1.058212279471304,1.5594951438256726,Sleeping
2026-01-01 05:15:00,0.0,0.0,0.0,0.0,0.0,1.0887748459593358,1.6367575494960191,Sleeping
2026-01-01 05:30:00,0.0,0.0,0.0,0.0,0.0,0.8491846710452517,1.3223200957142776,Sleeping
2026-01-01 05:45:00,0.0,0.0,0.0,0.0,0.0,1.109964697578482,1.4263287192014422,Sleeping
2026-01-01 06:00:00,0.0,0.0,0.0,0.0,0.0,1.0834795419230427,1.5402021535642039,Sleeping
2026-01-01 06:15:00,0.0,0.0,0.0,0.0,0.0,1.029656138432897,1.6090379851472787,Sleeping
2026-01-01 06:30:00,0.0,0.0,0.0,0.0,0.0,1.1495434252883474,1.6198058173640368,Sleeping
2026-01-01 06:45:00,0.0,0.0,0.0,0.0,0.0,1.033818125199332,1.5091797849478772,Sleeping
2026-01-01 07:00:00,0.0,1.0,0.0,0.0,2.543523534119086,1.2,4.3421611847096795,Cooking
2026-01-01 07:15:00,0.0,1.0,0.0,0.0,2.3504963247670663,1.2,3.979299002041174,Cooking
2026-01-01 07:30:00,0.0,1.0,0.0,0.0,2.390164056081244,1.2,3.9358837342569544,Cooking
2026-01-01 07:45:00,0.0,1.0,0.0,0.0,2.678556285755873,1.2,4.3624931738033235,Cooking
2026-01-01 08:00:00,0.0,0.0,0.0,1.0,0.0,0.1,0.5515826048751263,Leaving Home
2026-01-01 08:15:00,0.0,0.0,0.0,1.0,0.0,0.1,0.5033753680246746,Leaving Home
2026-01-01 08:30:00,0.0,0.0,0.0,1.0,0.0,0.1,0.5824621544101309,Leaving Home
2026-01-01 08:45:00,0.0,0.0,0.0,1.0,0.0,0.1,0.6491505647246784,Leaving Home
2026-01-01 09:00:00,0.0,0.0,0.0,0.0,0.0,0.1,0.5990711438432185,Leaving Home
2026-01-01 09:15:00,0.0,0.0,0.0,0.0,0.0,0.1,0.6306981072686237,Leaving Home
2026-01-01 09:30:00,0.0,0.0,0.0,0.0,0.0,0.1,0.7813407698515423,Leaving Home
2026-01-01 09:45:00,0.0,0.0,0.0,0.0,0.0,0.1,0.5657121138442436,Leaving Home
2026-01-01 10:00:00,0.0,0.0,0.0,0.0,0.0,0.1,0.6278348634644669,Leaving Home
2026-01-01 10:15:00,0.0,0.0,0.0,0.0,0.0,0.1,0.5490786637400865,Leaving Home
2026-01-01 10:30:00,0.0,0.0,0.0,0.0,0.0,0.1,0.5153640280113027,Leaving Home
2026-01-01 10:45:00,0.0,0.0,0.0,0.0,0.0,0.1,0.541509234658223,Leaving Home
2026-01-01 11:00:00,0.0,0.0,0.0,0.0,0.0,0.1,0.5521241428478312,Leaving Home
2026-01-01 11:15:00,0.0,0.0,0.0,0.0,0.0,0.1,0.6359475797547125,Leaving Home
2026-01-01 11:30:00,0.0,0.0,0.0,0.0,0.0,0.1,0.8349075786700757,Leaving Home
2026-01-01 11:45:00,0.0,0.0,0.0,0.0,0.0,0.1,0.5283956563724159,Leaving Home
2026-01-01 12:00:00,0.0,0.0,0.0,0.0,0.0,0.1,0.5583374694384537,Leaving Home
2026-01-01 12:15:00,0.0,0.0,0.0,0.0,0.0,0.1,0.5936876986888752,Leaving Home
2026-01-01 12:30:00,0.0,0.0,0.0,0.0,0.0,0.1,0.6395798848709747,Leaving Home
2026-01-01 12:45:00,0.0,0.0,0.0,0.0,0.0,0.1,0.6263550811954784,Leaving Home
2026-01-01 13:00:00,0.0,1.0,1.0,0.0,5.0,0.1,5.728409579394811,Anomalous Activity
2026-01-01 13:15:00,0.0,0.0,0.0,0.0,0.0,0.1,0.35736079294647916,Leaving Home
2026-01-01 13:30:00,0.0,0.0,0.0,0.0,0.0,0.1,0.36130701298043266,Leaving Home
2026-01-01 13:45:00,0.0,0.0,0.0,0.0,0.0,0.1,0.5504121827989851,Leaving Home
2026-01-01 14:00:00,0.0,0.0,0.0,0.0,0.0,0.1,0.7097300187543708,Leaving Home
2026-01-01 14:15:00,0.0,0.0,0.0,0.0,0.0,0.1,0.4434351968394403,Leaving Home
2026-01-01 14:30:00,0.0,0.0,0.0,0.0,0.0,0.1,0.2992367660306242,Leaving Home
2026-01-01 14:45:00,0.0,0.0,0.0,0.0,0.0,0.1,0.6571179406219209,Leaving Home
2026-01-01 15:00:00,0.0,0.0,0.0,0.0,0.0,0.1,0.6243657223702714,Leaving Home
2026-01-01 15:15:00,0.0,0.0,0.0,0.0,0.0,0.1,0.490979159320057,Leaving Home
2026-01-01 15:30:00,0.0,0.0,0.0,0.0,0.0,0.1,0.501446039927907,Leaving Home
2026-01-01 15:45:00,0.0,0.0,0.0,0.0,0.0,0.1,0.5030256280365325,Leaving Home
2026-01-01 16:00:00,0.0,0.0,0.0,0.0,0.0,0.1,0.611053531747394,Leaving Home
2026-01-01 16:15:00,0.0,0.0,0.0,0.0,0.0,0.1,0.5373684723816993,Leaving Home
2026-01-01 16:30:00,0.0,0.0,0.0,0.0,0.0,0.1,0.649406391897552,Leaving Home
2026-01-01 16:45:00,0.0,0.0,0.0,0.0,0.0,0.1,0.31453733370956094,Leaving Home
2026-01-01 17:00:00,0.0,1.0,0.0,0.0,3.030115104970513,1.5,4.9444299184577325,Cooking
2026-01-01 17:15:00,0.0,1.0,0.0,0.0,4.231621056242643,1.5,6.119015660151538,Cooking
2026-01-01 17:30:00,0.0,1.0,0.0,0.0,2.903819517609439,1.5,4.8781854497721895,Cooking
2026-01-01 17:45:00,0.0,1.0,0.0,0.0,3.150773671166806,1.5,5.096968895317793,Cooking
2026-01-01 18:00:00,0.0,1.0,0.0,0.0,3.5714114072575103,1.5,5.651195785247087,Cooking
2026-01-01 18:15:00,0.0,1.0,0.0,0.0,3.375966516343387,1.5,5.190032839177382,Cooking
2026-01-01 18:30:00,0.0,1.0,0.0,0.0,3.7013971554680496,1.5,5.705946303101125,Cooking
2026-01-01 18:45:00,0.0,1.0,0.0,0.0,2.2990744686038598,1.5,4.35490811092503,Cooking
2026-01-01 19:00:00,0.0,0.0,1.0,0.0,0.0,1.5,2.1856647436561953,Watching TV
2026-01-01 19:15:00,0.0,0.0,1.0,0.0,0.0,1.5,1.9518234028906525,Watching TV
2026-01-01 19:30:00,0.0,0.0,1.0,0.0,0.0,1.5,2.0324458604352516,Watching TV
2026-01-01 19:45:00,0.0,0.0,1.0,0.0,0.0,1.5,1.8196137207437635,Watching TV
2026-01-01 20:00:00,0.0,0.0,1.0,0.0,0.0,1.5,1.7608043795686976,Watching TV
2026-01-01 20:15:00,0.0,0.0,1.0,0.0,0.0,1.5,2.08447743757817,Watching TV
2026-01-01 20:30:00,0.0,0.0,1.0,0.0,0.0,1.5,1.999443970635193,Watching TV
2026-01-01 20:45:00,0.0,0.0,1.0,0.0,0.0,1.5,2.1178512689798423,Watching TV
2026-01-01 21:00:00,0.0,0.0,1.0,0.0,0.0,1.5,1.8626597111030252,Watching TV
2026-01-01 21:15:00,0.0,0.0,1.0,0.0,0.0,1.5,2.0519902139528754,Watching TV
2026-01-01 21:30:00,0.0,0.0,1.0,0.0,0.0,1.5,2.1868817840543855,Watching TV
2026-01-01 21:45:00,0.0,0.0,1.0,0.0,0.0,1.5,2.0419705608357264,Watching TV
2026-01-01 22:00:00,0.0,0.0,1.0,0.0,0.0,1.5,2.027658150559105,Watching TV
2026-01-01 22:15:00,0.0,0.0,1.0,0.0,0.0,1.5,2.000855608082435,Watching TV
2026-01-01 22:30:00,0.0,0.0,1.0,0.0,0.0,1.5,1.8429118542874088,Watching TV
2026-01-01 22:45:00,0.0,0.0,1.0,0.0,0.0,1.5,2.135557293571035,Watching TV
2026-01-01 23:00:00,0.0,0.0,1.0,0.0,0.0,1.5,1.9389142360194933,Watching TV
2026-01-01 23:15:00,0.0,0.0,1.0,0.0,0.0,1.5,2.0504483256383015,Watching TV
2026-01-01 23:30:00,0.0,0.0,1.0,0.0,0.0,1.5,1.8436965693428746,Watching TV
2026-01-01 23:45:00,0.0,0.0,1.0,0.0,0.0,1.5,1.882054033549222,Watching TV
2026-01-02 00:00:00,0.0,0.0,0.0,0.0,0.0,1.1043860610918659,1.7478948010140893,Sleeping
2026-01-02 00:15:00,0.0,0.0,0.0,0.0,0.0,1.0526448161334696,1.5179145872376854,Sleeping
2026-01-02 00:30:00,0.0,0.0,0.0,0.0,0.0,0.8559958552316203,1.5013234028358746,Sleeping
2026-01-02 00:45:00,0.0,0.0,0.0,0.0,0.0,1.119072725611364,1.6112496597055121,Sleeping
2026-01-02 01:00:00,0.0,0.0,0.0,0.0,0.0,1.0617640845511145,1.3775743072553288,Sleeping
2026-01-02 01:15:00,0.0,0.0,0.0,0.0,0.0,1.121707079698011,1.7109138396711832,Sleeping
2026-01-02 01:30:00,0.0,0.0,0.0,0.0,0.0,1.017483301199147,1.4584940694235864,Sleeping
2026-01-02 01:45:00,0.0,0.0,0.0,0.0,0.0,0.8783145107640761,1.4481833921157805,Sleeping
2026-01-02 02:00:00,0.0,0.0,0.0,0.0,0.0,0.9248820575336072,1.4274031442876154,Sleeping
2026-01-02 02:15:00,0.0,0.0,0.0,0.0,0.0,0.886957194687947,1.23264537189366,Sleeping
2026-01-02 02:30:00,0.0,0.0,0.0,0.0,0.0,0.9132358910020626,1.4296653675391195,Sleeping
2026-01-02 02:45:00,0.0,0.0,0.0,0.0,0.0,1.0145861852428308,1.7342084994581106,Sleeping
2026-01-02 03:00:00,1.0,0.0,0.0,0.0,0.0,1.0878673548190896,1.6371660006705355,Sleeping
2026-01-02 03:15:00,0.0,0.0,0.0,0.0,0.0,0.976040549180619,1.4702887738800727,Sleeping
2026-01-02 03:30:00,0.0,0.0,0.0,0.0,0.0,0.8593594732818451,1.466893813477535,Sleeping
2026-01-02 03:45:00,0.0,0.0,0.0,0.0,0.0,0.9965470343905192,1.5176138809108304,Sleeping
2026-01-02 04:00:00,0.0,0.0,0.0,0.0,0.0,0.9875867611118341,1.5085401841381136,Sleeping
2026-01-02 04:15:00,1.0,0.0,0.0,0.0,0.0,1.0740340817947738,1.4648715645788635,Sleeping
2026-01-02 04:30:00,0.0,0.0,0.0,0.0,0.0,1.1045571168346318,1.6279419194135916,Sleeping
2026-01-02 04:45:00,0.0,0.0,0.0,0.0,0.0,0.9657858287394618,1.5693301703811562,Sleeping
2026-01-02 05:00:00,1.0,0.0,0.0,0.0,0.0,1.0630074938601008,1.4794012786500983,Sleeping
2026-01-02 05:15:00,0.0,0.0,0.0,0.0,0.0,1.1762937472303228,1.8187433293550175,Sleeping
2026-01-02 05:30:00,0.0,0.0,0.0,0.0,0.0,1.1057423508862376,1.596571748471725,Sleeping
2026-01-02 05:45:00,0.0,0.0,0.0,0.0,0.0,1.0051360859479634,1.4163591347941094,Sleeping
2026-01-02 06:00:00,0.0,0.0,0.0,0.0,0.0,1.0905121959956559,1.6902754036876804,Sleeping
2026-01-02 06:15:00,0.0,0.0,0.0,0.0,0.0,0.9396095627515472,1.4109301391777203,Sleeping
2026-01-02 06:30:00,0.0,0.0,0.0,0.0,0.0,1.1437356328333528,1.7196871215819636,Sleeping
2026-01-02 06:45:00,0.0,0.0,0.0,0.0,0.0,1.0007306372740632,1.4715547740482096,Sleeping
2026-01-02 07:00:00,0.0,1.0,0.0,0.0,2.342365377679827,1.2,4.036382763326837,Cooking
2026-01-02 07:15:00,0.0,1.0,0.0,0.0,2.879484610246634,1.2,4.628840630680063,Cooking
2026-01-02 07:30:00,0.0,1.0,0.0,0.0,2.2573182260854483,1.2,3.9864079318444485,Cooking
2026-01-02 07:45:00,0.0,1.0,0.0,0.0,2.5409370696931615,1.2,4.041383891647987,Cooking
2026-01-02 08:00:00,0.0,0.0,0.0,1.0,0.0,0.1,0.4878756259905608,Leaving Home
2026-01-02 08:15:00,0.0,0.0,0.0,1.0,0.0,0.1,0.6929409984790815,Leaving Home
2026-01-02 08:30:00,0.0,0.0,0.0,1.0,0.0,0.1,0.5867863411098453,Leaving Home
2026-01-02 08:45:00,0.0,0.0,0.0,1.0,0.0,0.1,0.5476268697228578,Leaving Home
2026-01-02 09:00:00,0.0,0.0,0.0,0.0,0.0,0.1,0.46414259847425254,Leaving Home
2026-01-02 09:15:00,0.0,0.0,0.0,0.0,0.0,0.1,0.49202636787241516,Leaving Home
2026-01-02 09:30:00,0.0,0.0,0.0,0.0,0.0,0.1,0.3978201360038053,Leaving Home
2026-01-02 09:45:00,0.0,0.0,0.0,0.0,0.0,0.1,0.5898719281298467,Leaving Home
2026-01-02 10:00:00,0.0,0.0,0.0,0.0,0.0,0.1,0.5401562419418953,Leaving Home
2026-01-02 10:15:00,0.0,0.0,0.0,0.0,0.0,0.1,0.5033412109014684,Leaving Home
2026-01-02 10:30:00,0.0,0.0,0.0,0.0,0.0,0.1,0.5931876574832047,Leaving Home
2026-01-02 10:45:00,0.0,0.0,0.0,0.0,0.0,0.1,0.6363970630852738,Leaving Home
2026-01-02 11:00:00,0.0,0.0,0.0,0.0,0.0,0.1,0.8093197932209945,Leaving Home
2026-01-02 11:15:00,0.0,0.0,0.0,0.0,0.0,0.1,0.4488116580436786,Leaving Home
2026-01-02 11:30:00,0.0,0.0,0.0,0.0,0.0,0.1,0.7159381043300522,Leaving Home
2026-01-02 11:45:00,0.0,0.0,0.0,0.0,0.0,0.1,0.6973101561015072,Leaving Home
2026-01-02 12:00:00,0.0,0.0,0.0,0.0,0.0,0.1,0.52209072606233,Leaving Home
2026-01-02 12:15:00,0.0,0.0,0.0,0.0,0.0,0.1,0.620323595458603,Leaving Home
2026-01-02 12:30:00,0.0,0.0,0.0,0.0,0.0,0.1,0.5542366750662385,Leaving Home
2026-01-02 12:45:00,0.0,0.0,0.0,0.0,0.0,0.1,0.6185688580418739,Leaving Home
2026-01-02 13:00:00,0.0,0.0,0.0,0.0,0.0,0.1,0.7509131013404551,Leaving Home
2026-01-02 13:15:00,0.0,0.0,0.0,0.0,0.0,0.1,0.6605606232631313,Leaving Home
2026-01-02 13:30:00,0.0,0.0,0.0,0.0,0.0,0.1,0.6508608373233442,Leaving Home
2026-01-02 13:45:00,0.0,0.0,0.0,0.0,0.0,0.1,0.5569690680045357,Leaving Home
2026-01-02 14:00:00,0.0,0.0,0.0,0.0,0.0,0.1,0.4515943335075665,Leaving Home
2026-01-02 14:15:00,0.0,0.0,0.0,0.0,0.0,0.1,0.5791531789459592,Leaving Home
2026-01-02 14:30:00,0.0,0.0,0.0,0.0,0.0,0.1,0.7206608154863915,Leaving Home
2026-01-02 14:45:00,0.0,0.0,0.0,0.0,0.0,0.1,0.44728321434103524,Leaving Home
2026-01-02 15:00:00,0.0,0.0,0.0,0.0,0.0,0.1,0.4944910631823305,Leaving Home
2026-01-02 15:15:00,0.0,0.0,0.0,0.0,0.0,0.1,0.6126267736234068,Leaving Home
2026-01-02 15:30:00,0.0,0.0,0.0,0.0,0.0,0.1,0.5015345215152738,Leaving Home
2026-01-02 15:45:00,0.0,0.0,0.0,0.0,0.0,0.1,0.5207476552884788,Leaving Home
2026-01-02 16:00:00,0.0,0.0,0.0,0.0,0.0,0.1,0.5576401418271822,Leaving Home
2026-01-02 16:15:00,0.0,0.0,0.0,0.0,0.0,0.1,0.46343825958098506,Leaving Home
2026-01-02 16:30:00,0.0,0.0,0.0,0.0,0.0,0.1,0.5025878153783632,Leaving Home
2026-01-02 16:45:00,0.0,0.0,0.0,0.0,0.0,0.1,0.6703427916787309,Leaving Home
2026-01-02 17:00:00,0.0,1.0,0.0,0.0,4.061078098506316,1.5,5.93034112028322,Cooking
2026-01-02 17:15:00,0.0,1.0,0.0,0.0,3.5162326302755735,1.5,5.35644541682609,Cooking
2026-01-02 17:30:00,0.0,1.0,0.0,0.0,3.6334555745933113,1.5,5.570453076639922,Cooking
2026-01-02 17:45:00,0.0,1.0,0.0,0.0,2.6461652671906095,1.5,4.7193608174415935,Cooking
2026-01-02 18:00:00,0.0,1.0,0.0,0.0,3.221909714073114,1.5,5.202217533273425,Cooking
2026-01-02 18:15:00,0.0,1.0,0.0,0.0,3.387317026714668,1.5,5.340858918903106,Cooking
2026-01-02 18:30:00,0.0,1.0,0.0,0.0,1.3793663299654637,1.5,3.3838022097170244,Cooking
2026-01-02 18:45:00,0.0,1.0,0.0,0.0,2.487806179332855,1.5,4.31323543604689,Cooking
2026-01-02 19:00:00,0.0,0.0,1.0,0.0,0.0,1.5,2.0494705653775034,Watching TV
2026-01-02 19:15:00,0.0,0.0,1.0,0.0,0.0,1.5,2.0383435031403643,Watching TV
2026-01-02 19:30:00,0.0,0.0,1.0,0.0,0.0,1.5,1.9590691525904278,Watching TV
2026-01-02 19:45:00,0.0,0.0,1.0,0.0,0.0,1.5,2.100592451179642,Watching TV
2026-01-02 20:00:00,0.0,0.0,1.0,0.0,0.0,1.5,1.8872503901046962,Watching TV
2026-01-02 20:15:00,0.0,0.0,1.0,0.0,0.0,1.5,2.112790899325357,Watching TV
2026-01-02 20:30:00,0.0,0.0,1.0,0.0,0.0,1.5,2.0154493665595252,Watching TV
2026-01-02 20:45:00,0.0,0.0,1.0,0.0,0.0,1.5,1.9663447410121826,Watching TV
2026-01-02 21:00:00,0.0,0.0,1.0,0.0,0.0,1.5,1.998012636463169,Watching TV
2026-01-02 21:15:00,0.0,0.0,1.0,0.0,0.0,1.5,1.9892735234189058,Watching TV
2026-01-02 21:30:00,0.0,0.0,1.0,0.0,0.0,1.5,2.1220282896417717,Watching TV
2026-01-02 21:45:00,0.0,0.0,1.0,0.0,0.0,1.5,1.8923320872528986,Watching TV
2026-01-02 22:00:00,0.0,0.0,1.0,0.0,0.0,1.5,1.92374807608534,Watching TV
2026-01-02 22:15:00,0.0,0.0,1.0,0.0,0.0,1.5,2.1036302892072483,Watching TV
2026-01-02 22:30:00,0.0,0.0,1.0,0.0,0.0,1.5,1.940446506481614,Watching TV
2026-01-02 22:45:00,0.0,0.0,1.0,0.0,0.0,1.5,2.090053307733159,Watching TV
2026-01-02 23:00:00,0.0,0.0,1.0,0.0,0.0,1.5,2.169943598300871,Watching TV
2026-01-02 23:15:00,0.0,0.0,1.0,0.0,0.0,1.5,1.9598204973058366,Watching TV
2026-01-02 23:30:00,0.0,0.0,1.0,0.0,0.0,1.5,2.0681362326575305,Watching TV
2026-01-02 23:45:00,0.0,0.0,1.0,0.0,0.0,1.5,1.8846307718660142,Watching TV
2026-01-03 00:00:00,1.0,0.0,0.0,0.0,0.0,1.0439327140103434,1.6194060438171243,Sleeping
2026-01-03 00:15:00,0.0,0.0,0.0,0.0,0.0,0.9891502111436486,1.5090926097423254,Sleeping
2026-01-03 00:30:00,0.0,0.0,0.0,0.0,0.0,0.951356723394764,1.4986605516107856,Sleeping
2026-01-03 00:45:00,0.0,0.0,0.0,0.0,0.0,1.020759826128572,1.4562026189250323,Sleeping
2026-01-03 01:00:00,0.0,0.0,0.0,0.0,0.0,0.9377762835093721,1.2716679419526549,Sleeping
2026-01-03 01:15:00,0.0,0.0,0.0,0.0,0.0,0.9644511359083641,1.5147763423833145,Sleeping
2026-01-03 01:30:00,0.0,0.0,0.0,0.0,0.0,0.9370299142734887,1.2306895990255433,Sleeping
2026-01-03 01:45:00,0.0,0.0,0.0,0.0,0.0,1.0876754649952325,1.555940415770979,Sleeping
2026-01-03 02:00:00,1.0,0.0,0.0,0.0,0.0,0.8212328388068217,1.4153510254488189,Sleeping
2026-01-03 02:15:00,0.0,0.0,0.0,0.0,0.0,0.8779429895718145,1.3971327631591182,Sleeping
2026-01-03 02:30:00,0.0,0.0,0.0,0.0,0.0,1.1552859775839326,1.850120242062914,Sleeping
2026-01-03 02:45:00,0.0,0.0,0.0,0.0,0.0,0.9560482124525723,1.5585591277107498,Sleeping
2026-01-03 03:00:00,0.0,0.0,0.0,0.0,0.0,0.947681190641289,1.3822913518087314,Sleeping
2026-01-03 03:15:00,0.0,0.0,0.0,0.0,0.0,1.0949142987780998,1.5976456367632437,Sleeping
2026-01-03 03:30:00,1.0,0.0,0.0,0.0,0.0,0.9728959537711458,1.4681588835167023,Sleeping
2026-01-03 03:45:00,1.0,0.0,0.0,0.0,0.0,0.9386905317091622,1.2804728553745495,Sleeping
2026-01-03 04:00:00,0.0,0.0,0.0,0.0,0.0,0.8207954899864784,1.2267555983380432,Sleeping
2026-01-03 04:15:00,0.0,0.0,0.0,0.0,0.0,0.9553226488210093,1.3992465581230231,Sleeping
2026-01-03 04:30:00,0.0,0.0,0.0,0.0,0.0,0.9300853421908083,1.2264632919052145,Sleeping
2026-01-03 04:45:00,0.0,0.0,0.0,0.0,0.0,0.9991182953754192,1.5038676422005834,Sleeping
2026-01-03 05:00:00,0.0,0.0,0.0,0.0,0.0,1.0613841341475425,1.5364769496822386,Sleeping
2026-01-03 05:15:00,0.0,0.0,0.0,0.0,0.0,1.1357880788099988,1.4684986886788414,Sleeping
2026-01-03 05:30:00,0.0,0.0,0.0,0.0,0.0,1.0559109202614527,1.596332206789186,Sleeping
2026-01-03 05:45:00,0.0,0.0,0.0,0.0,0.0,1.087254159143048,1.658841433612144,Sleeping
2026-01-03 06:00:00,0.0,0.0,0.0,0.0,0.0,1.1154354338408923,1.6381388817273812,Sleeping
2026-01-03 06:15:00,1.0,0.0,0.0,0.0,0.0,0.9522618269424679,1.4198550094215707,Sleeping
2026-01-03 06:30:00,0.0,0.0,0.0,0.0,0.0,0.7962924065027861,1.3554366216779716,Sleeping
2026-01-03 06:45:00,0.0,0.0,0.0,0.0,0.0,1.1570032280542673,1.7250252641019364,Sleeping
2026-01-03 07:00:00,0.0,1.0,0.0,0.0,2.490743432003805,1.2,4.221483788975774,Cooking
2026-01-03 07:15:00,0.0,1.0,0.0,0.0,2.355670680539931,1.2,3.973209455496455,Cooking
2026-01-03 07:30:00,0.0,1.0,0.0,0.0,2.661359280169045,1.2,4.389019356720163,Cooking
2026-01-03 07:45:00,0.0,1.0,0.0,0.0,2.0863845282238387,1.2,3.9059325933063866,Cooking
2026-01-03 08:00:00,0.0,0.0,0.0,1.0,0.0,0.1,0.540337094138827,Leaving Home
2026-01-03 08:15:00,0.0,0.0,0.0,1.0,0.0,0.1,0.8097939339132431,Leaving Home
2026-01-03 08:30:00,0.0,0.0,0.0,1.0,0.0,0.1,0.5474369066014616,Leaving Home
2026-01-03 08:45:00,0.0,0.0,0.0,1.0,0.0,0.1,0.6032407013340136,Leaving Home
2026-01-03 09:00:00,0.0,0.0,0.0,0.0,0.0,0.1,0.5327514403993664,Leaving Home
2026-01-03 09:15:00,0.0,0.0,0.0,0.0,0.0,0.1,0.622327083592026,Leaving Home
2026-01-03 09:30:00,0.0,0.0,0.0,0.0,0.0,0.1,0.42577783073647246,Leaving Home
2026-01-03 09:45:00,0.0,0.0,0.0,0.0,0.0,0.1,0.5453958201183279,Leaving Home
2026-01-03 10:00:00,0.0,0.0,0.0,0.0,0.0,0.1,0.4907878799651433,Leaving Home
2026-01-03 10:15:00,0.0,0.0,0.0,0.0,0.0,0.1,0.6135338347892291,Leaving Home
2026-01-03 10:30:00,0.0,0.0,0.0,0.0,0.0,0.1,0.6994447375508908,Leaving Home
2026-01-03 10:45:00,0.0,0.0,0.0,0.0,0.0,0.1,0.6646006187114551,Leaving Home
2026-01-03 11:00:00,0.0,0.0,0.0,0.0,0.0,0.1,0.36283406391411077,Leaving Home
2026-01-03 11:15:00,0.0,0.0,0.0,0.0,0.0,0.1,0.804206965292788,Leaving Home
2026-01-03 11:30:00,0.0,0.0,0.0,0.0,0.0,0.1,0.6295279940620868,Leaving Home
2026-01-03 11:45:00,0.0,0.0,0.0,0.0,0.0,0.1,0.5223500859507,Leaving Home
2026-01-03 12:00:00,0.0,0.0,0.0,0.0,0.0,0.1,0.6157127918990941,Leaving Home
2026-01-03 12:15:00,0.0,0.0,0.0,0.0,0.0,0.1,0.6176189822502692,Leaving Home
2026-01-03 12:30:00,0.0,0.0,0.0,0.0,0.0,0.1,0.5333151283048436,Leaving Home
2026-01-03 12:45:00,0.0,0.0,0.0,0.0,0.0,0.1,0.6197916667342075,Leaving Home
2026-01-03 13:00:00,0.0,0.0,0.0,0.0,0.0,0.1,0.5392527712379692,Leaving Home
2026-01-03 13:15:00,0.0,0.0,0.0,0.0,0.0,0.1,0.5595638007309978,Leaving Home
2026-01-03 13:30:00,0.0,0.0,0.0,0.0,0.0,0.1,0.5313720864244915,Leaving Home
2026-01-03 13:45:00,0.0,0.0,0.0,0.0,0.0,0.1,0.45673287102603466,Leaving Home
2026-01-03 14:00:00,0.0,0.0,0.0,0.0,0.0,0.1,0.6145836470215383,Leaving Home
2026-01-03 14:15:00,0.0,0.0,0.0,0.0,0.0,0.1,0.6585299436516338,Leaving Home
2026-01-03 14:30:00,0.0,0.0,0.0,0.0,0.0,0.1,0.6514883596076372,Leaving Home
2026-01-03 14:45:00,0.0,0.0,0.0,0.0,0.0,0.1,0.6819925252635234,Leaving Home
2026-01-03 15:00:00,0.0,0.0,0.0,0.0,0.0,0.1,0.6324340210014868,Leaving Home
2026-01-03 15:15:00,0.0,0.0,0.0,0.0,0.0,0.1,0.5467274501783096,Leaving Home
2026-01-03 15:30:00,0.0,0.0,0.0,0.0,0.0,0.1,0.6839663864431188,Leaving Home
2026-01-03 15:45:00,0.0,0.0,0.0,0.0,0.0,0.1,0.4642482460158065,Leaving Home
2026-01-03 16:00:00,0.0,0.0,0.0,0.0,0.0,0.1,0.509932861748752,Leaving Home
2026-01-03 16:15:00,0.0,0.0,0.0,0.0,0.0,0.1,0.5035799928576755,Leaving Home
2026-01-03 16:30:00,0.0,0.0,0.0,0.0,0.0,0.1,0.708005605913931,Leaving Home
2026-01-03 16:45:00,0.0,0.0,0.0,0.0,0.0,0.1,0.6942788514140076,Leaving Home
2026-01-03 17:00:00,0.0,1.0,0.0,0.0,3.1708779878885798,1.5,5.219608511593079,Cooking
2026-01-03 17:15:00,0.0,1.0,0.0,0.0,3.938085419607943,1.5,6.045278406129123,Cooking
2026-01-03 17:30:00,0.0,1.0,0.0,0.0,2.550792664325821,1.5,4.462864386084622,Cooking
2026-01-03 17:45:00,0.0,1.0,0.0,0.0,3.245959585753253,1.5,5.280819097739351,Cooking
2026-01-03 18:00:00,0.0,1.0,0.0,0.0,2.339883396489679,1.5,4.327365953651363,Cooking
2026-01-03 18:15:00,0.0,1.0,0.0,0.0,3.915729382927177,1.5,6.000417593315668,Cooking
2026-01-03 18:30:00,0.0,1.0,0.0,0.0,3.5897200603606434,1.5,5.578197637105424,Cooking
2026-01-03 18:45:00,0.0,1.0,0.0,0.0,2.765412173947648,1.5,4.72691788510664,Cooking
2026-01-03 19:00:00,0.0,0.0,1.0,0.0,0.0,1.5,2.054090851856099,Watching TV
2026-01-03 19:15:00,0.0,0.0,1.0,0.0,0.0,1.5,2.0876169167191234,Watching TV
2026-01-03 19:30:00,0.0,0.0,1.0,0.0,0.0,1.5,1.9331654805153198,Watching TV
2026-01-03 19:45:00,0.0,0.0,1.0,0.0,0.0,1.5,1.9938924328647625,Watching TV
2026-01-03 20:00:00,0.0,0.0,1.0,0.0,0.0,1.5,1.8941559366358347,Watching TV
2026-01-03 20:15:00,0.0,0.0,1.0,0.0,0.0,1.5,1.7501938982507061,Watching TV
2026-01-03 20:30:00,0.0,0.0,1.0,0.0,0.0,1.5,2.020045963141373,Watching TV
2026-01-03 20:45:00,0.0,0.0,1.0,0.0,0.0,1.5,2.060890535625463,Watching TV
2026-01-03 21:00:00,0.0,0.0,1.0,0.0,0.0,1.5,2.0262066809086727,Watching TV
2026-01-03 21:15:00,0.0,0.0,1.0,0.0,0.0,1.5,1.8050438282245633,Watching TV
2026-01-03 21:30:00,0.0,0.0,1.0,0.0,0.0,1.5,1.9649150569923526,Watching TV
2026-01-03 21:45:00,0.0,0.0,1.0,0.0,0.0,1.5,1.778165223994892,Watching TV
2026-01-03 22:00:00,0.0,0.0,1.0,0.0,0.0,1.5,2.1369701107654184,Watching TV
2026-01-03 22:15:00,0.0,0.0,1.0,0.0,0.0,1.5,1.8913945417881914,Watching TV
2026-01-03 22:30:00,0.0,0.0,1.0,0.0,0.0,1.5,2.1255403609459895,Watching TV
2026-01-03 22:45:00,0.0,0.0,1.0,0.0,0.0,1.5,2.0945869643684145,Watching TV
2026-01-03 23:00:00,0.0,0.0,1.0,0.0,0.0,1.5,1.9099409647463939,Watching TV
2026-01-03 23:15:00,0.0,0.0,1.0,0.0,0.0,1.5,1.8867215048732255,Watching TV
2026-01-03 23:30:00,0.0,0.0,1.0,0.0,0.0,1.5,2.035037021638634,Watching TV
2026-01-03 23:45:00,0.0,0.0,1.0,0.0,0.0,1.5,1.915567596281693,Watching TV
2026-01-04 00:00:00,1.0,0.0,0.0,0.0,0.0,0.8631409884458143,1.373389452661635,Sleeping
2026-01-04 00:15:00,0.0,0.0,0.0,0.0,0.0,1.0535491809975204,1.5052664219168286,Sleeping
2026-01-04 00:30:00,0.0,0.0,0.0,0.0,0.0,1.0242333686083112,1.3461175271617478,Sleeping
2026-01-04 00:45:00,0.0,0.0,0.0,0.0,0.0,1.204739892113024,1.481693090200578,Sleeping
2026-01-04 01:00:00,0.0,0.0,0.0,0.0,0.0,1.1026579846552078,1.6253264095046676,Sleeping
2026-01-04 01:15:00,0.0,0.0,0.0,0.0,0.0,1.016608813250815,1.4604530386177526,Sleeping
2026-01-04 01:30:00,0.0,0.0,0.0,0.0,0.0,1.148904517388448,1.5935955356970348,Sleeping
2026-01-04 01:45:00,0.0,0.0,0.0,0.0,0.0,1.0877825168480113,1.65736890075739,Sleeping
2026-01-04 02:00:00,0.0,0.0,0.0,0.0,0.0,0.8269126896234432,1.4442569172866877,Sleeping
2026-01-04 02:15:00,1.0,0.0,0.0,0.0,0.0,1.1444338791981812,1.6171794070620003,Sleeping
2026-01-04 02:30:00,0.0,0.0,0.0,0.0,0.0,0.9513285503957251,1.417268679704739,Sleeping
2026-01-04 02:45:00,0.0,0.0,0.0,0.0,0.0,1.1334445640864135,1.683458867397802,Sleeping
2026-01-04 03:00:00,0.0,0.0,0.0,0.0,0.0,0.9985281741365063,1.3628346171665489,Sleeping
2026-01-04 03:15:00,0.0,0.0,0.0,0.0,0.0,1.0796405429696327,1.6019558484444025,Sleeping
2026-01-04 03:30:00,0.0,0.0,0.0,0.0,0.0,1.1122677684798021,1.6674563656620176,Sleeping
2026-01-04 03:45:00,0.0,0.0,0.0,0.0,0.0,0.8558804239504001,1.423903444792163,Sleeping
2026-01-04 04:00:00,0.0,0.0,0.0,0.0,0.0,0.8898748095152889,1.1961995392650424,Sleeping
2026-01-04 04:15:00,0.0,0.0,0.0,0.0,0.0,1.0487673274923295,1.4726318005114354,Sleeping
2026-01-04 04:30:00,0.0,0.0,0.0,0.0,0.0,0.9553316529309333,1.3675053276485865,Sleeping
2026-01-04 04:45:00,0.0,0.0,0.0,0.0,0.0,0.9524328652031397,1.462421560644061,Sleeping
2026-01-04 05:00:00,0.0,0.0,0.0,0.0,0.0,0.8565911130767476,1.404665571053546,Sleeping
2026-01-04 05:15:00,0.0,0.0,0.0,0.0,0.0,0.9808467176086707,1.6305177583532688,Sleeping
2026-01-04 05:30:00,0.0,0.0,0.0,0.0,0.0,1.0514588990690539,1.5019623510322466,Sleeping
2026-01-04 05:45:00,0.0,0.0,0.0,0.0,0.0,1.1204635072575826,1.5707062574266613,Sleeping
2026-01-04 06:00:00,0.0,0.0,0.0,0.0,0.0,1.085135426460051,1.7001026283479257,Sleeping
2026-01-04 06:15:00,0.0,0.0,0.0,0.0,0.0,0.9379636277464448,1.4676213215994753,Sleeping
2026-01-04 06:30:00,0.0,0.0,0.0,0.0,0.0,1.2374141743400597,1.8641793254588572,Sleeping
2026-01-04 06:45:00,0.0,0.0,0.0,0.0,0.0,0.9689275735382806,1.4978003738392642,Sleeping
2026-01-04 07:00:00,0.0,1.0,0.0,0.0,2.7882784815278834,1.2,4.372566819656557,Cooking
2026-01-04 07:15:00,0.0,1.0,0.0,0.0,2.655625077271768,1.2,4.222312241793988,Cooking
2026-01-04 07:30:00,0.0,1.0,0.0,0.0,2.4360412042596167,1.2,3.980889979353724,Cooking
2026-01-04 07:45:00,0.0,1.0,0.0,0.0,2.0222297796997872,1.2,3.7884349631756344,Cooking
2026-01-04 08:00:00,0.0,0.0,0.0,1.0,0.0,0.1,0.7188596823087008,Leaving Home
2026-01-04 08:15:00,0.0,0.0,0.0,1.0,0.0,0.1,0.7849362141386381,Leaving Home
2026-01-04 08:30:00,0.0,0.0,0.0,1.0,0.0,0.1,0.6843105332323239,Leaving Home
2026-01-04 08:45:00,0.0,0.0,0.0,1.0,0.0,0.1,0.7162838577534986,Leaving Home
2026-01-04 09:00:00,0.0,0.0,0.0,0.0,0.0,0.1,0.5419983667346315,Leaving Home
2026-01-04 09:15:00,0.0,0.0,0.0,0.0,0.0,0.1,0.4843584183256143,Leaving Home
2026-01-04 09:30:00,0.0,0.0,0.0,0.0,0.0,0.1,0.6850079332417554,Leaving Home
2026-01-04 09:45:00,0.0,0.0,0.0,0.0,0.0,0.1,0.6417680752239401,Leaving Home
2026-01-04 10:00:00,0.0,0.0,0.0,0.0,0.0,0.1,0.6107444374340892,Leaving Home
2026-01-04 10:15:00,0.0,0.0,0.0,0.0,0.0,0.1,0.638737148063299,Leaving Home
2026-01-04 10:30:00,0.0,0.0,0.0,0.0,0.0,0.1,0.6323185482458206,Leaving Home
2026-01-04 10:45:00,0.0,0.0,0.0,0.0,0.0,0.1,0.7283816859853561,Leaving Home
2026-01-04 11:00:00,0.0,0.0,0.0,0.0,0.0,0.1,0.7294985584816955,Leaving Home
2026-01-04 11:15:00,0.0,0.0,0.0,0.0,0.0,0.1,0.6544220352340346,Leaving Home
2026-01-04 11:30:00,0.0,0.0,0.0,0.0,0.0,0.1,0.6845802872562928,Leaving Home
2026-01-04 11:45:00,0.0,0.0,0.0,0.0,0.0,0.1,0.6514062552424775,Leaving Home
2026-01-04 12:00:00,0.0,0.0,0.0,0.0,0.0,0.1,0.5538830267965381,Leaving Home
2026-01-04 12:15:00,0.0,0.0,0.0,0.0,0.0,0.1,0.675656467491314,Leaving Home
2026-01-04 12:30:00,0.0,0.0,0.0,0.0,0.0,0.1,0.4605504931140738,Leaving Home
2026-01-04 12:45:00,0.0,0.0,0.0,0.0,0.0,0.1,0.7053891552295883,Leaving Home
2026-01-04 13:00:00,0.0,0.0,0.0,0.0,0.0,0.1,0.48054770602339647,Leaving Home
2026-01-04 13:15:00,0.0,0.0,0.0,0.0,0.0,0.1,0.6285803286794732,Leaving Home
2026-01-04 13:30:00,0.0,0.0,0.0,0.0,0.0,0.1,0.5154846041573841,Leaving Home
2026-01-04 13:45:00,0.0,0.0,0.0,0.0,0.0,0.1,0.6553388983074426,Leaving Home
2026-01-04 14:00:00,0.0,0.0,0.0,0.0,0.0,0.1,0.5966074774072091,Leaving Home
2026-01-04 14:15:00,0.0,0.0,0.0,0.0,0.0,0.1,0.4405244041836668,Leaving Home
2026-01-04 14:30:00,0.0,0.0,0.0,0.0,0.0,0.1,0.6420699631018478,Leaving Home
2026-01-04 14:45:00,0.0,0.0,0.0,0.0,0.0,0.1,0.542207922316729,Leaving Home
2026-01-04 15:00:00,0.0,0.0,0.0,0.0,0.0,0.1,0.6881146720813369,Leaving Home
2026-01-04 15:15:00,0.0,0.0,0.0,0.0,0.0,0.1,0.6001325688734407,Leaving Home
2026-01-04 15:30:00,0.0,0.0,0.0,0.0,0.0,0.1,0.6395420985388038,Leaving Home
2026-01-04 15:45:00,0.0,0.0,0.0,0.0,0.0,0.1,0.5042431044984788,Leaving Home
2026-01-04 16:00:00,0.0,0.0,0.0,0.0,0.0,0.1,0.5410667768572638,Leaving Home
2026-01-04 16:15:00,0.0,0.0,0.0,0.0,0.0,0.1,0.5541361363898916,Leaving Home
2026-01-04 16:30:00,0.0,0.0,0.0,0.0,0.0,0.1,0.6856702480242556,Leaving Home
2026-01-04 16:45:00,0.0,0.0,0.0,0.0,0.0,0.1,0.7677377087805489,Leaving Home
2026-01-04 17:00:00,0.0,1.0,0.0,0.0,3.1352284128899193,1.5,5.054711237715631,Cooking
2026-01-04 17:15:00,0.0,1.0,0.0,0.0,2.9748809452754315,1.5,5.0825657597412,Cooking
2026-01-04 17:30:00,0.0,1.0,0.0,0.0,2.7116143347158337,1.5,4.494646592943264,Cooking
2026-01-04 17:45:00,0.0,1.0,0.0,0.0,3.377695612912878,1.5,5.258276672803649,Cooking
2026-01-04 18:00:00,0.0,1.0,0.0,0.0,3.0496661527146127,1.5,4.953788307095936,Cooking
2026-01-04 18:15:00,0.0,1.0,0.0,0.0,3.3756935616858943,1.5,5.240442692741822,Cooking
2026-01-04 18:30:00,0.0,1.0,0.0,0.0,2.6686881205270767,1.5,4.5103292815483185,Cooking
2026-01-04 18:45:00,0.0,1.0,0.0,0.0,3.2852993342965795,1.5,5.32659922551036,Cooking
2026-01-04 19:00:00,0.0,0.0,1.0,0.0,0.0,1.5,1.9785932302272138,Watching TV
2026-01-04 19:15:00,0.0,0.0,1.0,0.0,0.0,1.5,2.037940539760511,Watching TV
2026-01-04 19:30:00,0.0,0.0,1.0,0.0,0.0,1.5,2.0690472686121515,Watching TV
2026-01-04 19:45:00,0.0,0.0,1.0,0.0,0.0,1.5,2.0265616993172535,Watching TV
2026-01-04 20:00:00,0.0,0.0,1.0,0.0,0.0,1.5,2.0657763176150374,Watching TV
2026-01-04 20:15:00,0.0,0.0,1.0,0.0,0.0,1.5,1.9930467713757731,Watching TV
2026-01-04 20:30:00,0.0,0.0,1.0,0.0,0.0,1.5,1.8813006611694254,Watching TV
2026-01-04 20:45:00,0.0,0.0,1.0,0.0,0.0,1.5,2.1057814180820795,Watching TV
2026-01-04 21:00:00,0.0,0.0,1.0,0.0,0.0,1.5,1.9410887867218873,Watching TV
2026-01-04 21:15:00,0.0,0.0,1.0,0.0,0.0,1.5,1.9064403701237573,Watching TV
2026-01-04 21:30:00,0.0,0.0,1.0,0.0,0.0,1.5,1.9822082124195601,Watching TV
2026-01-04 21:45:00,0.0,0.0,1.0,0.0,0.0,1.5,1.9087189080703486,Watching TV
2026-01-04 22:00:00,0.0,0.0,1.0,0.0,0.0,1.5,1.9582569618010568,Watching TV
2026-01-04 22:15:00,0.0,0.0,1.0,0.0,0.0,1.5,2.0344053921563465,Watching TV
2026-01-04 22:30:00,0.0,0.0,1.0,0.0,0.0,1.5,2.0348341739246125,Watching TV
2026-01-04 22:45:00,0.0,0.0,1.0,0.0,0.0,1.5,1.910216993357437,Watching TV
2026-01-04 23:00:00,0.0,0.0,1.0,0.0,0.0,1.5,1.9512294627051254,Watching TV
2026-01-04 23:15:00,0.0,0.0,1.0,0.0,0.0,1.5,2.1074333004770245,Watching TV
2026-01-04 23:30:00,0.0,0.0,1.0,0.0,0.0,1.5,2.049640011773394,Watching TV
2026-01-04 23:45:00,0.0,0.0,1.0,0.0,0.0,1.5,2.2075065039348543,Watching TV
2026-01-05 00:00:00,0.0,0.0,0.0,0.0,0.0,0.8229756811658108,1.4409884985399635,Sleeping
2026-01-05 00:15:00,0.0,0.0,0.0,0.0,0.0,0.8967370930965706,1.5111663999525646,Sleeping
2026-01-05 00:30:00,0.0,0.0,0.0,0.0,0.0,1.0169729284390374,1.3781860733934572,Sleeping
2026-01-05 00:45:00,0.0,0.0,0.0,0.0,0.0,1.008939391914565,1.5853254270779074,Sleeping
2026-01-05 01:00:00,0.0,0.0,0.0,0.0,0.0,0.9880149080634402,1.4827042278937492,Sleeping
2026-01-05 01:15:00,0.0,0.0,0.0,0.0,0.0,1.0113729460212981,1.456274765667473,Sleeping
2026-01-05 01:30:00,0.0,0.0,0.0,0.0,0.0,1.0543483152963777,1.5711498493496305,Sleeping
2026-01-05 01:45:00,0.0,0.0,0.0,0.0,0.0,1.1034920927080598,1.6980132461692081,Sleeping
2026-01-05 02:00:00,0.0,0.0,0.0,0.0,0.0,0.9749877398925488,1.52507089899297,Sleeping
2026-01-05 02:15:00,0.0,0.0,0.0,0.0,0.0,1.13010524331623,1.5422578631820238,Sleeping
2026-01-05 02:30:00,0.0,0.0,0.0,0.0,0.0,0.8419748063256473,1.4162206976849094,Sleeping
2026-01-05 02:45:00,0.0,0.0,0.0,0.0,0.0,1.001605341864393,1.4378465876567967,Sleeping
2026-01-05 03:00:00,1.0,0.0,0.0,0.0,0.0,0.9115184058082015,1.43318671770463,Sleeping
2026-01-05 03:15:00,0.0,0.0,0.0,0.0,0.0,1.0286941261224298,1.4983591193747163,Sleeping
2026-01-05 03:30:00,0.0,0.0,0.0,0.0,0.0,1.0509378116336106,1.529051186460048,Sleeping
2026-01-05 03:45:00,0.0,0.0,0.0,0.0,0.0,1.1247327055231724,1.7013570030272234,Sleeping
2026-01-05 04:00:00,0.0,0.0,0.0,0.0,0.0,0.890860956270653,1.2868415842890633,Sleeping
2026-01-05 04:15:00,0.0,0.0,0.0,0.0,0.0,0.9182998560739106,1.612819363501604,Sleeping
2026-01-05 04:30:00,0.0,0.0,0.0,0.0,0.0,0.9652473266227045,1.2831387196932549,Sleeping
2026-01-05 04:45:00,0.0,0.0,0.0,0.0,0.0,1.0829138684585269,1.5231471001330412,Sleeping
2026-01-05 05:00:00,0.0,0.0,0.0,0.0,0.0,1.1286974963849594,1.6657186853791335,Sleeping
2026-01-05 05:15:00,0.0,0.0,0.0,0.0,0.0,0.955536244175436,1.5139676608189672,Sleeping
2026-01-05 05:30:00,0.0,0.0,0.0,0.0,0.0,1.13859033212911,1.6285427600719395,Sleeping
2026-01-05 05:45:00,0.0,0.0,0.0,0.0,0.0,1.1008602949848836,1.5951212246847293,Sleeping
2026-01-05 06:00:00,0.0,0.0,0.0,0.0,0.0,1.0170594203580863,1.558114428890848,Sleeping
2026-01-05 06:15:00,0.0,0.0,0.0,0.0,0.0,1.0835565398349905,1.5604495920892223,Sleeping
2026-01-05 06:30:00,0.0,0.0,0.0,0.0,0.0,1.018053084180543,1.6573712099740336,Sleeping
2026-01-05 06:45:00,0.0,0.0,0.0,0.0,0.0,1.264357158339855,1.8482920697630152,Sleeping
2026-01-05 07:00:00,0.0,1.0,0.0,0.0,2.5546973973024465,1.2,4.34197983240301,Cooking
2026-01-05 07:15:00,0.0,1.0,0.0,0.0,2.862883311949346,1.2,4.466267639612304,Cooking
2026-01-05 07:30:00,0.0,1.0,0.0,0.0,2.104762772277344,1.2,3.796823929836773,Cooking
2026-01-05 07:45:00,0.0,1.0,0.0,0.0,2.735734178567998,1.2,4.4056875836959275,Cooking
2026-01-05 08:00:00,0.0,0.0,0.0,1.0,0.0,0.1,0.4994398624310534,Leaving Home
2026-01-05 08:15:00,0.0,0.0,0.0,1.0,0.0,0.1,0.6360164183945767,Leaving Home
2026-01-05 08:30:00,0.0,0.0,0.0,1.0,0.0,0.1,0.5462354242220183,Leaving Home
2026-01-05 08:45:00,0.0,0.0,0.0,1.0,0.0,0.1,0.6655403829850237,Leaving Home
2026-01-05 09:00:00,0.0,0.0,0.0,0.0,0.0,0.1,0.49298084371056683,Leaving Home
2026-01-05 09:15:00,0.0,0.0,0.0,0.0,0.0,0.1,0.7719040612841821,Leaving Home
2026-01-05 09:30:00,0.0,0.0,0.0,0.0,0.0,0.1,0.5103667341407938,Leaving Home
2026-01-05 09:45:00,0.0,0.0,0.0,0.0,0.0,0.1,0.6219302337200436,Leaving Home
2026-01-05 10:00:00,0.0,0.0,0.0,0.0,0.0,0.1,0.6791859310388068,Leaving Home
2026-01-05 10:15:00,0.0,0.0,0.0,0.0,0.0,0.1,0.5429359569799888,Leaving Home
2026-01-05 10:30:00,0.0,0.0,0.0,0.0,0.0,0.1,0.6852468643432951,Leaving Home
2026-01-05 10:45:00,0.0,0.0,0.0,0.0,0.0,0.1,0.47708164021995836,Leaving Home
2026-01-05 11:00:00,0.0,0.0,0.0,0.0,0.0,0.1,0.745211769918256,Leaving Home
2026-01-05 11:15:00,0.0,0.0,0.0,0.0,0.0,0.1,0.6014149264965758,Leaving Home
2026-01-05 11:30:00,0.0,0.0,0.0,0.0,0.0,0.1,0.540358859203112,Leaving Home
2026-01-05 11:45:00,0.0,0.0,0.0,0.0,0.0,0.1,0.5700818227572566,Leaving Home
2026-01-05 12:00:00,0.0,0.0,0.0,0.0,0.0,0.1,0.6808919269392719,Leaving Home
2026-01-05 12:15:00,0.0,1.0,1.0,0.0,5.0,0.1,5.541554470814956,Anomalous Activity
2026-01-05 12:30:00,0.0,0.0,0.0,0.0,0.0,0.1,0.5250642310577223,Leaving Home
2026-01-05 12:45:00,0.0,0.0,0.0,0.0,0.0,0.1,0.5778463402416262,Leaving Home
2026-01-05 13:00:00,0.0,0.0,0.0,0.0,0.0,0.1,0.48230378872300317,Leaving Home
2026-01-05 13:15:00,0.0,0.0,0.0,0.0,0.0,0.1,0.7820543907941816,Leaving Home
2026-01-05 13:30:00,0.0,0.0,0.0,0.0,0.0,0.1,0.5433605408785277,Leaving Home
2026-01-05 13:45:00,0.0,0.0,0.0,0.0,0.0,0.1,0.6831616786180403,Leaving Home
2026-01-05 14:00:00,0.0,0.0,0.0,0.0,0.0,0.1,0.6209470083647772,Leaving Home
2026-01-05 14:15:00,0.0,0.0,0.0,0.0,0.0,0.1,0.5015465949518032,Leaving Home
2026-01-05 14:30:00,0.0,0.0,0.0,0.0,0.0,0.1,0.5994045290787271,Leaving Home
2026-01-05 14:45:00,0.0,0.0,0.0,0.0,0.0,0.1,0.6784002779310748,Leaving Home
2026-01-05 15:00:00,0.0,0.0,0.0,0.0,0.0,0.1,0.5811738664913694,Leaving Home
2026-01-05 15:15:00,0.0,0.0,0.0,0.0,0.0,0.1,0.7193112945851028,Leaving Home
2026-01-05 15:30:00,0.0,0.0,0.0,0.0,0.0,0.1,0.7021515392781864,Leaving Home
2026-01-05 15:45:00,0.0,0.0,0.0,0.0,0.0,0.1,0.6918914854658329,Leaving Home
2026-01-05 16:00:00,0.0,0.0,0.0,0.0,0.0,0.1,0.5540343227727003,Leaving Home
2026-01-05 16:15:00,0.0,0.0,0.0,0.0,0.0,0.1,0.49201575522185126,Leaving Home
2026-01-05 16:30:00,0.0,0.0,0.0,0.0,0.0,0.1,0.5386412394637206,Leaving Home
2026-01-05 16:45:00,0.0,0.0,0.0,0.0,0.0,0.1,0.6196240940666721,Leaving Home
2026-01-05 17:00:00,0.0,1.0,0.0,0.0,2.8655556547225847,1.5,4.92013432607582,Cooking
2026-01-05 17:15:00,0.0,1.0,0.0,0.0,2.446737045629165,1.5,4.229579905153121,Cooking
2026-01-05 17:30:00,0.0,1.0,0.0,0.0,4.286679901624931,1.5,6.285868581463756,Cooking
2026-01-05 17:45:00,0.0,1.0,0.0,0.0,3.029609217007244,1.5,5.045418139539563,Cooking
2026-01-05 18:00:00,0.0,1.0,0.0,0.0,3.0990423803839273,1.5,5.071287954752373,Cooking
2026-01-05 18:15:00,0.0,1.0,0.0,0.0,2.9278197940380286,1.5,5.056947177939616,Cooking
2026-01-05 18:30:00,0.0,1.0,0.0,0.0,2.9836233648920008,1.5,5.025801372317088,Cooking
2026-01-05 18:45:00,0.0,1.0,0.0,0.0,2.7282876144331176,1.5,4.859306805241207,Cooking
2026-01-05 19:00:00,0.0,0.0,1.0,0.0,0.0,1.5,1.9784039479649769,Watching TV
2026-01-05 19:15:00,0.0,0.0,1.0,0.0,0.0,1.5,2.0937477492506926,Watching TV
2026-01-05 19:30:00,0.0,0.0,1.0,0.0,0.0,1.5,2.163506639452752,Watching TV
2026-01-05 19:45:00,0.0,0.0,1.0,0.0,0.0,1.5,2.131169344927266,Watching TV
2026-01-05 20:00:00,0.0,0.0,1.0,0.0,0.0,1.5,1.8907858406571267,Watching TV
2026-01-05 20:15:00,0.0,0.0,1.0,0.0,0.0,1.5,1.9746323922457618,Watching TV
2026-01-05 20:30:00,0.0,0.0,1.0,0.0,0.0,1.5,1.9654835294550204,Watching TV
2026-01-05 20:45:00,0.0,0.0,1.0,0.0,0.0,1.5,2.048925453507633,Watching TV
2026-01-05 21:00:00,0.0,0.0,1.0,0.0,0.0,1.5,2.068635355501453,Watching TV
2026-01-05 21:15:00,0.0,0.0,1.0,0.0,0.0,1.5,1.9161107325974265,Watching TV
2026-01-05 21:30:00,0.0,0.0,1.0,0.0,0.0,1.5,2.0067838513916936,Watching TV
2026-01-05 21:45:00,0.0,0.0,1.0,0.0,0.0,1.5,1.7980072667843863,Watching TV
2026-01-05 22:00:00,0.0,0.0,1.0,0.0,0.0,1.5,2.144194500580189,Watching TV
2026-01-05 22:15:00,0.0,0.0,1.0,0.0,0.0,1.5,1.9487625759323306,Watching TV
2026-01-05 22:30:00,0.0,0.0,1.0,0.0,0.0,1.5,2.0055863939844496,Watching TV
2026-01-05 22:45:00,0.0,0.0,1.0,0.0,0.0,1.5,1.969035028601194,Watching TV
2026-01-05 23:00:00,0.0,0.0,1.0,0.0,0.0,1.5,2.1146027575013413,Watching TV
2026-01-05 23:15:00,0.0,0.0,1.0,0.0,0.0,1.5,1.716249355860262,Watching TV
2026-01-05 23:30:00,0.0,0.0,1.0,0.0,0.0,1.5,1.998338965767409,Watching TV
2026-01-05 23:45:00,0.0,0.0,1.0,0.0,0.0,1.5,1.9894181242502302,Watching TV
2026-01-06 00:00:00,0.0,0.0,0.0,0.0,0.0,1.0098745777637335,1.4645109390045652,Sleeping
2026-01-06 00:15:00,0.0,0.0,0.0,0.0,0.0,0.9869654854012792,1.6595881399648424,Sleeping
2026-01-06 00:30:00,0.0,0.0,0.0,0.0,0.0,1.0813863908123604,1.4926534449267832,Sleeping
2026-01-06 00:45:00,0.0,0.0,0.0,0.0,0.0,0.9059586225432098,1.483138240266776,Sleeping
2026-01-06 01:00:00,0.0,0.0,0.0,0.0,0.0,0.9342766681882506,1.469901947058859,Sleeping
2026-01-06 01:15:00,0.0,0.0,0.0,0.0,0.0,0.9062644317776679,1.5324163570312195,Sleeping
2026-01-06 01:30:00,0.0,0.0,0.0,0.0,0.0,0.83302208279316,1.2663031743154094,Sleeping
2026-01-06 01:45:00,0.0,0.0,0.0,0.0,0.0,1.1764686934262718,1.603171803513896,Sleeping
2026-01-06 02:00:00,0.0,0.0,0.0,0.0,0.0,1.131576650828216,1.7411836415759558,Sleeping
2026-01-06 02:15:00,0.0,0.0,0.0,0.0,0.0,0.8246892953061784,1.3672214261391895,Sleeping
2026-01-06 02:30:00,0.0,0.0,0.0,0.0,0.0,0.8246530583749337,1.1701593237072578,Sleeping
2026-01-06 02:45:00,0.0,0.0,0.0,0.0,0.0,0.9455077765041091,1.3915772750577822,Sleeping
2026-01-06 03:00:00,0.0,0.0,0.0,0.0,0.0,1.0971822690172734,1.6358205344020795,Sleeping
2026-01-06 03:15:00,0.0,0.0,0.0,0.0,0.0,0.9969041749363426,1.5806805970910016,Sleeping
2026-01-06 03:30:00,0.0,0.0,0.0,0.0,0.0,1.2155239538433074,1.6476008885240119,Sleeping
2026-01-06 03:45:00,0.0,0.0,0.0,0.0,0.0,1.0672257284413773,1.2758001294596832,Sleeping
2026-01-06 04:00:00,1.0,0.0,0.0,0.0,0.0,0.8711552620242675,1.4234775805979707,Sleeping
2026-01-06 04:15:00,0.0,0.0,0.0,0.0,0.0,1.0100817422254051,1.3880496732310075,Sleeping
2026-01-06 04:30:00,0.0,0.0,0.0,0.0,0.0,0.8370407014023673,1.135306821590126,Sleeping
2026-01-06 04:45:00,0.0,0.0,0.0,0.0,0.0,1.0551863655309501,1.271953773032536,Sleeping
2026-01-06 05:00:00,0.0,0.0,0.0,0.0,0.0,1.1620533445165877,1.743451430536362,Sleeping
2026-01-06 05:15:00,0.0,0.0,0.0,0.0,0.0,1.157049463526114,1.6699112085666106,Sleeping
2026-01-06 05:30:00,0.0,0.0,0.0,0.0,0.0,1.038361395381677,1.515795757310452,Sleeping
2026-01-06 05:45:00,0.0,0.0,0.0,0.0,0.0,0.7630278590515552,1.4019302953478314,Sleeping
2026-01-06 06:00:00,0.0,0.0,0.0,0.0,0.0,0.8565635032841155,1.4202959715864227,Sleeping
2026-01-06 06:15:00,0.0,0.0,0.0,0.0,0.0,1.0581022009865986,1.7197322052587902,Sleeping
2026-01-06 06:30:00,0.0,0.0,0.0,0.0,0.0,1.0573966959201675,1.4181231487034678,Sleeping
2026-01-06 06:45:00,0.0,0.0,0.0,0.0,0.0,0.8246426282091313,1.3211875658137349,Sleeping
2026-01-06 07:00:00,0.0,1.0,0.0,0.0,2.070821109909393,1.2,3.609149772414592,Cooking
2026-01-06 07:15:00,0.0,1.0,0.0,0.0,2.850154939704496,1.2,4.527216706518949,Cooking
2026-01-06 07:30:00,0.0,1.0,0.0,0.0,2.212181086881113,1.2,3.8873195015044457,Cooking
2026-01-06 07:45:00,0.0,1.0,0.0,0.0,2.5610049073226806,1.2,4.323666271048988,Cooking
2026-01-06 08:00:00,0.0,0.0,0.0,1.0,0.0,0.1,0.6045563881141898,Leaving Home
2026-01-06 08:15:00,0.0,0.0,0.0,1.0,0.0,0.1,0.6623407138279915,Leaving Home
2026-01-06 08:30:00,0.0,0.0,0.0,1.0,0.0,0.1,0.6703440133138894,Leaving Home
2026-01-06 08:45:00,0.0,0.0,0.0,1.0,0.0,0.1,0.8154928677383142,Leaving Home
2026-01-06 09:00:00,0.0,0.0,0.0,0.0,0.0,0.1,0.5684703344713876,Leaving Home
2026-01-06 09:15:00,0.0,0.0,0.0,0.0,0.0,0.1,0.5058977299333621,Leaving Home
2026-01-06 09:30:00,0.0,0.0,0.0,0.0,0.0,0.1,0.6246083615316409,Leaving Home
2026-01-06 09:45:00,0.0,0.0,0.0,0.0,0.0,0.1,0.5197719972860456,Leaving Home
2026-01-06 10:00:00,0.0,0.0,0.0,0.0,0.0,0.1,0.7481960768436536,Leaving Home
2026-01-06 10:15:00,0.0,0.0,0.0,0.0,0.0,0.1,0.5716781961054768,Leaving Home
2026-01-06 10:30:00,0.0,0.0,0.0,0.0,0.0,0.1,0.543442363212601,Leaving Home
2026-01-06 10:45:00,0.0,0.0,0.0,0.0,0.0,0.1,0.5528684278848882,Leaving Home
2026-01-06 11:00:00,0.0,0.0,0.0,0.0,0.0,0.1,0.6718417423471641,Leaving Home
2026-01-06 11:15:00,0.0,0.0,0.0,0.0,0.0,0.1,0.5842253016768515,Leaving Home
2026-01-06 11:30:00,0.0,0.0,0.0,0.0,0.0,0.1,0.5358333179869618,Leaving Home
2026-01-06 11:45:00,0.0,0.0,0.0,0.0,0.0,0.1,0.7665351917623531,Leaving Home
2026-01-06 12:00:00,0.0,0.0,0.0,0.0,0.0,0.1,0.514383015933825,Leaving Home
2026-01-06 12:15:00,0.0,0.0,0.0,0.0,0.0,0.1,0.6035566074032993,Leaving Home
2026-01-06 12:30:00,0.0,0.0,0.0,0.0,0.0,0.1,0.665230615161023,Leaving Home
2026-01-06 12:45:00,0.0,0.0,0.0,0.0,0.0,0.1,0.4368664889582926,Leaving Home
2026-01-06 13:00:00,0.0,0.0,0.0,0.0,0.0,0.1,0.6480260501405924,Leaving Home
2026-01-06 13:15:00,0.0,0.0,0.0,0.0,0.0,0.1,0.4944892324519551,Leaving Home
2026-01-06 13:30:00,0.0,0.0,0.0,0.0,0.0,0.1,0.6822782780834002,Leaving Home
2026-01-06 13:45:00,0.0,0.0,0.0,0.0,0.0,0.1,0.5037348988081024,Leaving Home
2026-01-06 14:00:00,0.0,0.0,0.0,0.0,0.0,0.1,0.6692769031848861,Leaving Home
2026-01-06 14:15:00,0.0,0.0,0.0,0.0,0.0,0.1,0.7105833066294712,Leaving Home
2026-01-06 14:30:00,0.0,0.0,0.0,0.0,0.0,0.1,0.6861436525632805,Leaving Home
2026-01-06 14:45:00,0.0,0.0,0.0,0.0,0.0,0.1,0.6251316648238102,Leaving Home
2026-01-06 15:00:00,0.0,0.0,0.0,0.0,0.0,0.1,0.57686990570703,Leaving Home
2026-01-06 15:15:00,0.0,0.0,0.0,0.0,0.0,0.1,0.5423580423665156,Leaving Home
2026-01-06 15:30:00,0.0,0.0,0.0,0.0,0.0,0.1,0.7471034690817103,Leaving Home
2026-01-06 15:45:00,0.0,0.0,0.0,0.0,0.0,0.1,0.5300504779832357,Leaving Home
2026-01-06 16:00:00,0.0,0.0,0.0,0.0,0.0,0.1,0.49629339264300043,Leaving Home
2026-01-06 16:15:00,0.0,0.0,0.0,0.0,0.0,0.1,0.6665368935032829,Leaving Home
2026-01-06 16:30:00,0.0,0.0,0.0,0.0,0.0,0.1,0.5203863196813504,Leaving Home
2026-01-06 16:45:00,0.0,0.0,0.0,0.0,0.0,0.1,0.5049936502533873,Leaving Home
2026-01-06 17:00:00,0.0,1.0,0.0,0.0,3.1357894185976867,1.5,4.991428992380711,Cooking
2026-01-06 17:15:00,0.0,1.0,0.0,0.0,2.3616257120898454,1.5,4.3133347281437935,Cooking
2026-01-06 17:30:00,0.0,1.0,0.0,0.0,2.459471729795869,1.5,4.451200227406219,Cooking
2026-01-06 17:45:00,0.0,1.0,0.0,0.0,3.526576426666452,1.5,5.5508855994325215,Cooking
2026-01-06 18:00:00,0.0,1.0,0.0,0.0,2.9802224230716723,1.5,5.07535304750162,Cooking
2026-01-06 18:15:00,0.0,1.0,0.0,0.0,3.340750348686312,1.5,5.393440141052891,Cooking
2026-01-06 18:30:00,0.0,1.0,0.0,0.0,3.4691419029879986,1.5,5.450054681032681,Cooking
2026-01-06 18:45:00,0.0,1.0,0.0,0.0,2.7419776358913133,1.5,4.722158068253341,Cooking
2026-01-06 19:00:00,0.0,0.0,1.0,0.0,0.0,1.5,2.0510157468915184,Watching TV
2026-01-06 19:15:00,0.0,0.0,1.0,0.0,0.0,1.5,2.127257016292857,Watching TV
2026-01-06 19:30:00,0.0,0.0,1.0,0.0,0.0,1.5,2.01263141994832,Watching TV
2026-01-06 19:45:00,0.0,0.0,1.0,0.0,0.0,1.5,1.953086914578959,Watching TV
2026-01-06 20:00:00,0.0,0.0,1.0,0.0,0.0,1.5,1.9007133998914454,Watching TV
2026-01-06 20:15:00,0.0,0.0,1.0,0.0,0.0,1.5,1.8554794735587774,Watching TV
2026-01-06 20:30:00,0.0,0.0,1.0,0.0,0.0,1.5,2.0666269672043525,Watching TV
2026-01-06 20:45:00,0.0,0.0,1.0,0.0,0.0,1.5,2.0577978523639557,Watching TV
2026-01-06 21:00:00,0.0,0.0,1.0,0.0,0.0,1.5,2.0577363525106662,Watching TV
2026-01-06 21:15:00,0.0,0.0,1.0,0.0,0.0,1.5,1.9871340553647945,Watching TV
2026-01-06 21:30:00,0.0,0.0,1.0,0.0,0.0,1.5,2.140693474589175,Watching TV
2026-01-06 21:45:00,0.0,0.0,1.0,0.0,0.0,1.5,1.9515881505415182,Watching TV
2026-01-06 22:00:00,0.0,0.0,1.0,0.0,0.0,1.5,2.095526923720721,Watching TV
2026-01-06 22:15:00,0.0,0.0,1.0,0.0,0.0,1.5,1.9961257105010457,Watching TV
2026-01-06 22:30:00,0.0,0.0,1.0,0.0,0.0,1.5,1.9391649235320663,Watching TV
2026-01-06 22:45:00,0.0,0.0,1.0,0.0,0.0,1.5,2.0592530307317762,Watching TV
2026-01-06 23:00:00,0.0,0.0,1.0,0.0,0.0,1.5,2.040963611868399,Watching TV
2026-01-06 23:15:00,0.0,0.0,1.0,0.0,0.0,1.5,2.0356972759266925,Watching TV
2026-01-06 23:30:00,0.0,0.0,1.0,0.0,0.0,1.5,2.00812784220562,Watching TV
2026-01-06 23:45:00,0.0,0.0,1.0,0.0,0.0,1.5,1.996210691828317,Watching TV
2026-01-07 00:00:00,1.0,0.0,0.0,0.0,0.0,1.1223170950591457,1.8611542943461896,Sleeping
2026-01-07 00:15:00,0.0,0.0,0.0,0.0,0.0,0.9316568209869877,1.5500824855066049,Sleeping
2026-01-07 00:30:00,0.0,0.0,0.0,0.0,0.0,0.831817967486677,1.4041006569852281,Sleeping
2026-01-07 00:45:00,0.0,0.0,0.0,0.0,0.0,0.8241401000005852,1.335320015820924,Sleeping
2026-01-07 01:00:00,0.0,0.0,0.0,0.0,0.0,0.8993884106916504,1.5001041307513172,Sleeping
2026-01-07 01:15:00,0.0,0.0,0.0,0.0,0.0,0.8949088042171813,1.4467082818563264,Sleeping
2026-01-07 01:30:00,1.0,0.0,0.0,0.0,0.0,0.806632169889244,1.3092526451666475,Sleeping
2026-01-07 01:45:00,0.0,0.0,0.0,0.0,0.0,0.8792604168353626,1.3489039843087711,Sleeping
2026-01-07 02:00:00,0.0,0.0,0.0,0.0,0.0,0.9834276946853385,1.4753359609190697,Sleeping
2026-01-07 02:15:00,1.0,0.0,0.0,0.0,0.0,0.9174415156982539,1.1003989421104483,Sleeping
2026-01-07 02:30:00,0.0,0.0,0.0,0.0,0.0,1.1167102914383635,1.6377703753681279,Sleeping
2026-01-07 02:45:00,0.0,0.0,0.0,0.0,0.0,1.1621108557787716,1.6132632477677356,Sleeping
2026-01-07 03:00:00,0.0,0.0,0.0,0.0,0.0,1.0555376816806907,1.714804681508979,Sleeping
2026-01-07 03:15:00,0.0,0.0,0.0,0.0,0.0,0.9377129503576717,1.439647357438847,Sleeping
2026-01-07 03:30:00,0.0,0.0,0.0,0.0,0.0,0.962660073162343,1.3437637312088468,Sleeping
2026-01-07 03:45:00,0.0,0.0,0.0,0.0,0.0,0.8826429792987874,1.3776549638859756,Sleeping
2026-01-07 04:00:00,0.0,0.0,0.0,0.0,0.0,0.9294789263670219,1.3248668178607714,Sleeping
2026-01-07 04:15:00,0.0,0.0,0.0,0.0,0.0,0.9296379937073553,1.476978735278602,Sleeping
2026-01-07 04:30:00,0.0,0.0,0.0,0.0,0.0,0.9637464974900638,1.4928412339240125,Sleeping
2026-01-07 04:45:00,0.0,0.0,0.0,0.0,0.0,1.0583800376156292,1.654164000726456,Sleeping
2026-01-07 05:00:00,0.0,0.0,0.0,0.0,0.0,1.0543499102789342,1.4752617311094776,Sleeping
2026-01-07 05:15:00,0.0,0.0,0.0,0.0,0.0,1.108360965390547,1.6117617750133617,Sleeping
2026-01-07 05:30:00,0.0,0.0,0.0,0.0,0.0,1.0884100836559178,1.4519079041132543,Sleeping
2026-01-07 05:45:00,0.0,0.0,0.0,0.0,0.0,0.9049316208594673,1.4750810990519387,Sleeping
2026-01-07 06:00:00,0.0,0.0,0.0,0.0,0.0,0.6519191171239915,1.203806235168004,Sleeping
2026-01-07 06:15:00,0.0,0.0,0.0,0.0,0.0,0.9129776757856488,1.4625581778884058,Sleeping
2026-01-07 06:30:00,0.0,0.0,0.0,0.0,0.0,0.8360603732335944,1.3362222763692886,Sleeping
2026-01-07 06:45:00,0.0,0.0,0.0,0.0,0.0,1.0462548552647541,1.5877321443436332,Sleeping
2026-01-07 07:00:00,0.0,1.0,0.0,0.0,2.910241090598682,1.2,4.770675001429542,Cooking
2026-01-07 07:15:00,0.0,1.0,0.0,0.0,2.753637015553649,1.2,4.425127589849447,Cooking
2026-01-07 07:30:00,0.0,1.0,0.0,0.0,3.1910794955187636,1.2,4.9049440138897715,Cooking
2026-01-07 07:45:00,0.0,1.0,0.0,0.0,2.8243549437948214,1.2,4.415742313876681,Cooking
2026-01-07 08:00:00,0.0,0.0,0.0,1.0,0.0,0.1,0.5131739038401668,Leaving Home
2026-01-07 08:15:00,0.0,0.0,0.0,1.0,0.0,0.1,0.6097813293093307,Leaving Home
2026-01-07 08:30:00,0.0,0.0,0.0,1.0,0.0,0.1,0.7103933546701907,Leaving Home
2026-01-07 08:45:00,0.0,0.0,0.0,1.0,0.0,0.1,0.5743719175748427,Leaving Home
2026-01-07 09:00:00,0.0,0.0,0.0,0.0,0.0,0.1,0.5764083470687876,Leaving Home
2026-01-07 09:15:00,0.0,0.0,0.0,0.0,0.0,0.1,0.5593114755495625,Leaving Home
2026-01-07 09:30:00,0.0,0.0,0.0,0.0,0.0,0.1,0.5465243329155677,Leaving Home
2026-01-07 09:45:00,0.0,0.0,0.0,0.0,0.0,0.1,0.6294971455708821,Leaving Home
2026-01-07 10:00:00,0.0,0.0,0.0,0.0,0.0,0.1,0.4502742354821355,Leaving Home
2026-01-07 10:15:00,0.0,0.0,0.0,0.0,0.0,0.1,0.7280939576666727,Leaving Home
2026-01-07 10:30:00,0.0,1.0,1.0,0.0,5.0,0.1,5.533457770187054,Anomalous Activity
2026-01-07 10:45:00,0.0,0.0,0.0,0.0,0.0,0.1,0.6721903485438141,Leaving Home
2026-01-07 11:00:00,0.0,0.0,0.0,0.0,0.0,0.1,0.47300014026061243,Leaving Home
2026-01-07 11:15:00,0.0,0.0,0.0,0.0,0.0,0.1,0.6668840130546217,Leaving Home
2026-01-07 11:30:00,0.0,0.0,0.0,0.0,0.0,0.1,0.6671944607814497,Leaving Home
2026-01-07 11:45:00,0.0,0.0,0.0,0.0,0.0,0.1,0.6384202072005897,Leaving Home
2026-01-07 12:00:00,0.0,0.0,0.0,0.0,0.0,0.1,0.5005571478200208,Leaving Home
2026-01-07 12:15:00,0.0,0.0,0.0,0.0,0.0,0.1,0.6249548189598076,Leaving Home
2026-01-07 12:30:00,0.0,0.0,0.0,0.0,0.0,0.1,0.4816943815265611,Leaving Home
2026-01-07 12:45:00,0.0,0.0,0.0,0.0,0.0,0.1,0.5747236744903814,Leaving Home
2026-01-07 13:00:00,0.0,0.0,0.0,0.0,0.0,0.1,0.7029413100955326,Leaving Home
2026-01-07 13:15:00,0.0,0.0,0.0,0.0,0.0,0.1,0.6796701927070742,Leaving Home
2026-01-07 13:30:00,0.0,0.0,0.0,0.0,0.0,0.1,0.6015182942540432,Leaving Home
2026-01-07 13:45:00,0.0,0.0,0.0,0.0,0.0,0.1,0.5025193424077158,Leaving Home
2026-01-07 14:00:00,0.0,0.0,0.0,0.0,0.0,0.1,0.6645587712174194,Leaving Home
2026-01-07 14:15:00,0.0,0.0,0.0,0.0,0.0,0.1,0.6019381237698025,Leaving Home
2026-01-07 14:30:00,0.0,0.0,0.0,0.0,0.0,0.1,0.3679684401769576,Leaving Home
2026-01-07 14:45:00,0.0,0.0,0.0,0.0,0.0,0.1,0.6782629826316519,Leaving Home
2026-01-07 15:00:00,0.0,0.0,0.0,0.0,0.0,0.1,0.5975767166130308,Leaving Home
2026-01-07 15:15:00,0.0,0.0,0.0,0.0,0.0,0.1,0.7202451247983072,Leaving Home
2026-01-07 15:30:00,0.0,0.0,0.0,0.0,0.0,0.1,0.4904729481157195,Leaving Home
2026-01-07 15:45:00,0.0,0.0,0.0,0.0,0.0,0.1,0.28232961868039996,Leaving Home
2026-01-07 16:00:00,0.0,0.0,0.0,0.0,0.0,0.1,0.6279083858345185,Leaving Home
2026-01-07 16:15:00,0.0,0.0,0.0,0.0,0.0,0.1,0.6291563676681973,Leaving Home
2026-01-07 16:30:00,0.0,0.0,0.0,0.0,0.0,0.1,0.4309328372393548,Leaving Home
2026-01-07 16:45:00,0.0,0.0,0.0,0.0,0.0,0.1,0.5021500454133394,Leaving Home
2026-01-07 17:00:00,0.0,1.0,0.0,0.0,2.7205390763642057,1.5,4.996060850736196,Cooking
2026-01-07 17:15:00,0.0,1.0,0.0,0.0,3.1886059375322606,1.5,5.158044876116881,Cooking
2026-01-07 17:30:00,0.0,1.0,0.0,0.0,3.78276201461717,1.5,5.855857912254791,Cooking
2026-01-07 17:45:00,0.0,1.0,0.0,0.0,2.967124869463506,1.5,4.9020588867266675,Cooking
2026-01-07 18:00:00,0.0,1.0,0.0,0.0,2.275993049791878,1.5,4.066962759906562,Cooking
2026-01-07 18:15:00,0.0,1.0,0.0,0.0,1.900597021689959,1.5,3.8835711970103683,Cooking
2026-01-07 18:30:00,0.0,1.0,0.0,0.0,2.4893835914346436,1.5,4.462823135406033,Cooking
2026-01-07 18:45:00,0.0,1.0,0.0,0.0,3.3541782236496767,1.5,5.31419039978284,Cooking
2026-01-07 19:00:00,0.0,0.0,1.0,0.0,0.0,1.5,1.9885359164493608,Watching TV
2026-01-07 19:15:00,0.0,0.0,1.0,0.0,0.0,1.5,2.026426827164564,Watching TV
2026-01-07 19:30:00,0.0,0.0,1.0,0.0,0.0,1.5,1.9849883048746193,Watching TV
2026-01-07 19:45:00,0.0,0.0,1.0,0.0,0.0,1.5,1.8735993832052635,Watching TV
2026-01-07 20:00:00,0.0,0.0,1.0,0.0,0.0,1.5,2.048618479156194,Watching TV
2026-01-07 20:15:00,0.0,0.0,1.0,0.0,0.0,1.5,1.8050628244677576,Watching TV
2026-01-07 20:30:00,0.0,0.0,1.0,0.0,0.0,1.5,1.79496425427158,Watching TV
2026-01-07 20:45:00,0.0,0.0,1.0,0.0,0.0,1.5,2.073918049470157,Watching TV
2026-01-07 21:00:00,0.0,0.0,1.0,0.0,0.0,1.5,2.0507020272135357,Watching TV
2026-01-07 21:15:00,0.0,0.0,1.0,0.0,0.0,1.5,1.9942604634925964,Watching TV
2026-01-07 21:30:00,0.0,0.0,1.0,0.0,0.0,1.5,1.8604551495244928,Watching TV
2026-01-07 21:45:00,0.0,0.0,1.0,0.0,0.0,1.5,1.9292089059325925,Watching TV
2026-01-07 22:00:00,0.0,0.0,1.0,0.0,0.0,1.5,1.9737253252313496,Watching TV
2026-01-07 22:15:00,0.0,0.0,1.0,0.0,0.0,1.5,1.8404106031425886,Watching TV
2026-01-07 22:30:00,0.0,0.0,1.0,0.0,0.0,1.5,1.9260971341976767,Watching TV
2026-01-07 22:45:00,0.0,0.0,1.0,0.0,0.0,1.5,2.065233033817668,Watching TV
2026-01-07 23:00:00,0.0,0.0,1.0,0.0,0.0,1.5,2.1427305364289215,Watching TV
2026-01-07 23:15:00,0.0,0.0,1.0,0.0,0.0,1.5,1.958056524734145,Watching TV
2026-01-07 23:30:00,0.0,0.0,1.0,0.0,0.0,1.5,2.07564883543161,Watching TV
2026-01-07 23:45:00,0.0,0.0,1.0,0.0,0.0,1.5,1.8085939929412533,Watching TV
2026-01-08 00:00:00,1.0,0.0,0.0,0.0,0.0,1.026966935739707,1.5929120598510682,Sleeping
2026-01-08 00:15:00,0.0,0.0,0.0,0.0,0.0,0.9769943564403617,1.3965995149676136,Sleeping
2026-01-08 00:30:00,0.0,0.0,0.0,0.0,0.0,0.9055631222456948,1.4362976839164918,Sleeping
2026-01-08 00:45:00,1.0,0.0,0.0,0.0,0.0,1.032324576290898,1.507549334466927,Sleeping
2026-01-08 01:00:00,0.0,0.0,0.0,0.0,0.0,0.8969282497198476,1.528969650698231,Sleeping
2026-01-08 01:15:00,0.0,0.0,0.0,0.0,0.0,0.9950233490350915,1.4075797842010997,Sleeping
2026-01-08 01:30:00,0.0,0.0,0.0,0.0,0.0,0.9259167592032298,1.488677388959413,Sleeping
2026-01-08 01:45:00,0.0,0.0,0.0,0.0,0.0,0.9985710968610031,1.4706203505313498,Sleeping
2026-01-08 02:00:00,0.0,0.0,0.0,0.0,0.0,0.9723101160203622,1.4564795682193958,Sleeping
2026-01-08 02:15:00,0.0,0.0,0.0,0.0,0.0,0.9974610953615513,1.4790757060456303,Sleeping
2026-01-08 02:30:00,0.0,0.0,0.0,0.0,0.0,1.102352152246566,1.5177848417971547,Sleeping
2026-01-08 02:45:00,0.0,0.0,0.0,0.0,0.0,0.8906371053936605,1.3892272088029933,Sleeping
2026-01-08 03:00:00,0.0,0.0,0.0,0.0,0.0,0.9736678097386036,1.4674029875264214,Sleeping
2026-01-08 03:15:00,0.0,0.0,0.0,0.0,0.0,0.9596710498026879,1.4837950746433608,Sleeping
2026-01-08 03:30:00,0.0,1.0,1.0,0.0,5.0,1.052488877866395,6.560939392435682,Anomalous Activity
2026-01-08 03:45:00,0.0,0.0,0.0,0.0,0.0,1.1781625090425367,1.7579619640037603,Sleeping
2026-01-08 04:00:00,0.0,0.0,0.0,0.0,0.0,0.9730813868318611,1.565432248436598,Sleeping
2026-01-08 04:15:00,0.0,0.0,0.0,0.0,0.0,0.9913861554516636,1.3863238232688835,Sleeping
2026-01-08 04:30:00,0.0,0.0,0.0,0.0,0.0,1.0988882737309018,1.685765523789979,Sleeping
2026-01-08 04:45:00,0.0,0.0,0.0,0.0,0.0,1.0623309806654604,1.4436973379544749,Sleeping
2026-01-08 05:00:00,0.0,0.0,0.0,0.0,0.0,1.181198012413487,1.7399836012272605,Sleeping
2026-01-08 05:15:00,0.0,0.0,0.0,0.0,0.0,1.0357925728691768,1.5977664513394636,Sleeping
2026-01-08 05:30:00,0.0,0.0,0.0,0.0,0.0,1.0114533366215464,1.320321647455296,Sleeping
2026-01-08 05:45:00,0.0,0.0,0.0,0.0,0.0,1.095014547099883,1.604312471752824,Sleeping
2026-01-08 06:00:00,0.0,0.0,0.0,0.0,0.0,0.963047838317777,1.4161982269817455,Sleeping
2026-01-08 06:15:00,0.0,0.0,0.0,0.0,0.0,1.0204549396090745,1.444578413815537,Sleeping
2026-01-08 06:30:00,0.0,0.0,0.0,0.0,0.0,0.8968423753129842,1.5319276083828848,Sleeping
2026-01-08 06:45:00,0.0,0.0,0.0,0.0,0.0,0.947070176245378,1.3817022621816362,Sleeping
2026-01-08 07:00:00,0.0,1.0,0.0,0.0,3.3637715850503556,1.2,4.983133892138551,Cooking
2026-01-08 07:15:00,0.0,1.0,0.0,0.0,2.7181618348370162,1.2,4.425731328837525,Cooking
2026-01-08 07:30:00,0.0,1.0,0.0,0.0,2.5190017390841,1.2,4.287560713713942,Cooking
2026-01-08 07:45:00,0.0,1.0,0.0,0.0,2.5600156633591307,1.2,4.245850804758118,Cooking
2026-01-08 08:00:00,0.0,0.0,0.0,1.0,0.0,0.1,0.7166370545669252,Leaving Home
2026-01-08 08:15:00,0.0,0.0,0.0,1.0,0.0,0.1,0.653097566196409,Leaving Home
2026-01-08 08:30:00,0.0,0.0,0.0,1.0,0.0,0.1,0.38217886802685697,Leaving Home
2026-01-08 08:45:00,0.0,0.0,0.0,1.0,0.0,0.1,0.5470533036492992,Leaving Home
2026-01-08 09:00:00,0.0,0.0,0.0,0.0,0.0,0.1,0.54381579006483,Leaving Home
2026-01-08 09:15:00,0.0,0.0,0.0,0.0,0.0,0.1,0.6479360953429422,Leaving Home
2026-01-08 09:30:00,0.0,0.0,0.0,0.0,0.0,0.1,0.33751829436258884,Leaving Home
2026-01-08 09:45:00,0.0,0.0,0.0,0.0,0.0,0.1,0.8549009708717722,Leaving Home
2026-01-08 10:00:00,0.0,0.0,0.0,0.0,0.0,0.1,0.653102609489421,Leaving Home
2026-01-08 10:15:00,0.0,0.0,0.0,0.0,0.0,0.1,0.6148876803917691,Leaving Home
2026-01-08 10:30:00,0.0,0.0,0.0,0.0,0.0,0.1,0.7181567716419146,Leaving Home
2026-01-08 10:45:00,0.0,0.0,0.0,0.0,0.0,0.1,0.8343654052812625,Leaving Home
2026-01-08 11:00:00,0.0,0.0,0.0,0.0,0.0,0.1,0.6870746644588402,Leaving Home
2026-01-08 11:15:00,0.0,0.0,0.0,0.0,0.0,0.1,0.694881309647162,Leaving Home
2026-01-08 11:30:00,0.0,0.0,0.0,0.0,0.0,0.1,0.6130690024464382,Leaving Home
2026-01-08 11:45:00,0.0,0.0,0.0,0.0,0.0,0.1,0.5858474246633052,Leaving Home
2026-01-08 12:00:00,0.0,0.0,0.0,0.0,0.0,0.1,0.5524204555995099,Leaving Home
2026-01-08 12:15:00,0.0,0.0,0.0,0.0,0.0,0.1,0.5173888008285458,Leaving Home
2026-01-08 12:30:00,0.0,0.0,0.0,0.0,0.0,0.1,0.5312985900300503,Leaving Home
2026-01-08 12:45:00,0.0,0.0,0.0,0.0,0.0,0.1,0.46494440356570166,Leaving Home
2026-01-08 13:00:00,0.0,0.0,0.0,0.0,0.0,0.1,0.5924128549314976,Leaving Home
2026-01-08 13:15:00,0.0,0.0,0.0,0.0,0.0,0.1,0.43153324227736134,Leaving Home
2026-01-08 13:30:00,0.0,0.0,0.0,0.0,0.0,0.1,0.619091652414371,Leaving Home
2026-01-08 13:45:00,0.0,0.0,0.0,0.0,0.0,0.1,0.5963669391957658,Leaving Home
2026-01-08 14:00:00,0.0,0.0,0.0,0.0,0.0,0.1,0.6146935298386688,Leaving Home
2026-01-08 14:15:00,0.0,0.0,0.0,0.0,0.0,0.1,0.5477868429980007,Leaving Home
2026-01-08 14:30:00,0.0,0.0,0.0,0.0,0.0,0.1,0.9076860370180503,Leaving Home
2026-01-08 14:45:00,0.0,0.0,0.0,0.0,0.0,0.1,0.7360115900180313,Leaving Home
2026-01-08 15:00:00,0.0,0.0,0.0,0.0,0.0,0.1,0.47554574999152777,Leaving Home
2026-01-08 15:15:00,0.0,0.0,0.0,0.0,0.0,0.1,0.6232868087426898,Leaving Home
2026-01-08 15:30:00,0.0,0.0,0.0,0.0,0.0,0.1,0.5391993857062677,Leaving Home
2026-01-08 15:45:00,0.0,0.0,0.0,0.0,0.0,0.1,0.49855202732925863,Leaving Home
2026-01-08 16:00:00,0.0,0.0,0.0,0.0,0.0,0.1,0.46599279288760653,Leaving Home
2026-01-08 16:15:00,0.0,0.0,0.0,0.0,0.0,0.1,0.6432216690759254,Leaving Home
2026-01-08 16:30:00,0.0,0.0,0.0,0.0,0.0,0.1,0.5318619764930426,Leaving Home
2026-01-08 16:45:00,0.0,0.0,0.0,0.0,0.0,0.1,0.6967826024025204,Leaving Home
2026-01-08 17:00:00,0.0,1.0,0.0,0.0,3.271800077297216,1.5,5.3711782987502605,Cooking
2026-01-08 17:15:00,0.0,1.0,0.0,0.0,2.814692833956947,1.5,4.952084272478092,Cooking
2026-01-08 17:30:00,0.0,1.0,0.0,0.0,3.5743828501860517,1.5,5.489144173578641,Cooking
2026-01-08 17:45:00,0.0,1.0,0.0,0.0,2.13014311061095,1.5,4.177679671680151,Cooking
2026-01-08 18:00:00,0.0,1.0,0.0,0.0,2.352659262139547,1.5,4.415904683803777,Cooking
2026-01-08 18:15:00,0.0,1.0,0.0,0.0,3.58041339368926,1.5,5.532995576178863,Cooking
2026-01-08 18:30:00,0.0,1.0,0.0,0.0,2.976539710560408,1.5,4.89936251482112,Cooking
2026-01-08 18:45:00,0.0,1.0,0.0,0.0,3.238520413611561,1.5,5.399472480189158,Cooking
2026-01-08 19:00:00,0.0,0.0,1.0,0.0,0.0,1.5,2.0227495875732053,Watching TV
2026-01-08 19:15:00,0.0,0.0,1.0,0.0,0.0,1.5,2.063596775071174,Watching TV
2026-01-08 19:30:00,0.0,0.0,1.0,0.0,0.0,1.5,1.9177923988172072,Watching TV
2026-01-08 19:45:00,0.0,0.0,1.0,0.0,0.0,1.5,1.8780715533477808,Watching TV
2026-01-08 20:00:00,0.0,0.0,1.0,0.0,0.0,1.5,1.943055022550789,Watching TV
2026-01-08 20:15:00,0.0,0.0,1.0,0.0,0.0,1.5,1.9875978612610004,Watching TV
2026-01-08 20:30:00,0.0,0.0,1.0,0.0,0.0,1.5,1.893577999318265,Watching TV
2026-01-08 20:45:00,0.0,0.0,1.0,0.0,0.0,1.5,1.9990155191349617,Watching TV
2026-01-08 21:00:00,0.0,0.0,1.0,0.0,0.0,1.5,1.8311494811931501,Watching TV
2026-01-08 21:15:00,0.0,0.0,1.0,0.0,0.0,1.5,1.8879952577530128,Watching TV
2026-01-08 21:30:00,0.0,0.0,1.0,0.0,0.0,1.5,2.0670911248276873,Watching TV
2026-01-08 21:45:00,0.0,0.0,1.0,0.0,0.0,1.5,2.0603790520277894,Watching TV
2026-01-08 22:00:00,0.0,0.0,1.0,0.0,0.0,1.5,1.9608123234613133,Watching TV
2026-01-08 22:15:00,0.0,0.0,1.0,0.0,0.0,1.5,1.8982235690923046,Watching TV
2026-01-08 22:30:00,0.0,0.0,1.0,0.0,0.0,1.5,1.8972596448473988,Watching TV
2026-01-08 22:45:00,0.0,0.0,1.0,0.0,0.0,1.5,1.9626731754058686,Watching TV
2026-01-08 23:00:00,0.0,0.0,1.0,0.0,0.0,1.5,2.064451849164529,Watching TV
2026-01-08 23:15:00,0.0,0.0,1.0,0.0,0.0,1.5,2.0928245691344323,Watching TV
2026-01-08 23:30:00,0.0,0.0,1.0,0.0,0.0,1.5,1.9503468264518031,Watching TV
2026-01-08 23:45:00,0.0,0.0,1.0,0.0,0.0,1.5,1.8846507574015217,Watching TV
2026-01-09 00:00:00,0.0,0.0,0.0,0.0,0.0,1.0048385118285803,1.5316228756152137,Sleeping
2026-01-09 00:15:00,0.0,0.0,0.0,0.0,0.0,0.9312456548660408,1.3488921578034558,Sleeping
2026-01-09 00:30:00,0.0,0.0,0.0,0.0,0.0,0.981000561281762,1.4291752973956418,Sleeping
2026-01-09 00:45:00,0.0,0.0,0.0,0.0,0.0,1.0448390293615861,1.6773666384052899,Sleeping
2026-01-09 01:00:00,1.0,0.0,0.0,0.0,0.0,1.0139342593621263,1.5966458022187031,Sleeping
2026-01-09 01:15:00,0.0,0.0,0.0,0.0,0.0,1.0452534891821335,1.5610509204072787,Sleeping
2026-01-09 01:30:00,0.0,0.0,0.0,0.0,0.0,0.9128866235962483,1.285694723484976,Sleeping
2026-01-09 01:45:00,0.0,0.0,0.0,0.0,0.0,1.0403390023354078,1.5614786590824736,Sleeping
2026-01-09 02:00:00,0.0,0.0,0.0,0.0,0.0,1.0276569152594928,1.6339226443382455,Sleeping
2026-01-09 02:15:00,0.0,0.0,0.0,0.0,0.0,0.9349286462654911,1.3973652796889375,Sleeping
2026-01-09 02:30:00,0.0,0.0,0.0,0.0,0.0,0.996911236442842,1.6320226454415137,Sleeping
2026-01-09 02:45:00,0.0,0.0,0.0,0.0,0.0,1.2003407267182105,1.8296152556700311,Sleeping
2026-01-09 03:00:00,0.0,0.0,0.0,0.0,0.0,1.0197565990172381,1.6861298822315856,Sleeping
2026-01-09 03:15:00,0.0,0.0,0.0,0.0,0.0,1.0449228434919746,1.5754471561451098,Sleeping
2026-01-09 03:30:00,0.0,0.0,0.0,0.0,0.0,0.9228371677583121,1.4815763377389133,Sleeping
2026-01-09 03:45:00,1.0,0.0,0.0,0.0,0.0,1.0296628319676175,1.6710815608007266,Sleeping
2026-01-09 04:00:00,1.0,0.0,0.0,0.0,0.0,1.1005142573278017,1.6452536510346993,Sleeping
2026-01-09 04:15:00,0.0,0.0,0.0,0.0,0.0,0.974761995653555,1.4246385848745338,Sleeping
2026-01-09 04:30:00,0.0,0.0,0.0,0.0,0.0,0.8315214605179537,1.2866671768651676,Sleeping
2026-01-09 04:45:00,0.0,0.0,0.0,0.0,0.0,0.9066277747259777,1.4304832701033516,Sleeping
2026-01-09 05:00:00,0.0,0.0,0.0,0.0,0.0,1.1289756528375374,1.4999195106429155,Sleeping
2026-01-09 05:15:00,0.0,1.0,1.0,0.0,5.0,0.9738600075044878,6.459534115968069,Anomalous Activity
2026-01-09 05:30:00,0.0,0.0,0.0,0.0,0.0,0.8721977416563624,1.4818524534793878,Sleeping
2026-01-09 05:45:00,0.0,0.0,0.0,0.0,0.0,0.8356259284411942,1.116500543324666,Sleeping
2026-01-09 06:00:00,0.0,0.0,0.0,0.0,0.0,0.8706854676353842,1.5241336778148358,Sleeping
2026-01-09 06:15:00,0.0,0.0,0.0,0.0,0.0,0.9399026036996639,1.55214002556998,Sleeping
2026-01-09 06:30:00,0.0,0.0,0.0,0.0,0.0,0.7750904271944061,1.2291139656113585,Sleeping
2026-01-09 06:45:00,0.0,0.0,0.0,0.0,0.0,0.9317007669648877,1.4860398497520686,Sleeping
2026-01-09 07:00:00,0.0,1.0,0.0,0.0,1.805213766618202,1.2,3.505528539308835,Cooking
2026-01-09 07:15:00,0.0,1.0,0.0,0.0,1.677300626521554,1.2,3.500299663365422,Cooking
2026-01-09 07:30:00,0.0,1.0,0.0,0.0,3.192136409255259,1.2,4.990404723532253,Cooking
2026-01-09 07:45:00,0.0,1.0,0.0,0.0,2.78195456002618,1.2,4.341947487707879,Cooking
2026-01-09 08:00:00,0.0,0.0,0.0,1.0,0.0,0.1,0.6587262413464177,Leaving Home
2026-01-09 08:15:00,0.0,0.0,0.0,1.0,0.0,0.1,0.5794372146356752,Leaving Home
2026-01-09 08:30:00,0.0,0.0,0.0,1.0,0.0,0.1,0.60828325705181,Leaving Home
2026-01-09 08:45:00,0.0,1.0,1.0,1.0,5.0,0.1,5.527182809903018,Anomalous Activity
2026-01-09 09:00:00,0.0,0.0,0.0,0.0,0.0,0.1,0.7748137069120835,Leaving Home
2026-01-09 09:15:00,0.0,0.0,0.0,0.0,0.0,0.1,0.7040061819902576,Leaving Home
2026-01-09 09:30:00,0.0,0.0,0.0,0.0,0.0,0.1,0.5260228836027032,Leaving Home
2026-01-09 09:45:00,0.0,0.0,0.0,0.0,0.0,0.1,0.4665389393089767,Leaving Home
2026-01-09 10:00:00,0.0,0.0,0.0,0.0,0.0,0.1,0.5614327369022152,Leaving Home
2026-01-09 10:15:00,0.0,0.0,0.0,0.0,0.0,0.1,0.6434502646091306,Leaving Home
2026-01-09 10:30:00,0.0,0.0,0.0,0.0,0.0,0.1,0.6240205843946223,Leaving Home
2026-01-09 10:45:00,0.0,0.0,0.0,0.0,0.0,0.1,0.7253132824768244,Leaving Home
2026-01-09 11:00:00,0.0,0.0,0.0,0.0,0.0,0.1,0.6789919722180852,Leaving Home
2026-01-09 11:15:00,0.0,0.0,0.0,0.0,0.0,0.1,0.6969569025752906,Leaving Home
2026-01-09 11:30:00,0.0,0.0,0.0,0.0,0.0,0.1,0.6326855400610437,Leaving Home
2026-01-09 11:45:00,0.0,0.0,0.0,0.0,0.0,0.1,0.46107012697890093,Leaving Home
2026-01-09 12:00:00,0.0,0.0,0.0,0.0,0.0,0.1,0.5804301468853098,Leaving Home
2026-01-09 12:15:00,0.0,0.0,0.0,0.0,0.0,0.1,0.7060089739908665,Leaving Home
2026-01-09 12:30:00,0.0,0.0,0.0,0.0,0.0,0.1,0.5948477071475354,Leaving Home
2026-01-09 12:45:00,0.0,0.0,0.0,0.0,0.0,0.1,0.6503090368623746,Leaving Home
2026-01-09 13:00:00,0.0,0.0,0.0,0.0,0.0,0.1,0.5681251684753867,Leaving Home
2026-01-09 13:15:00,0.0,0.0,0.0,0.0,0.0,0.1,0.4970188151458155,Leaving Home
2026-01-09 13:30:00,0.0,0.0,0.0,0.0,0.0,0.1,0.587665593595389,Leaving Home
2026-01-09 13:45:00,0.0,0.0,0.0,0.0,0.0,0.1,0.6309047443032654,Leaving Home
2026-01-09 14:00:00,0.0,0.0,0.0,0.0,0.0,0.1,0.5344312280538557,Leaving Home
2026-01-09 14:15:00,0.0,0.0,0.0,0.0,0.0,0.1,0.5764288755143332,Leaving Home
2026-01-09 14:30:00,0.0,0.0,0.0,0.0,0.0,0.1,0.5060536758014017,Leaving Home
2026-01-09 14:45:00,0.0,0.0,0.0,0.0,0.0,0.1,0.7119244917564096,Leaving Home
2026-01-09 15:00:00,0.0,0.0,0.0,0.0,0.0,0.1,0.5705544242411966,Leaving Home
2026-01-09 15:15:00,0.0,0.0,0.0,0.0,0.0,0.1,0.7452755545126183,Leaving Home
2026-01-09 15:30:00,0.0,0.0,0.0,0.0,0.0,0.1,0.7528747850540908,Leaving Home
2026-01-09 15:45:00,0.0,0.0,0.0,0.0,0.0,0.1,0.5918954035278257,Leaving Home
2026-01-09 16:00:00,0.0,0.0,0.0,0.0,0.0,0.1,0.4991551267452651,Leaving Home
2026-01-09 16:15:00,0.0,0.0,0.0,0.0,0.0,0.1,0.3914102122266663,Leaving Home
2026-01-09 16:30:00,0.0,0.0,0.0,0.0,0.0,0.1,0.4527962926973208,Leaving Home
2026-01-09 16:45:00,0.0,0.0,0.0,0.0,0.0,0.1,0.462616517510134,Leaving Home
2026-01-09 17:00:00,0.0,1.0,0.0,0.0,3.0626122513239538,1.5,5.200459214070104,Cooking
2026-01-09 17:15:00,0.0,1.0,0.0,0.0,2.7852972294373735,1.5,4.796879688160068,Cooking
2026-01-09 17:30:00,0.0,1.0,0.0,0.0,3.0244300351628524,1.5,5.063390487572051,Cooking
2026-01-09 17:45:00,0.0,1.0,0.0,0.0,3.0202958456019413,1.5,4.798253744708429,Cooking
2026-01-09 18:00:00,0.0,1.0,0.0,0.0,2.2986973641001534,1.5,4.178900721178427,Cooking
2026-01-09 18:15:00,0.0,1.0,0.0,0.0,3.8747883715934694,1.5,5.963496349238098,Cooking
2026-01-09 18:30:00,0.0,1.0,0.0,0.0,2.3780683823043574,1.5,4.4067457935426155,Cooking
2026-01-09 18:45:00,0.0,1.0,0.0,0.0,2.6535474011020463,1.5,4.638826873233486,Cooking
2026-01-09 19:00:00,0.0,0.0,1.0,0.0,0.0,1.5,2.056484235860012,Watching TV
2026-01-09 19:15:00,0.0,0.0,1.0,0.0,0.0,1.5,2.1635797806135812,Watching TV
2026-01-09 19:30:00,0.0,0.0,1.0,0.0,0.0,1.5,1.9778957536462949,Watching TV
2026-01-09 19:45:00,0.0,0.0,1.0,0.0,0.0,1.5,2.006936980265807,Watching TV
2026-01-09 20:00:00,0.0,0.0,1.0,0.0,0.0,1.5,2.0192596918731303,Watching TV
2026-01-09 20:15:00,0.0,0.0,1.0,0.0,0.0,1.5,2.239210963527399,Watching TV
2026-01-09 20:30:00,0.0,0.0,1.0,0.0,0.0,1.5,1.7900643735580974,Watching TV
2026-01-09 20:45:00,0.0,0.0,1.0,0.0,0.0,1.5,2.0683223014788807,Watching TV
2026-01-09 21:00:00,0.0,0.0,1.0,0.0,0.0,1.5,1.9885197751240935,Watching TV
2026-01-09 21:15:00,0.0,0.0,1.0,0.0,0.0,1.5,2.056677172618418,Watching TV
2026-01-09 21:30:00,0.0,0.0,1.0,0.0,0.0,1.5,1.9342627446005276,Watching TV
2026-01-09 21:45:00,0.0,0.0,1.0,0.0,0.0,1.5,1.995103496914155,Watching TV
2026-01-09 22:00:00,0.0,0.0,1.0,0.0,0.0,1.5,2.0711410579465497,Watching TV
2026-01-09 22:15:00,0.0,0.0,1.0,0.0,0.0,1.5,2.311291020104384,Watching TV
2026-01-09 22:30:00,0.0,0.0,1.0,0.0,0.0,1.5,2.080803618940207,Watching TV
2026-01-09 22:45:00,0.0,0.0,1.0,0.0,0.0,1.5,1.915193440196949,Watching TV
2026-01-09 23:00:00,0.0,0.0,1.0,0.0,0.0,1.5,1.9576240317977298,Watching TV
2026-01-09 23:15:00,0.0,0.0,1.0,0.0,0.0,1.5,1.9546585891616146,Watching TV
2026-01-09 23:30:00,0.0,0.0,1.0,0.0,0.0,1.5,1.8204356827369985,Watching TV
2026-01-09 23:45:00,0.0,0.0,1.0,0.0,0.0,1.5,1.9669909808298562,Watching TV
2026-01-10 00:00:00,1.0,0.0,0.0,0.0,0.0,1.0414541814379787,1.6147370896201534,Sleeping
2026-01-10 00:15:00,0.0,0.0,0.0,0.0,0.0,0.9227695974673524,1.295346385559673,Sleeping
2026-01-10 00:30:00,0.0,0.0,0.0,0.0,0.0,1.0302685348995986,1.6351168000046579,Sleeping
2026-01-10 00:45:00,0.0,0.0,0.0,0.0,0.0,0.9465851650311903,1.4953626471396242,Sleeping
2026-01-10 01:00:00,0.0,0.0,0.0,0.0,0.0,0.8899220717163315,1.3164987395192278,Sleeping
2026-01-10 01:15:00,0.0,0.0,0.0,0.0,0.0,0.9288701375239462,1.4147171737901614,Sleeping
2026-01-10 01:30:00,0.0,0.0,0.0,0.0,0.0,0.9378181699493608,1.5976503507134643,Sleeping
2026-01-10 01:45:00,0.0,0.0,0.0,0.0,0.0,1.0701373064839224,1.643492087834509,Sleeping
2026-01-10 02:00:00,0.0,0.0,0.0,0.0,0.0,0.8827396743138683,1.3836180398036833,Sleeping
2026-01-10 02:15:00,1.0,0.0,0.0,0.0,0.0,0.8766531898719894,1.352884858175891,Sleeping
2026-01-10 02:30:00,0.0,0.0,0.0,0.0,0.0,0.9739501438061278,1.4816110508512939,Sleeping
2026-01-10 02:45:00,0.0,0.0,0.0,0.0,0.0,1.172683384221876,1.6215070284276456,Sleeping
2026-01-10 03:00:00,0.0,0.0,0.0,0.0,0.0,0.9009307611362296,1.1904558105643281,Sleeping
2026-01-10 03:15:00,0.0,0.0,0.0,0.0,0.0,1.0629413584886787,1.7671591495421517,Sleeping
2026-01-10 03:30:00,0.0,0.0,0.0,0.0,0.0,1.13140094746439,1.6469334473843302,Sleeping
2026-01-10 03:45:00,1.0,0.0,0.0,0.0,0.0,0.8785456510273593,1.418360377539613,Sleeping
2026-01-10 04:00:00,0.0,0.0,0.0,0.0,0.0,1.0072996755973358,1.501508900609645,Sleeping
2026-01-10 04:15:00,0.0,0.0,0.0,0.0,0.0,1.0780078179716583,1.5044961378991997,Sleeping
2026-01-10 04:30:00,0.0,0.0,0.0,0.0,0.0,0.9472530676386144,1.4286606195437372,Sleeping
2026-01-10 04:45:00,0.0,0.0,0.0,0.0,0.0,1.0361676585423656,1.3762281823229343,Sleeping
2026-01-10 05:00:00,0.0,0.0,0.0,0.0,0.0,0.8929405661764398,1.6206492159817703,Sleeping
2026-01-10 05:15:00,0.0,0.0,0.0,0.0,0.0,0.9110253898213432,1.2875741899791036,Sleeping
2026-01-10 05:30:00,0.0,0.0,0.0,0.0,0.0,0.9151901300660769,1.3119935016813589,Sleeping
2026-01-10 05:45:00,0.0,0.0,0.0,0.0,0.0,0.8398980702298248,1.2958721497911847,Sleeping
2026-01-10 06:00:00,1.0,0.0,0.0,0.0,0.0,1.025130564080638,1.6539381365658758,Sleeping
2026-01-10 06:15:00,0.0,0.0,0.0,0.0,0.0,0.9998449494164098,1.5012958493426751,Sleeping
2026-01-10 06:30:00,0.0,0.0,0.0,0.0,0.0,0.9561412793742704,1.332527699771224,Sleeping
2026-01-10 06:45:00,0.0,0.0,0.0,0.0,0.0,1.116630274723679,1.7420641107994128,Sleeping
2026-01-10 07:00:00,0.0,1.0,0.0,0.0,2.1659547731784756,1.2,3.9390548358570237,Cooking
2026-01-10 07:15:00,0.0,1.0,0.0,0.0,2.9960211747682615,1.2,4.749864670489907,Cooking
2026-01-10 07:30:00,0.0,1.0,0.0,0.0,2.7682549217852017,1.2,4.539828345902286,Cooking
2026-01-10 07:45:00,0.0,1.0,0.0,0.0,2.0507660091044815,1.2,3.9902021991627263,Cooking
2026-01-10 08:00:00,0.0,0.0,0.0,1.0,0.0,0.1,0.8185094895036112,Leaving Home
2026-01-10 08:15:00,0.0,0.0,0.0,1.0,0.0,0.1,0.5313284656996705,Leaving Home
2026-01-10 08:30:00,0.0,0.0,0.0,1.0,0.0,0.1,0.7623884992811152,Leaving Home
2026-01-10 08:45:00,0.0,0.0,0.0,1.0,0.0,0.1,0.63831681897589,Leaving Home
2026-01-10 09:00:00,0.0,0.0,0.0,0.0,0.0,0.1,0.6499095816137749,Leaving Home
2026-01-10 09:15:00,0.0,0.0,0.0,0.0,0.0,0.1,0.4307729168356671,Leaving Home
2026-01-10 09:30:00,0.0,0.0,0.0,0.0,0.0,0.1,0.5829614234611804,Leaving Home
2026-01-10 09:45:00,0.0,0.0,0.0,0.0,0.0,0.1,0.5187176409663435,Leaving Home
2026-01-10 10:00:00,0.0,0.0,0.0,0.0,0.0,0.1,0.6828058814893309,Leaving Home
2026-01-10 10:15:00,0.0,0.0,0.0,0.0,0.0,0.1,0.7071080500402805,Leaving Home
2026-01-10 10:30:00,0.0,0.0,0.0,0.0,0.0,0.1,0.39255136489836884,Leaving Home
2026-01-10 10:45:00,0.0,0.0,0.0,0.0,0.0,0.1,0.597796513599573,Leaving Home
2026-01-10 11:00:00,0.0,0.0,0.0,0.0,0.0,0.1,0.7121861504794252,Leaving Home
2026-01-10 11:15:00,0.0,0.0,0.0,0.0,0.0,0.1,0.5813321037686555,Leaving Home
2026-01-10 11:30:00,0.0,0.0,0.0,0.0,0.0,0.1,0.6729063645002364,Leaving Home
2026-01-10 11:45:00,0.0,0.0,0.0,0.0,0.0,0.1,0.6351165467627083,Leaving Home
2026-01-10 12:00:00,0.0,0.0,0.0,0.0,0.0,0.1,0.6341660231952626,Leaving Home
2026-01-10 12:15:00,0.0,0.0,0.0,0.0,0.0,0.1,0.5728685021931702,Leaving Home
2026-01-10 12:30:00,0.0,0.0,0.0,0.0,0.0,0.1,0.478341919586429,Leaving Home
2026-01-10 12:45:00,0.0,0.0,0.0,0.0,0.0,0.1,0.48784698525749726,Leaving Home
2026-01-10 13:00:00,0.0,0.0,0.0,0.0,0.0,0.1,0.6709352514455317,Leaving Home
2026-01-10 13:15:00,0.0,0.0,0.0,0.0,0.0,0.1,0.6019458255518882,Leaving Home
2026-01-10 13:30:00,0.0,0.0,0.0,0.0,0.0,0.1,0.5861487755392776,Leaving Home
2026-01-10 13:45:00,0.0,0.0,0.0,0.0,0.0,0.1,0.5576109957677647,Leaving Home
2026-01-10 14:00:00,0.0,0.0,0.0,0.0,0.0,0.1,0.5694811154519248,Leaving Home
2026-01-10 14:15:00,0.0,0.0,0.0,0.0,0.0,0.1,0.7046911794488139,Leaving Home
2026-01-10 14:30:00,0.0,0.0,0.0,0.0,0.0,0.1,0.5664755918131973,Leaving Home
2026-01-10 14:45:00,0.0,0.0,0.0,0.0,0.0,0.1,0.4658935286698431,Leaving Home
2026-01-10 15:00:00,0.0,0.0,0.0,0.0,0.0,0.1,0.6743651775540173,Leaving Home
2026-01-10 15:15:00,0.0,0.0,0.0,0.0,0.0,0.1,0.5795123336135283,Leaving Home
2026-01-10 15:30:00,0.0,0.0,0.0,0.0,0.0,0.1,0.6031395865532776,Leaving Home
2026-01-10 15:45:00,0.0,0.0,0.0,0.0,0.0,0.1,0.7607578306399511,Leaving Home
2026-01-10 16:00:00,0.0,0.0,0.0,0.0,0.0,0.1,0.5979439442649492,Leaving Home
2026-01-10 16:15:00,0.0,0.0,0.0,0.0,0.0,0.1,0.6289183673118726,Leaving Home
2026-01-10 16:30:00,0.0,0.0,0.0,0.0,0.0,0.1,0.4821076508701675,Leaving Home
2026-01-10 16:45:00,0.0,0.0,0.0,0.0,0.0,0.1,0.578033054764904,Leaving Home
2026-01-10 17:00:00,0.0,1.0,0.0,0.0,2.69329866822953,1.5,4.75425127275039,Cooking
2026-01-10 17:15:00,0.0,1.0,0.0,0.0,2.848765156755936,1.5,4.693227783371812,Cooking
2026-01-10 17:30:00,0.0,1.0,0.0,0.0,3.0802869905249324,1.5,5.100371499836504,Cooking
2026-01-10 17:45:00,0.0,1.0,0.0,0.0,3.001523010076707,1.5,5.011602117341187,Cooking
2026-01-10 18:00:00,0.0,1.0,0.0,0.0,3.474777067720662,1.5,5.478905813279407,Cooking
2026-01-10 18:15:00,0.0,1.0,0.0,0.0,2.2575510157750482,1.5,4.361266905640873,Cooking
2026-01-10 18:30:00,0.0,1.0,0.0,0.0,2.3165606507922893,1.5,4.350004502277142,Cooking
2026-01-10 18:45:00,0.0,1.0,0.0,0.0,2.8876172990536584,1.5,5.035424488889303,Cooking
2026-01-10 19:00:00,0.0,0.0,1.0,0.0,0.0,1.5,1.9006410484405964,Watching TV
2026-01-10 19:15:00,0.0,0.0,1.0,0.0,0.0,1.5,2.0135924567218346,Watching TV
2026-01-10 19:30:00,0.0,0.0,1.0,0.0,0.0,1.5,2.008446678638995,Watching TV
2026-01-10 19:45:00,0.0,0.0,1.0,0.0,0.0,1.5,1.893074550624492,Watching TV
2026-01-10 20:00:00,0.0,0.0,1.0,0.0,0.0,1.5,2.0956295002091347,Watching TV
2026-01-10 20:15:00,0.0,0.0,1.0,0.0,0.0,1.5,2.2324673305852816,Watching TV
2026-01-10 20:30:00,0.0,0.0,1.0,0.0,0.0,1.5,1.9982993925516168,Watching TV
2026-01-10 20:45:00,0.0,0.0,1.0,0.0,0.0,1.5,2.0505021088273767,Watching TV
2026-01-10 21:00:00,0.0,0.0,1.0,0.0,0.0,1.5,2.008451847581533,Watching TV
2026-01-10 21:15:00,0.0,0.0,1.0,0.0,0.0,1.5,1.9286415330092823,Watching TV
2026-01-10 21:30:00,0.0,0.0,1.0,0.0,0.0,1.5,1.8179239722197984,Watching TV
2026-01-10 21:45:00,0.0,0.0,1.0,0.0,0.0,1.5,1.9294226516904636,Watching TV
2026-01-10 22:00:00,0.0,0.0,1.0,0.0,0.0,1.5,1.8608041619048268,Watching TV
2026-01-10 22:15:00,0.0,0.0,1.0,0.0,0.0,1.5,2.1704102078059115,Watching TV
2026-01-10 22:30:00,0.0,0.0,1.0,0.0,0.0,1.5,1.9884890306076761,Watching TV
2026-01-10 22:45:00,0.0,0.0,1.0,0.0,0.0,1.5,1.965408067095283,Watching TV
2026-01-10 23:00:00,0.0,0.0,1.0,0.0,0.0,1.5,2.0889153824787807,Watching TV
2026-01-10 23:15:00,0.0,0.0,1.0,0.0,0.0,1.5,1.8878248897144112,Watching TV
2026-01-10 23:30:00,0.0,0.0,1.0,0.0,0.0,1.5,1.9233135961995447,Watching TV
2026-01-10 23:45:00,0.0,0.0,1.0,0.0,0.0,1.5,2.0068072269248622,Watching TV
2026-01-11 00:00:00,0.0,0.0,0.0,0.0,0.0,0.8806940045089764,1.4835709036513245,Sleeping
2026-01-11 00:15:00,0.0,0.0,0.0,0.0,0.0,0.9959911487343447,1.5461596532512236,Sleeping
2026-01-11 00:30:00,0.0,0.0,0.0,0.0,0.0,0.9125179619923881,1.4373504762439762,Sleeping
2026-01-11 00:45:00,0.0,0.0,0.0,0.0,0.0,0.7723626491407998,1.2801744226644014,Sleeping
2026-01-11 01:00:00,0.0,0.0,0.0,0.0,0.0,1.1142326454538352,1.6542562310065128,Sleeping
2026-01-11 01:15:00,0.0,0.0,0.0,0.0,0.0,0.8879177634479613,1.4080830539608868,Sleeping
2026-01-11 01:30:00,0.0,0.0,0.0,0.0,0.0,0.9911657340990905,1.388168506621397,Sleeping
2026-01-11 01:45:00,0.0,0.0,0.0,0.0,0.0,1.0921349602986496,1.5967428824619647,Sleeping
2026-01-11 02:00:00,0.0,0.0,0.0,0.0,0.0,0.9359506565230816,1.3285817906313064,Sleeping
2026-01-11 02:15:00,0.0,0.0,0.0,0.0,0.0,1.0168395192475246,1.524947773537607,Sleeping
2026-01-11 02:30:00,0.0,0.0,0.0,0.0,0.0,0.9771017138509753,1.4290369197021513,Sleeping
2026-01-11 02:45:00,0.0,0.0,0.0,0.0,0.0,1.0090042837653286,1.7629424460436147,Sleeping
2026-01-11 03:00:00,0.0,0.0,0.0,0.0,0.0,0.9197507266788353,1.415761288303664,Sleeping
2026-01-11 03:15:00,0.0,0.0,0.0,0.0,0.0,1.1298811324847051,1.4894571758585462,Sleeping
2026-01-11 03:30:00,0.0,0.0,0.0,0.0,0.0,0.9548590342399361,1.4414410131722437,Sleeping
2026-01-11 03:45:00,0.0,0.0,0.0,0.0,0.0,0.956394651235012,1.508330525798801,Sleeping
2026-01-11 04:00:00,0.0,0.0,0.0,0.0,0.0,1.0607131100783618,1.7280495046936142,Sleeping
2026-01-11 04:15:00,0.0,0.0,0.0,0.0,0.0,1.1311158886318105,1.5721706486379385,Sleeping
2026-01-11 04:30:00,0.0,0.0,0.0,0.0,0.0,1.064168743715465,1.405925946313101,Sleeping
2026-01-11 04:45:00,0.0,0.0,0.0,0.0,0.0,1.122462708722633,1.7041464098657313,Sleeping
2026-01-11 05:00:00,0.0,0.0,0.0,0.0,0.0,1.1455618690081117,1.5075019984181466,Sleeping
2026-01-11 05:15:00,0.0,0.0,0.0,0.0,0.0,1.1799271575019,1.6363116133511513,Sleeping
2026-01-11 05:30:00,0.0,0.0,0.0,0.0,0.0,1.0556820840774999,1.5299200355264004,Sleeping
2026-01-11 05:45:00,0.0,0.0,0.0,0.0,0.0,0.9789629841438954,1.4719996388138845,Sleeping
2026-01-11 06:00:00,0.0,0.0,0.0,0.0,0.0,1.0579442572867261,1.6268607029941597,Sleeping
2026-01-11 06:15:00,0.0,0.0,0.0,0.0,0.0,1.0147699325226778,1.446406504294039,Sleeping
2026-01-11 06:30:00,0.0,0.0,0.0,0.0,0.0,0.8659446819996172,1.3385717567829412,Sleeping
2026-01-11 06:45:00,0.0,0.0,0.0,0.0,0.0,1.09130002202743,1.5898729867324912,Sleeping
2026-01-11 07:00:00,0.0,1.0,0.0,0.0,2.4164391431067944,1.2,4.131398938858673,Cooking
2026-01-11 07:15:00,0.0,1.0,0.0,0.0,2.64128997524415,1.2,4.351072692714943,Cooking
2026-01-11 07:30:00,0.0,1.0,0.0,0.0,2.7454874758191257,1.2,4.4890880533413835,Cooking
2026-01-11 07:45:00,0.0,1.0,0.0,0.0,2.8674388930249086,1.2,4.651822843989082,Cooking
2026-01-11 08:00:00,0.0,0.0,0.0,1.0,0.0,0.1,0.6392634115650968,Leaving Home
2026-01-11 08:15:00,0.0,0.0,0.0,1.0,0.0,0.1,0.6453585523509219,Leaving Home
2026-01-11 08:30:00,0.0,0.0,0.0,1.0,0.0,0.1,0.44177768332535217,Leaving Home
2026-01-11 08:45:00,0.0,0.0,0.0,1.0,0.0,0.1,0.605022769916568,Leaving Home
2026-01-11 09:00:00,0.0,0.0,0.0,0.0,0.0,0.1,0.6479507548001608,Leaving Home
2026-01-11 09:15:00,0.0,0.0,0.0,0.0,0.0,0.1,0.672894119457045,Leaving Home
2026-01-11 09:30:00,0.0,0.0,0.0,0.0,0.0,0.1,0.5307649225766206,Leaving Home
2026-01-11 09:45:00,0.0,0.0,0.0,0.0,0.0,0.1,0.5340960725111354,Leaving Home
2026-01-11 10:00:00,0.0,0.0,0.0,0.0,0.0,0.1,0.5425899324716401,Leaving Home
2026-01-11 10:15:00,0.0,0.0,0.0,0.0,0.0,0.1,0.6536413899891343,Leaving Home
2026-01-11 10:30:00,0.0,0.0,0.0,0.0,0.0,0.1,0.7033881054924208,Leaving Home
2026-01-11 10:45:00,0.0,0.0,0.0,0.0,0.0,0.1,0.5592539892708398,Leaving Home
2026-01-11 11:00:00,0.0,0.0,0.0,0.0,0.0,0.1,0.6907962313627048,Leaving Home
2026-01-11 11:15:00,0.0,0.0,0.0,0.0,0.0,0.1,0.6123479809164594,Leaving Home
2026-01-11 11:30:00,0.0,0.0,0.0,0.0,0.0,0.1,0.5875714222837564,Leaving Home
2026-01-11 11:45:00,0.0,0.0,0.0,0.0,0.0,0.1,0.5788615770182031,Leaving Home
2026-01-11 12:00:00,0.0,0.0,0.0,0.0,0.0,0.1,0.6746611364602156,Leaving Home
2026-01-11 12:15:00,0.0,0.0,0.0,0.0,0.0,0.1,0.632557781678707,Leaving Home
2026-01-11 12:30:00,0.0,0.0,0.0,0.0,0.0,0.1,0.8275825427647637,Leaving Home
2026-01-11 12:45:00,0.0,0.0,0.0,0.0,0.0,0.1,0.5147775357002676,Leaving Home
2026-01-11 13:00:00,0.0,0.0,0.0,0.0,0.0,0.1,0.6518101702029976,Leaving Home
2026-01-11 13:15:00,0.0,0.0,0.0,0.0,0.0,0.1,0.5470798990188487,Leaving Home
2026-01-11 13:30:00,0.0,0.0,0.0,0.0,0.0,0.1,0.5130713013011357,Leaving Home
2026-01-11 13:45:00,0.0,0.0,0.0,0.0,0.0,0.1,0.5989132862965028,Leaving Home
2026-01-11 14:00:00,0.0,1.0,1.0,0.0,5.0,0.1,5.613735247940703,Anomalous Activity
2026-01-11 14:15:00,0.0,0.0,0.0,0.0,0.0,0.1,0.8918173555060093,Leaving Home
2026-01-11 14:30:00,0.0,0.0,0.0,0.0,0.0,0.1,0.5815854184316798,Leaving Home
2026-01-11 14:45:00,0.0,0.0,0.0,0.0,0.0,0.1,0.48698212705153165,Leaving Home
2026-01-11 15:00:00,0.0,0.0,0.0,0.0,0.0,0.1,0.6273010717494385,Leaving Home
2026-01-11 15:15:00,0.0,0.0,0.0,0.0,0.0,0.1,0.3925359962453632,Leaving Home
2026-01-11 15:30:00,0.0,0.0,0.0,0.0,0.0,0.1,0.5908043217395734,Leaving Home
2026-01-11 15:45:00,0.0,0.0,0.0,0.0,0.0,0.1,0.601602528229516,Leaving Home
2026-01-11 16:00:00,0.0,0.0,0.0,0.0,0.0,0.1,0.6794600382945212,Leaving Home
2026-01-11 16:15:00,0.0,0.0,0.0,0.0,0.0,0.1,0.6973622249427847,Leaving Home
2026-01-11 16:30:00,0.0,0.0,0.0,0.0,0.0,0.1,0.5496430381092282,Leaving Home
2026-01-11 16:45:00,0.0,0.0,0.0,0.0,0.0,0.1,0.5849385985370067,Leaving Home
2026-01-11 17:00:00,0.0,1.0,0.0,0.0,3.5983157433228254,1.5,5.521703660261758,Cooking
2026-01-11 17:15:00,0.0,1.0,1.0,0.0,5.0,1.5,6.88719374451923,Anomalous Activity
2026-01-11 17:30:00,0.0,1.0,0.0,0.0,2.60755084345888,1.5,4.638540321396943,Cooking
2026-01-11 17:45:00,0.0,1.0,0.0,0.0,3.3241402169219296,1.5,5.1967816620622695,Cooking
2026-01-11 18:00:00,0.0,1.0,0.0,0.0,2.55625391109895,1.5,4.514791221041763,Cooking
2026-01-11 18:15:00,0.0,1.0,0.0,0.0,2.781270849838295,1.5,4.681753453848371,Cooking
2026-01-11 18:30:00,0.0,1.0,0.0,0.0,3.8634819256167026,1.5,5.9184502442457285,Cooking
2026-01-11 18:45:00,0.0,1.0,0.0,0.0,2.800181907192699,1.5,4.980324917119348,Cooking
2026-01-11 19:00:00,0.0,0.0,1.0,0.0,0.0,1.5,1.8698412017196668,Watching TV
2026-01-11 19:15:00,0.0,0.0,1.0,0.0,0.0,1.5,1.814698151710243,Watching TV
2026-01-11 19:30:00,0.0,0.0,1.0,0.0,0.0,1.5,1.9875113114649934,Watching TV
2026-01-11 19:45:00,0.0,1.0,1.0,0.0,5.0,1.5,7.001569779595776,Anomalous Activity
2026-01-11 20:00:00,0.0,0.0,1.0,0.0,0.0,1.5,2.02186593067573,Watching TV
2026-01-11 20:15:00,0.0,0.0,1.0,0.0,0.0,1.5,1.9553679484765656,Watching TV
2026-01-11 20:30:00,0.0,0.0,1.0,0.0,0.0,1.5,1.9799360701174569,Watching TV
2026-01-11 20:45:00,0.0,0.0,1.0,0.0,0.0,1.5,2.0367510410540604,Watching TV
2026-01-11 21:00:00,0.0,0.0,1.0,0.0,0.0,1.5,2.1040430892644837,Watching TV
2026-01-11 21:15:00,0.0,0.0,1.0,0.0,0.0,1.5,1.8044951229681718,Watching TV
2026-01-11 21:30:00,0.0,0.0,1.0,0.0,0.0,1.5,1.9631060560968538,Watching TV
2026-01-11 21:45:00,0.0,0.0,1.0,0.0,0.0,1.5,2.0213808793941066,Watching TV
2026-01-11 22:00:00,0.0,0.0,1.0,0.0,0.0,1.5,1.9082023895389264,Watching TV
2026-01-11 22:15:00,0.0,0.0,1.0,0.0,0.0,1.5,2.1731169631767298,Watching TV
2026-01-11 22:30:00,0.0,0.0,1.0,0.0,0.0,1.5,1.9364590119771263,Watching TV
2026-01-11 22:45:00,0.0,0.0,1.0,0.0,0.0,1.5,1.9958707312992718,Watching TV
2026-01-11 23:00:00,0.0,0.0,1.0,0.0,0.0,1.5,2.055602209684229,Watching TV
2026-01-11 23:15:00,0.0,0.0,1.0,0.0,0.0,1.5,1.9408715211198104,Watching TV
2026-01-11 23:30:00,0.0,0.0,1.0,0.0,0.0,1.5,1.8153426952195582,Watching TV
2026-01-11 23:45:00,0.0,0.0,1.0,0.0,0.0,1.5,1.9571345473083466,Watching TV
2026-01-12 00:00:00,0.0,0.0,0.0,0.0,0.0,1.111590205336536,1.71453426092924,Sleeping
2026-01-12 00:15:00,0.0,0.0,0.0,0.0,0.0,0.9350734421924075,1.4013839295138937,Sleeping
2026-01-12 00:30:00,0.0,0.0,0.0,0.0,0.0,0.9568204211359794,1.3721769909900816,Sleeping
2026-01-12 00:45:00,0.0,0.0,0.0,0.0,0.0,0.9113957545668326,1.503962975517105,Sleeping
2026-01-12 01:00:00,0.0,0.0,0.0,0.0,0.0,1.0189847836212464,1.4859072940189413,Sleeping
2026-01-12 01:15:00,0.0,0.0,0.0,0.0,0.0,1.0576758066193073,1.5066597252542855,Sleeping
2026-01-12 01:30:00,0.0,0.0,0.0,0.0,0.0,1.1147409330191607,1.6296865419854916,Sleeping
2026-01-12 01:45:00,0.0,0.0,0.0,0.0,0.0,0.9695776118828187,1.5466526328446975,Sleeping
2026-01-12 02:00:00,0.0,0.0,0.0,0.0,0.0,0.8589175501912125,1.597088903364467,Sleeping
2026-01-12 02:15:00,0.0,0.0,0.0,0.0,0.0,0.8825529473233283,1.4652765580890708,Sleeping
2026-01-12 02:30:00,0.0,0.0,0.0,0.0,0.0,0.8104035158692711,1.4263875125081054,Sleeping
2026-01-12 02:45:00,0.0,0.0,0.0,0.0,0.0,1.0170298362162393,1.4664332163174538,Sleeping
2026-01-12 03:00:00,0.0,0.0,0.0,0.0,0.0,0.963116977040746,1.3605301664437983,Sleeping
2026-01-12 03:15:00,0.0,0.0,0.0,0.0,0.0,1.0401771282558574,1.5464102632177696,Sleeping
2026-01-12 03:30:00,0.0,0.0,0.0,0.0,0.0,1.0205686374960685,1.5312856290220282,Sleeping
2026-01-12 03:45:00,0.0,0.0,0.0,0.0,0.0,0.962154594815354,1.3543033206788944,Sleeping
2026-01-12 04:00:00,0.0,0.0,0.0,0.0,0.0,1.03547784821702,1.5179483952266186,Sleeping
2026-01-12 04:15:00,0.0,0.0,0.0,0.0,0.0,0.8902137641650776,1.4301455243369907,Sleeping
2026-01-12 04:30:00,1.0,0.0,0.0,0.0,0.0,0.9023624728716628,1.438401812373471,Sleeping
2026-01-12 04:45:00,1.0,0.0,0.0,0.0,0.0,0.9107544160643096,1.4611832014027368,Sleeping
2026-01-12 05:00:00,0.0,0.0,0.0,0.0,0.0,0.9696169152013784,1.4987133882151227,Sleeping
2026-01-12 05:15:00,0.0,0.0,0.0,0.0,0.0,1.156810479471821,1.6061096135448154,Sleeping
2026-01-12 05:30:00,0.0,0.0,0.0,0.0,0.0,1.010164428768951,1.4587743661040666,Sleeping
2026-01-12 05:45:00,0.0,0.0,0.0,0.0,0.0,0.8868973608508057,1.2670022210514182,Sleeping
2026-01-12 06:00:00,0.0,0.0,0.0,0.0,0.0,1.0247077377806304,1.7031852416991398,Sleeping
2026-01-12 06:15:00,1.0,0.0,0.0,0.0,0.0,1.008733105791541,1.5100781422534704,Sleeping
2026-01-12 06:30:00,0.0,0.0,0.0,0.0,0.0,1.0884606789862694,1.5659753734067843,Sleeping
2026-01-12 06:45:00,0.0,0.0,0.0,0.0,0.0,0.9080819861279283,1.3152027779826825,Sleeping
2026-01-12 07:00:00,0.0,1.0,0.0,0.0,2.6467789660833145,1.2,4.640344756316092,Cooking
2026-01-12 07:15:00,0.0,1.0,0.0,0.0,1.8217090976882975,1.2,3.414376294466008,Cooking
2026-01-12 07:30:00,0.0,1.0,0.0,0.0,1.6924340920472454,1.2,3.349549299486638,Cooking
2026-01-12 07:45:00,0.0,1.0,0.0,0.0,3.0823696772285856,1.2,4.823953360857192,Cooking
2026-01-12 08:00:00,0.0,0.0,0.0,1.0,0.0,0.1,0.6600212965744278,Leaving Home
2026-01-12 08:15:00,0.0,0.0,0.0,1.0,0.0,0.1,0.6957932055215684,Leaving Home
2026-01-12 08:30:00,0.0,0.0,0.0,1.0,0.0,0.1,0.7807608507769263,Leaving Home
2026-01-12 08:45:00,0.0,0.0,0.0,1.0,0.0,0.1,0.6506157655460713,Leaving Home
2026-01-12 09:00:00,0.0,0.0,0.0,0.0,0.0,0.1,0.49439692000333324,Leaving Home
2026-01-12 09:15:00,0.0,0.0,0.0,0.0,0.0,0.1,0.5743054874878218,Leaving Home
2026-01-12 09:30:00,0.0,0.0,0.0,0.0,0.0,0.1,0.6307832372513885,Leaving Home
2026-01-12 09:45:00,0.0,0.0,0.0,0.0,0.0,0.1,0.8068226041505824,Leaving Home
2026-01-12 10:00:00,0.0,0.0,0.0,0.0,0.0,0.1,0.4602194521575703,Leaving Home
2026-01-12 10:15:00,0.0,0.0,0.0,0.0,0.0,0.1,0.7202576505225228,Leaving Home
2026-01-12 10:30:00,0.0,0.0,0.0,0.0,0.0,0.1,0.6179914369546416,Leaving Home
2026-01-12 10:45:00,0.0,0.0,0.0,0.0,0.0,0.1,0.683783053522948,Leaving Home
2026-01-12 11:00:00,0.0,0.0,0.0,0.0,0.0,0.1,0.5898005283364068,Leaving Home
2026-01-12 11:15:00,0.0,0.0,0.0,0.0,0.0,0.1,0.5157567369873673,Leaving Home
2026-01-12 11:30:00,0.0,0.0,0.0,0.0,0.0,0.1,0.6750872779401332,Leaving Home
2026-01-12 11:45:00,0.0,0.0,0.0,0.0,0.0,0.1,0.6654431027105621,Leaving Home
2026-01-12 12:00:00,0.0,0.0,0.0,0.0,0.0,0.1,0.6972056965739721,Leaving Home
2026-01-12 12:15:00,0.0,0.0,0.0,0.0,0.0,0.1,0.5986695364621365,Leaving Home
2026-01-12 12:30:00,0.0,0.0,0.0,0.0,0.0,0.1,0.540017797668015,Leaving Home
2026-01-12 12:45:00,0.0,0.0,0.0,0.0,0.0,0.1,0.4441213004976158,Leaving Home
2026-01-12 13:00:00,0.0,0.0,0.0,0.0,0.0,0.1,0.6819373268139406,Leaving Home
2026-01-12 13:15:00,0.0,0.0,0.0,0.0,0.0,0.1,0.6423889482443986,Leaving Home
2026-01-12 13:30:00,0.0,0.0,0.0,0.0,0.0,0.1,0.503421736713604,Leaving Home
2026-01-12 13:45:00,0.0,0.0,0.0,0.0,0.0,0.1,0.5461426326703376,Leaving Home
2026-01-12 14:00:00,0.0,0.0,0.0,0.0,0.0,0.1,0.553324118804856,Leaving Home
2026-01-12 14:15:00,0.0,0.0,0.0,0.0,0.0,0.1,0.45170155680175816,Leaving Home
2026-01-12 14:30:00,0.0,0.0,0.0,0.0,0.0,0.1,0.5182317603394866,Leaving Home
2026-01-12 14:45:00,0.0,0.0,0.0,0.0,0.0,0.1,0.48661696431936463,Leaving Home
2026-01-12 15:00:00,0.0,0.0,0.0,0.0,0.0,0.1,0.5587520988112064,Leaving Home
2026-01-12 15:15:00,0.0,0.0,0.0,0.0,0.0,0.1,0.5261302501670437,Leaving Home
2026-01-12 15:30:00,0.0,0.0,0.0,0.0,0.0,0.1,0.43729950791332506,Leaving Home
2026-01-12 15:45:00,0.0,0.0,0.0,0.0,0.0,0.1,0.8022590230569481,Leaving Home
2026-01-12 16:00:00,0.0,0.0,0.0,0.0,0.0,0.1,0.725254073102923,Leaving Home
2026-01-12 16:15:00,0.0,0.0,0.0,0.0,0.0,0.1,0.5220980578480015,Leaving Home
2026-01-12 16:30:00,0.0,0.0,0.0,0.0,0.0,0.1,0.627242139665361,Leaving Home
2026-01-12 16:45:00,0.0,0.0,0.0,0.0,0.0,0.1,0.6417465089821295,Leaving Home
2026-01-12 17:00:00,0.0,1.0,0.0,0.0,2.854094365542228,1.5,4.973202951019575,Cooking
2026-01-12 17:15:00,0.0,1.0,0.0,0.0,2.2184045956516716,1.5,4.136544092985663,Cooking
2026-01-12 17:30:00,0.0,1.0,0.0,0.0,3.4415548885735796,1.5,5.550765566971822,Cooking
2026-01-12 17:45:00,0.0,1.0,0.0,0.0,2.961081401493599,1.5,4.906290871072906,Cooking
2026-01-12 18:00:00,0.0,1.0,0.0,0.0,3.149376454182843,1.5,5.015790213765981,Cooking
2026-01-12 18:15:00,0.0,1.0,0.0,0.0,2.624104474952408,1.5,4.696518130883858,Cooking
2026-01-12 18:30:00,0.0,1.0,0.0,0.0,3.0566352052688823,1.5,5.185711047681125,Cooking
2026-01-12 18:45:00,0.0,1.0,0.0,0.0,2.2808610108413165,1.5,4.539651908194385,Cooking
2026-01-12 19:00:00,0.0,0.0,1.0,0.0,0.0,1.5,1.8800274734909785,Watching TV
2026-01-12 19:15:00,0.0,0.0,1.0,0.0,0.0,1.5,2.0698919685080788,Watching TV
2026-01-12 19:30:00,0.0,0.0,1.0,0.0,0.0,1.5,1.9590198756206467,Watching TV
2026-01-12 19:45:00,0.0,0.0,1.0,0.0,0.0,1.5,2.078335871052403,Watching TV
2026-01-12 20:00:00,0.0,0.0,1.0,0.0,0.0,1.5,1.852951044876875,Watching TV
2026-01-12 20:15:00,0.0,0.0,1.0,0.0,0.0,1.5,1.8737230224301435,Watching TV
2026-01-12 20:30:00,0.0,0.0,1.0,0.0,0.0,1.5,1.9224125176833518,Watching TV
2026-01-12 20:45:00,0.0,0.0,1.0,0.0,0.0,1.5,2.007896404566808,Watching TV
2026-01-12 21:00:00,0.0,0.0,1.0,0.0,0.0,1.5,1.9358918733461645,Watching TV
2026-01-12 21:15:00,0.0,0.0,1.0,0.0,0.0,1.5,2.065905434391342,Watching TV
2026-01-12 21:30:00,0.0,0.0,1.0,0.0,0.0,1.5,2.1026894618257916,Watching TV
2026-01-12 21:45:00,0.0,0.0,1.0,0.0,0.0,1.5,2.0599577541245355,Watching TV
2026-01-12 22:00:00,0.0,0.0,1.0,0.0,0.0,1.5,2.1618787639660866,Watching TV
2026-01-12 22:15:00,0.0,0.0,1.0,0.0,0.0,1.5,2.041582662945534,Watching TV
2026-01-12 22:30:00,0.0,0.0,1.0,0.0,0.0,1.5,1.8783103289659833,Watching TV
2026-01-12 22:45:00,0.0,0.0,1.0,0.0,0.0,1.5,2.136337651353834,Watching TV
2026-01-12 23:00:00,0.0,0.0,1.0,0.0,0.0,1.5,1.9394843764394003,Watching TV
2026-01-12 23:15:00,0.0,0.0,1.0,0.0,0.0,1.5,2.091041849968557,Watching TV
2026-01-12 23:30:00,0.0,0.0,1.0,0.0,0.0,1.5,2.1573734216555107,Watching TV
2026-01-12 23:45:00,0.0,0.0,1.0,0.0,0.0,1.5,2.04566880107304,Watching TV
2026-01-13 00:00:00,0.0,0.0,0.0,0.0,0.0,0.926419608495717,1.276803727179252,Sleeping
2026-01-13 00:15:00,0.0,0.0,0.0,0.0,0.0,1.0203672084893098,1.4285459918383308,Sleeping
2026-01-13 00:30:00,1.0,0.0,0.0,0.0,0.0,1.0265056044840313,1.6587800511725448,Sleeping
2026-01-13 00:45:00,0.0,0.0,0.0,0.0,0.0,0.9954973177171134,1.4785850491528318,Sleeping
2026-01-13 01:00:00,0.0,0.0,0.0,0.0,0.0,0.8810988717619965,1.389056225256213,Sleeping
2026-01-13 01:15:00,0.0,0.0,0.0,0.0,0.0,0.9744748057897746,1.5503572474061356,Sleeping
2026-01-13 01:30:00,0.0,0.0,0.0,0.0,0.0,0.9194628172949656,1.489095103502998,Sleeping
2026-01-13 01:45:00,0.0,0.0,0.0,0.0,0.0,1.059644233956067,1.587524215194613,Sleeping
2026-01-13 02:00:00,0.0,0.0,0.0,0.0,0.0,0.9696338476126004,1.448767010490554,Sleeping
2026-01-13 02:15:00,0.0,0.0,0.0,0.0,0.0,0.8044723573689899,1.2732055127957542,Sleeping
2026-01-13 02:30:00,0.0,0.0,0.0,0.0,0.0,0.9501637607807554,1.5359536433098897,Sleeping
2026-01-13 02:45:00,0.0,0.0,0.0,0.0,0.0,1.0992688538912792,1.6546258069980584,Sleeping
2026-01-13 03:00:00,0.0,0.0,0.0,0.0,0.0,0.9434715223600918,1.417741522298313,Sleeping
2026-01-13 03:15:00,0.0,0.0,0.0,0.0,0.0,0.9589291340897583,1.5671403653890725,Sleeping
2026-01-13 03:30:00,0.0,0.0,0.0,0.0,0.0,0.8481551056035259,1.3352516940905477,Sleeping
2026-01-13 03:45:00,0.0,0.0,0.0,0.0,0.0,1.1243852932586313,1.539219075825192,Sleeping
2026-01-13 04:00:00,0.0,0.0,0.0,0.0,0.0,1.0372434646982214,1.4613463948078869,Sleeping
2026-01-13 04:15:00,0.0,0.0,0.0,0.0,0.0,0.9209933674864722,1.3231192838554957,Sleeping
2026-01-13 04:30:00,0.0,0.0,0.0,0.0,0.0,0.959793325548333,1.4325523238879643,Sleeping
2026-01-13 04:45:00,0.0,0.0,0.0,0.0,0.0,1.052426467764317,1.6757988955979362,Sleeping
2026-01-13 05:00:00,0.0,0.0,0.0,0.0,0.0,0.8063884686321379,1.225878950529087,Sleeping
2026-01-13 05:15:00,0.0,0.0,0.0,0.0,0.0,1.0125846969619356,1.531432273063746,Sleeping
2026-01-13 05:30:00,0.0,0.0,0.0,0.0,0.0,1.0723610587228876,1.5066921241601463,Sleeping
2026-01-13 05:45:00,0.0,0.0,0.0,0.0,0.0,1.0667460781639313,1.5407151740367875,Sleeping
2026-01-13 06:00:00,0.0,0.0,0.0,0.0,0.0,0.9033687614234868,1.2523646402249615,Sleeping
2026-01-13 06:15:00,0.0,0.0,0.0,0.0,0.0,1.0150136116371384,1.4929597887214847,Sleeping
2026-01-13 06:30:00,0.0,0.0,0.0,0.0,0.0,1.0252936814265081,1.5059231434460119,Sleeping
2026-01-13 06:45:00,0.0,0.0,0.0,0.0,0.0,0.9936553936055854,1.547684188009155,Sleeping
2026-01-13 07:00:00,0.0,1.0,0.0,0.0,2.6659901652845073,1.2,4.388318256610044,Cooking
2026-01-13 07:15:00,0.0,1.0,0.0,0.0,2.5952498398895334,1.2,4.175410627394329,Cooking
2026-01-13 07:30:00,0.0,1.0,0.0,0.0,2.7565528990880415,1.2,4.564972723492396,Cooking
2026-01-13 07:45:00,0.0,1.0,0.0,0.0,2.3702266612080414,1.2,4.09125696523024,Cooking
2026-01-13 08:00:00,0.0,0.0,0.0,1.0,0.0,0.1,0.6198393517177486,Leaving Home
2026-01-13 08:15:00,0.0,0.0,0.0,1.0,0.0,0.1,0.5990817646614861,Leaving Home
2026-01-13 08:30:00,0.0,0.0,0.0,1.0,0.0,0.1,0.5482242552777781,Leaving Home
2026-01-13 08:45:00,0.0,0.0,0.0,1.0,0.0,0.1,0.6217802339748726,Leaving Home
2026-01-13 09:00:00,0.0,0.0,0.0,0.0,0.0,0.1,0.6475588435928582,Leaving Home
2026-01-13 09:15:00,0.0,0.0,0.0,0.0,0.0,0.1,0.4253104308654445,Leaving Home
2026-01-13 09:30:00,0.0,0.0,0.0,0.0,0.0,0.1,0.5461239162653905,Leaving Home
2026-01-13 09:45:00,0.0,0.0,0.0,0.0,0.0,0.1,0.5745053029596411,Leaving Home
2026-01-13 10:00:00,0.0,0.0,0.0,0.0,0.0,0.1,0.6256170605694278,Leaving Home
2026-01-13 10:15:00,0.0,0.0,0.0,0.0,0.0,0.1,0.7193311005927125,Leaving Home
2026-01-13 10:30:00,0.0,0.0,0.0,0.0,0.0,0.1,0.5228259185403218,Leaving Home
2026-01-13 10:45:00,0.0,0.0,0.0,0.0,0.0,0.1,0.5502038153182158,Leaving Home
2026-01-13 11:00:00,0.0,0.0,0.0,0.0,0.0,0.1,0.548746588935345,Leaving Home
2026-01-13 11:15:00,0.0,0.0,0.0,0.0,0.0,0.1,0.5198472409895458,Leaving Home
2026-01-13 11:30:00,0.0,0.0,0.0,0.0,0.0,0.1,0.5652813504887737,Leaving Home
2026-01-13 11:45:00,0.0,0.0,0.0,0.0,0.0,0.1,0.6770802219987971,Leaving Home
2026-01-13 12:00:00,0.0,0.0,0.0,0.0,0.0,0.1,0.4946164504635654,Leaving Home
2026-01-13 12:15:00,0.0,0.0,0.0,0.0,0.0,0.1,0.6427814395152903,Leaving Home
2026-01-13 12:30:00,0.0,0.0,0.0,0.0,0.0,0.1,0.42980977699816647,Leaving Home
2026-01-13 12:45:00,0.0,0.0,0.0,0.0,0.0,0.1,0.5438662003557794,Leaving Home
2026-01-13 13:00:00,0.0,0.0,0.0,0.0,0.0,0.1,0.5670510699782014,Leaving Home
2026-01-13 13:15:00,0.0,0.0,0.0,0.0,0.0,0.1,0.7674859672914065,Leaving Home
2026-01-13 13:30:00,0.0,0.0,0.0,0.0,0.0,0.1,0.5725197695247312,Leaving Home
2026-01-13 13:45:00,0.0,0.0,0.0,0.0,0.0,0.1,0.3798756526549082,Leaving Home
2026-01-13 14:00:00,0.0,0.0,0.0,0.0,0.0,0.1,0.40011110931387495,Leaving Home
2026-01-13 14:15:00,0.0,0.0,0.0,0.0,0.0,0.1,0.6034029586346681,Leaving Home
2026-01-13 14:30:00,0.0,0.0,0.0,0.0,0.0,0.1,0.6613770855789909,Leaving Home
2026-01-13 14:45:00,0.0,0.0,0.0,0.0,0.0,0.1,0.6375455857627252,Leaving Home
2026-01-13 15:00:00,0.0,0.0,0.0,0.0,0.0,0.1,0.616757010580099,Leaving Home
2026-01-13 15:15:00,0.0,0.0,0.0,0.0,0.0,0.1,0.7162259597505667,Leaving Home
2026-01-13 15:30:00,0.0,0.0,0.0,0.0,0.0,0.1,0.5460408779262869,Leaving Home
2026-01-13 15:45:00,0.0,0.0,0.0,0.0,0.0,0.1,0.6894910556026825,Leaving Home
2026-01-13 16:00:00,0.0,0.0,0.0,0.0,0.0,0.1,0.43679851149735827,Leaving Home
2026-01-13 16:15:00,0.0,0.0,0.0,0.0,0.0,0.1,0.5095052167061934,Leaving Home
2026-01-13 16:30:00,0.0,0.0,0.0,0.0,0.0,0.1,0.41929586050681833,Leaving Home
2026-01-13 16:45:00,0.0,0.0,0.0,0.0,0.0,0.1,0.5725154699330208,Leaving Home
2026-01-13 17:00:00,0.0,1.0,0.0,0.0,2.536323432904713,1.5,4.531697311178078,Cooking
2026-01-13 17:15:00,0.0,1.0,0.0,0.0,3.1191844913673927,1.5,5.130594640590044,Cooking
2026-01-13 17:30:00,0.0,1.0,0.0,0.0,3.4875988148912147,1.5,5.493787150179928,Cooking
2026-01-13 17:45:00,0.0,1.0,0.0,0.0,3.2505470849699227,1.5,5.15779175188875,Cooking
2026-01-13 18:00:00,0.0,1.0,0.0,0.0,1.6483838535003814,1.5,3.62935976905906,Cooking
2026-01-13 18:15:00,0.0,1.0,0.0,0.0,3.338937659765454,1.5,5.1891929929048795,Cooking
2026-01-13 18:30:00,0.0,1.0,0.0,0.0,3.2556012997624904,1.5,5.391924197275716,Cooking
2026-01-13 18:45:00,0.0,1.0,0.0,0.0,3.6868292725814786,1.5,5.656466665291679,Cooking
2026-01-13 19:00:00,0.0,0.0,1.0,0.0,0.0,1.5,1.9511113880956308,Watching TV
2026-01-13 19:15:00,0.0,0.0,1.0,0.0,0.0,1.5,2.158894032844408,Watching TV
2026-01-13 19:30:00,0.0,0.0,1.0,0.0,0.0,1.5,1.875775346645077,Watching TV
2026-01-13 19:45:00,0.0,0.0,1.0,0.0,0.0,1.5,1.887441288596803,Watching TV
2026-01-13 20:00:00,0.0,0.0,1.0,0.0,0.0,1.5,1.8903779675131434,Watching TV
2026-01-13 20:15:00,0.0,0.0,1.0,0.0,0.0,1.5,1.9932128618300518,Watching TV
2026-01-13 20:30:00,0.0,0.0,1.0,0.0,0.0,1.5,2.0431631629637597,Watching TV
2026-01-13 20:45:00,0.0,0.0,1.0,0.0,0.0,1.5,2.0739675468117835,Watching TV
2026-01-13 21:00:00,0.0,0.0,1.0,0.0,0.0,1.5,2.257199531749497,Watching TV
2026-01-13 21:15:00,0.0,0.0,1.0,0.0,0.0,1.5,1.7750567545799236,Watching TV
2026-01-13 21:30:00,0.0,0.0,1.0,0.0,0.0,1.5,2.0608735589124416,Watching TV
2026-01-13 21:45:00,0.0,0.0,1.0,0.0,0.0,1.5,1.944286942742777,Watching TV
2026-01-13 22:00:00,0.0,0.0,1.0,0.0,0.0,1.5,1.9413584851111225,Watching TV
2026-01-13 22:15:00,0.0,0.0,1.0,0.0,0.0,1.5,1.9380227871746123,Watching TV
2026-01-13 22:30:00,0.0,0.0,1.0,0.0,0.0,1.5,1.9091230329192026,Watching TV
2026-01-13 22:45:00,0.0,0.0,1.0,0.0,0.0,1.5,2.168452483460345,Watching TV
2026-01-13 23:00:00,0.0,0.0,1.0,0.0,0.0,1.5,2.0842297327013903,Watching TV
2026-01-13 23:15:00,0.0,0.0,1.0,0.0,0.0,1.5,2.0023195978557373,Watching TV
2026-01-13 23:30:00,0.0,0.0,1.0,0.0,0.0,1.5,2.1351015752487,Watching TV
2026-01-13 23:45:00,0.0,0.0,1.0,0.0,0.0,1.5,1.8487471034701124,Watching TV
2026-01-14 00:00:00,0.0,0.0,0.0,0.0,0.0,0.9779805372992042,1.3449100241661116,Sleeping
2026-01-14 00:15:00,0.0,0.0,0.0,0.0,0.0,0.7932145273564007,1.0754177541369319,Sleeping
2026-01-14 00:30:00,0.0,1.0,1.0,0.0,5.0,0.9795064962186755,6.409565042206347,Anomalous Activity
2026-01-14 00:45:00,0.0,0.0,0.0,0.0,0.0,1.0006868254939036,1.516856678164379,Sleeping
2026-01-14 01:00:00,0.0,0.0,0.0,0.0,0.0,1.108447958307307,1.6187338161005405,Sleeping
2026-01-14 01:15:00,0.0,0.0,0.0,0.0,0.0,0.9422469906492447,1.4571811817552327,Sleeping
2026-01-14 01:30:00,1.0,0.0,0.0,0.0,0.0,0.9220848348071703,1.2809791517005622,Sleeping
2026-01-14 01:45:00,0.0,0.0,0.0,0.0,0.0,0.9805668454579671,1.5608823197193693,Sleeping
2026-01-14 02:00:00,0.0,0.0,0.0,0.0,0.0,0.9981441994233933,1.5221069512472931,Sleeping
2026-01-14 02:15:00,1.0,0.0,0.0,0.0,0.0,1.1076146312640014,1.6809200594106013,Sleeping
2026-01-14 02:30:00,0.0,0.0,0.0,0.0,0.0,0.8622299226883148,1.1729537049293097,Sleeping
2026-01-14 02:45:00,1.0,0.0,0.0,0.0,0.0,0.8142007958375596,1.3453498817173384,Sleeping
2026-01-14 03:00:00,0.0,0.0,0.0,0.0,0.0,1.0921247684910345,1.4733482444992818,Sleeping
2026-01-14 03:15:00,0.0,1.0,1.0,0.0,5.0,0.9457627678561205,6.406030442600984,Anomalous Activity
2026-01-14 03:30:00,0.0,0.0,0.0,0.0,0.0,1.0144867664657555,1.5679232563293939,Sleeping
2026-01-14 03:45:00,0.0,0.0,0.0,0.0,0.0,0.9385227134843082,1.4476320741098996,Sleeping
2026-01-14 04:00:00,0.0,0.0,0.0,0.0,0.0,0.9111852104272623,1.3260312124493305,Sleeping
2026-01-14 04:15:00,0.0,0.0,0.0,0.0,0.0,0.9693118851312628,1.4699392007497045,Sleeping
2026-01-14 04:30:00,0.0,0.0,0.0,0.0,0.0,1.0511924091029274,1.3980388775785633,Sleeping
2026-01-14 04:45:00,0.0,0.0,0.0,0.0,0.0,0.9831691766037931,1.5981959161936228,Sleeping
2026-01-14 05:00:00,0.0,0.0,0.0,0.0,0.0,1.0206724047244995,1.5001440027748743,Sleeping
2026-01-14 05:15:00,0.0,0.0,0.0,0.0,0.0,1.0758938600121948,1.6877488544377273,Sleeping
2026-01-14 05:30:00,1.0,0.0,0.0,0.0,0.0,1.0058351004285477,1.4531819317189434,Sleeping
2026-01-14 05:45:00,0.0,0.0,0.0,0.0,0.0,0.9255215793273472,1.373163980486689,Sleeping
2026-01-14 06:00:00,0.0,0.0,0.0,0.0,0.0,1.2678109873638392,1.6913923087000546,Sleeping
2026-01-14 06:15:00,0.0,0.0,0.0,0.0,0.0,0.9514348823909328,1.5390522755602403,Sleeping
2026-01-14 06:30:00,0.0,0.0,0.0,0.0,0.0,1.0855460008682645,1.514602885135417,Sleeping
2026-01-14 06:45:00,0.0,0.0,0.0,0.0,0.0,1.128732439015214,1.6931919822567316,Sleeping
2026-01-14 07:00:00,0.0,1.0,0.0,0.0,1.9031815841217599,1.2,3.564936344354831,Cooking
2026-01-14 07:15:00,0.0,1.0,0.0,0.0,2.959577086805001,1.2,4.461980756815839,Cooking
2026-01-14 07:30:00,0.0,1.0,0.0,0.0,3.1962326500321643,1.2,4.839201243253518,Cooking
2026-01-14 07:45:00,0.0,1.0,0.0,0.0,2.3749767427005235,1.2,3.9570659212642387,Cooking
2026-01-14 08:00:00,0.0,0.0,0.0,1.0,0.0,0.1,0.6033902723682337,Leaving Home
2026-01-14 08:15:00,0.0,0.0,0.0,1.0,0.0,0.1,0.48095922643255096,Leaving Home
2026-01-14 08:30:00,0.0,0.0,0.0,1.0,0.0,0.1,0.6925975100714616,Leaving Home
2026-01-14 08:45:00,0.0,0.0,0.0,1.0,0.0,0.1,0.5908924139646973,Leaving Home
2026-01-14 09:00:00,0.0,0.0,0.0,0.0,0.0,0.1,0.5822404005241261,Leaving Home
2026-01-14 09:15:00,0.0,0.0,0.0,0.0,0.0,0.1,0.6655892137787582,Leaving Home
2026-01-14 09:30:00,0.0,0.0,0.0,0.0,0.0,0.1,0.6963906934075862,Leaving Home
2026-01-14 09:45:00,0.0,0.0,0.0,0.0,0.0,0.1,0.5979901248230348,Leaving Home
2026-01-14 10:00:00,0.0,0.0,0.0,0.0,0.0,0.1,0.5228799700450709,Leaving Home
2026-01-14 10:15:00,0.0,0.0,0.0,0.0,0.0,0.1,0.422603038388787,Leaving Home
2026-01-14 10:30:00,0.0,0.0,0.0,0.0,0.0,0.1,0.531395024296482,Leaving Home
2026-01-14 10:45:00,0.0,0.0,0.0,0.0,0.0,0.1,0.5382787753352039,Leaving Home
2026-01-14 11:00:00,0.0,0.0,0.0,0.0,0.0,0.1,0.6107057452992296,Leaving Home
2026-01-14 11:15:00,0.0,0.0,0.0,0.0,0.0,0.1,0.5654853118861973,Leaving Home
2026-01-14 11:30:00,0.0,0.0,0.0,0.0,0.0,0.1,0.6687932972051428,Leaving Home
2026-01-14 11:45:00,0.0,0.0,0.0,0.0,0.0,0.1,0.538701672872931,Leaving Home
2026-01-14 12:00:00,0.0,0.0,0.0,0.0,0.0,0.1,0.5942958833147058,Leaving Home
2026-01-14 12:15:00,0.0,0.0,0.0,0.0,0.0,0.1,0.718398744319689,Leaving Home
2026-01-14 12:30:00,0.0,0.0,0.0,0.0,0.0,0.1,0.6341825213954966,Leaving Home
2026-01-14 12:45:00,0.0,0.0,0.0,0.0,0.0,0.1,0.5939962458311435,Leaving Home
2026-01-14 13:00:00,0.0,0.0,0.0,0.0,0.0,0.1,0.5398055558064823,Leaving Home
2026-01-14 13:15:00,0.0,0.0,0.0,0.0,0.0,0.1,0.5366768603285023,Leaving Home
2026-01-14 13:30:00,0.0,0.0,0.0,0.0,0.0,0.1,0.5149386747048053,Leaving Home
2026-01-14 13:45:00,0.0,0.0,0.0,0.0,0.0,0.1,0.54589931342171,Leaving Home
2026-01-14 14:00:00,0.0,0.0,0.0,0.0,0.0,0.1,0.6755665838744315,Leaving Home
2026-01-14 14:15:00,0.0,0.0,0.0,0.0,0.0,0.1,0.5778111728707731,Leaving Home
2026-01-14 14:30:00,0.0,0.0,0.0,0.0,0.0,0.1,0.4650226930618768,Leaving Home
2026-01-14 14:45:00,0.0,0.0,0.0,0.0,0.0,0.1,0.7768169293059783,Leaving Home
2026-01-14 15:00:00,0.0,0.0,0.0,0.0,0.0,0.1,0.6319965191145163,Leaving Home
2026-01-14 15:15:00,0.0,0.0,0.0,0.0,0.0,0.1,0.459305659948683,Leaving Home
2026-01-14 15:30:00,0.0,0.0,0.0,0.0,0.0,0.1,0.5558151072759177,Leaving Home
2026-01-14 15:45:00,0.0,0.0,0.0,0.0,0.0,0.1,0.6110886382828418,Leaving Home
2026-01-14 16:00:00,0.0,0.0,0.0,0.0,0.0,0.1,0.7704592093297377,Leaving Home
2026-01-14 16:15:00,0.0,0.0,0.0,0.0,0.0,0.1,0.4891887541741131,Leaving Home
2026-01-14 16:30:00,0.0,0.0,0.0,0.0,0.0,0.1,0.6976040719355946,Leaving Home
2026-01-14 16:45:00,0.0,0.0,0.0,0.0,0.0,0.1,0.7399486426972343,Leaving Home
2026-01-14 17:00:00,0.0,1.0,0.0,0.0,2.955818520397332,1.5,4.892953089889875,Cooking
2026-01-14 17:15:00,0.0,1.0,0.0,0.0,2.814994485058936,1.5,4.787243123172912,Cooking
2026-01-14 17:30:00,0.0,1.0,0.0,0.0,2.870601968666449,1.5,4.766971043929072,Cooking
2026-01-14 17:45:00,0.0,1.0,0.0,0.0,3.7993235852523584,1.5,5.778977471144327,Cooking
2026-01-14 18:00:00,0.0,1.0,0.0,0.0,3.348477202255368,1.5,5.344818204821075,Cooking
2026-01-14 18:15:00,0.0,1.0,0.0,0.0,2.833090255121995,1.5,4.899055254930232,Cooking
2026-01-14 18:30:00,0.0,1.0,0.0,0.0,2.9463489279978856,1.5,5.05536727509993,Cooking
2026-01-14 18:45:00,0.0,1.0,0.0,0.0,3.223858462905139,1.5,5.149048856442974,Cooking
2026-01-14 19:00:00,0.0,0.0,1.0,0.0,0.0,1.5,1.8032674935774007,Watching TV
2026-01-14 19:15:00,0.0,0.0,1.0,0.0,0.0,1.5,1.9978755220723758,Watching TV
2026-01-14 19:30:00,0.0,0.0,1.0,0.0,0.0,1.5,2.029353752996864,Watching TV
2026-01-14 19:45:00,0.0,0.0,1.0,0.0,0.0,1.5,2.024941768768504,Watching TV
2026-01-14 20:00:00,0.0,0.0,1.0,0.0,0.0,1.5,1.9673326752490956,Watching TV
2026-01-14 20:15:00,0.0,0.0,1.0,0.0,0.0,1.5,2.0124752099663934,Watching TV
2026-01-14 20:30:00,0.0,0.0,1.0,0.0,0.0,1.5,2.151544480835225,Watching TV
2026-01-14 20:45:00,0.0,0.0,1.0,0.0,0.0,1.5,2.038173416896251,Watching TV
2026-01-14 21:00:00,0.0,0.0,1.0,0.0,0.0,1.5,1.9626631574996916,Watching TV
2026-01-14 21:15:00,0.0,0.0,1.0,0.0,0.0,1.5,1.9499802182904005,Watching TV
2026-01-14 21:30:00,0.0,0.0,1.0,0.0,0.0,1.5,1.983014764232227,Watching TV
2026-01-14 21:45:00,0.0,0.0,1.0,0.0,0.0,1.5,2.163673996183064,Watching TV
2026-01-14 22:00:00,0.0,0.0,1.0,0.0,0.0,1.5,1.9816699290473803,Watching TV
2026-01-14 22:15:00,0.0,0.0,1.0,0.0,0.0,1.5,1.9980205655479293,Watching TV
2026-01-14 22:30:00,0.0,0.0,1.0,0.0,0.0,1.5,1.9517686429063696,Watching TV
2026-01-14 22:45:00,0.0,0.0,1.0,0.0,0.0,1.5,2.1098983357441963,Watching TV
2026-01-14 23:00:00,0.0,0.0,1.0,0.0,0.0,1.5,2.1959837254744676,Watching TV
2026-01-14 23:15:00,0.0,0.0,1.0,0.0,0.0,1.5,2.0450613049431388,Watching TV
2026-01-14 23:30:00,0.0,0.0,1.0,0.0,0.0,1.5,2.0082772903785426,Watching TV
2026-01-14 23:45:00,0.0,0.0,1.0,0.0,0.0,1.5,2.0036782833174236,Watching TV
2026-01-15 00:00:00,0.0,0.0,0.0,0.0,0.0,1.0291861762000014,1.2907554973214268,Sleeping
2026-01-15 00:15:00,0.0,0.0,0.0,0.0,0.0,1.0899464971148245,1.6644615835433063,Sleeping
2026-01-15 00:30:00,0.0,0.0,0.0,0.0,0.0,0.9969855730479149,1.5104022146474994,Sleeping
2026-01-15 00:45:00,0.0,0.0,0.0,0.0,0.0,0.9432294215781315,1.486063626644204,Sleeping
2026-01-15 01:00:00,1.0,0.0,0.0,0.0,0.0,1.0265886298059332,1.4554424103975627,Sleeping
2026-01-15 01:15:00,0.0,0.0,0.0,0.0,0.0,1.1769116700263287,1.6384659821286194,Sleeping
2026-01-15 01:30:00,0.0,0.0,0.0,0.0,0.0,0.9334514585309784,1.392348964880661,Sleeping
2026-01-15 01:45:00,1.0,0.0,0.0,0.0,0.0,1.0873169430693466,1.6894792414766504,Sleeping
2026-01-15 02:00:00,0.0,0.0,0.0,0.0,0.0,0.9986528178334843,1.460776834173175,Sleeping
2026-01-15 02:15:00,0.0,0.0,0.0,0.0,0.0,1.0390522897565002,1.74731832196748,Sleeping
2026-01-15 02:30:00,0.0,0.0,0.0,0.0,0.0,1.0639787331795538,1.6070649750810575,Sleeping
2026-01-15 02:45:00,0.0,0.0,0.0,0.0,0.0,0.9274731022038929,1.2999048362043197,Sleeping
2026-01-15 03:00:00,0.0,0.0,0.0,0.0,0.0,1.1193956259988278,1.6065409966736321,Sleeping
2026-01-15 03:15:00,0.0,0.0,0.0,0.0,0.0,0.9663102174416509,1.4011427052260093,Sleeping
2026-01-15 03:30:00,0.0,0.0,0.0,0.0,0.0,1.1165806019208386,1.3971423549388362,Sleeping
2026-01-15 03:45:00,0.0,0.0,0.0,0.0,0.0,0.9795545020314775,1.6395015960428565,Sleeping
2026-01-15 04:00:00,0.0,0.0,0.0,0.0,0.0,1.2333244404285302,1.8036386946505307,Sleeping
2026-01-15 04:15:00,0.0,0.0,0.0,0.0,0.0,1.019228267439904,1.5725489992298352,Sleeping
2026-01-15 04:30:00,0.0,0.0,0.0,0.0,0.0,1.0951960363509803,1.6117364023809508,Sleeping
2026-01-15 04:45:00,0.0,0.0,0.0,0.0,0.0,1.1101155762247286,1.4719138193554848,Sleeping
2026-01-15 05:00:00,0.0,0.0,0.0,0.0,0.0,0.9105650087324597,1.362203294776916,Sleeping
2026-01-15 05:15:00,0.0,0.0,0.0,0.0,0.0,0.9316040498200903,1.5157821272984915,Sleeping
2026-01-15 05:30:00,0.0,0.0,0.0,0.0,0.0,0.9464386661574589,1.3413166631792086,Sleeping
2026-01-15 05:45:00,0.0,0.0,0.0,0.0,0.0,1.0856617104625679,1.3324847788374865,Sleeping
2026-01-15 06:00:00,0.0,0.0,0.0,0.0,0.0,1.0421379811098084,1.5194273803317158,Sleeping
2026-01-15 06:15:00,0.0,0.0,0.0,0.0,0.0,0.9406159837753361,1.426440228372582,Sleeping
2026-01-15 06:30:00,0.0,0.0,0.0,0.0,0.0,0.9232945493429323,1.4368508909844033,Sleeping
2026-01-15 06:45:00,0.0,0.0,0.0,0.0,0.0,1.0211817078974479,1.5940335722489016,Sleeping
2026-01-15 07:00:00,0.0,1.0,0.0,0.0,2.162410862512809,1.2,3.9261714437359303,Cooking
2026-01-15 07:15:00,0.0,1.0,0.0,0.0,2.4277406646422413,1.2,4.153617645166634,Cooking
2026-01-15 07:30:00,0.0,1.0,0.0,0.0,1.553192666523107,1.2,3.3727458053317783,Cooking
2026-01-15 07:45:00,0.0,1.0,0.0,0.0,2.606646853686469,1.2,4.1547498756051375,Cooking
2026-01-15 08:00:00,0.0,0.0,0.0,1.0,0.0,0.1,0.650458181447739,Leaving Home
2026-01-15 08:15:00,0.0,0.0,0.0,1.0,0.0,0.1,0.6626538363336942,Leaving Home
2026-01-15 08:30:00,0.0,0.0,0.0,1.0,0.0,0.1,0.47604377139197607,Leaving Home
2026-01-15 08:45:00,0.0,0.0,0.0,1.0,0.0,0.1,0.449712939131761,Leaving Home
2026-01-15 09:00:00,0.0,0.0,0.0,0.0,0.0,0.1,0.5254057873524398,Leaving Home
2026-01-15 09:15:00,0.0,0.0,0.0,0.0,0.0,0.1,0.5338458557484708,Leaving Home
2026-01-15 09:30:00,0.0,0.0,0.0,0.0,0.0,0.1,0.675341946350243,Leaving Home
2026-01-15 09:45:00,0.0,0.0,0.0,0.0,0.0,0.1,0.5385461216308906,Leaving Home
2026-01-15 10:00:00,0.0,0.0,0.0,0.0,0.0,0.1,0.5143651481718796,Leaving Home
2026-01-15 10:15:00,0.0,0.0,0.0,0.0,0.0,0.1,0.5388366263305441,Leaving Home
2026-01-15 10:30:00,0.0,0.0,0.0,0.0,0.0,0.1,0.7118632334154211,Leaving Home
2026-01-15 10:45:00,0.0,0.0,0.0,0.0,0.0,0.1,0.6013043374376952,Leaving Home
2026-01-15 11:00:00,0.0,0.0,0.0,0.0,0.0,0.1,0.5820748974643088,Leaving Home
2026-01-15 11:15:00,0.0,0.0,0.0,0.0,0.0,0.1,0.5889994501298949,Leaving Home
2026-01-15 11:30:00,0.0,0.0,0.0,0.0,0.0,0.1,0.7292060334326522,Leaving Home
2026-01-15 11:45:00,0.0,0.0,0.0,0.0,0.0,0.1,0.5250828273396758,Leaving Home
2026-01-15 12:00:00,0.0,0.0,0.0,0.0,0.0,0.1,0.7315508290940104,Leaving Home
2026-01-15 12:15:00,0.0,0.0,0.0,0.0,0.0,0.1,0.6210496298921503,Leaving Home
2026-01-15 12:30:00,0.0,0.0,0.0,0.0,0.0,0.1,0.5839580618024652,Leaving Home
2026-01-15 12:45:00,0.0,0.0,0.0,0.0,0.0,0.1,0.8500900497934282,Leaving Home
2026-01-15 13:00:00,0.0,0.0,0.0,0.0,0.0,0.1,0.4944360510201403,Leaving Home
2026-01-15 13:15:00,0.0,0.0,0.0,0.0,0.0,0.1,0.5646314240432994,Leaving Home
2026-01-15 13:30:00,0.0,0.0,0.0,0.0,0.0,0.1,0.47675687608359996,Leaving Home
2026-01-15 13:45:00,0.0,0.0,0.0,0.0,0.0,0.1,0.6952461970536169,Leaving Home
2026-01-15 14:00:00,0.0,0.0,0.0,0.0,0.0,0.1,0.7689188933651679,Leaving Home
2026-01-15 14:15:00,0.0,0.0,0.0,0.0,0.0,0.1,0.7669922781404639,Leaving Home
2026-01-15 14:30:00,0.0,0.0,0.0,0.0,0.0,0.1,0.7223948753146004,Leaving Home
2026-01-15 14:45:00,0.0,0.0,0.0,0.0,0.0,0.1,0.5802379532204034,Leaving Home
2026-01-15 15:00:00,0.0,0.0,0.0,0.0,0.0,0.1,0.5634759022510154,Leaving Home
2026-01-15 15:15:00,0.0,0.0,0.0,0.0,0.0,0.1,0.4328830227505934,Leaving Home
2026-01-15 15:30:00,0.0,0.0,0.0,0.0,0.0,0.1,0.8035873535181792,Leaving Home
2026-01-15 15:45:00,0.0,0.0,0.0,0.0,0.0,0.1,0.6468978078148467,Leaving Home
2026-01-15 16:00:00,0.0,0.0,0.0,0.0,0.0,0.1,0.5508043095130517,Leaving Home
2026-01-15 16:15:00,0.0,0.0,0.0,0.0,0.0,0.1,0.7328056888986968,Leaving Home
2026-01-15 16:30:00,0.0,0.0,0.0,0.0,0.0,0.1,0.5027235483239999,Leaving Home
2026-01-15 16:45:00,0.0,0.0,0.0,0.0,0.0,0.1,0.6406622034222674,Leaving Home
2026-01-15 17:00:00,0.0,1.0,0.0,0.0,2.9872128439040027,1.5,4.969949930474919,Cooking
2026-01-15 17:15:00,0.0,1.0,0.0,0.0,2.115462047555441,1.5,4.179329761543471,Cooking
2026-01-15 17:30:00,0.0,1.0,0.0,0.0,2.7379558010327036,1.5,4.7315984471140915,Cooking
2026-01-15 17:45:00,0.0,1.0,0.0,0.0,3.076177436016861,1.5,4.931084646905739,Cooking
2026-01-15 18:00:00,0.0,1.0,0.0,0.0,3.0001035324590983,1.5,5.007661169726102,Cooking
2026-01-15 18:15:00,0.0,1.0,0.0,0.0,2.995349839430693,1.5,5.100236253618229,Cooking
2026-01-15 18:30:00,0.0,1.0,0.0,0.0,2.836052641743541,1.5,4.833131001158142,Cooking
2026-01-15 18:45:00,0.0,1.0,1.0,0.0,5.0,1.5,7.0775115121589085,Anomalous Activity
2026-01-15 19:00:00,0.0,0.0,1.0,0.0,0.0,1.5,1.8954470514325947,Watching TV
2026-01-15 19:15:00,0.0,0.0,1.0,0.0,0.0,1.5,1.9973739206730148,Watching TV
2026-01-15 19:30:00,0.0,0.0,1.0,0.0,0.0,1.5,1.9375489544911422,Watching TV
2026-01-15 19:45:00,0.0,0.0,1.0,0.0,0.0,1.5,2.074698084010471,Watching TV
2026-01-15 20:00:00,0.0,0.0,1.0,0.0,0.0,1.5,2.0031491562261996,Watching TV
2026-01-15 20:15:00,0.0,0.0,1.0,0.0,0.0,1.5,2.0690073676336613,Watching TV
2026-01-15 20:30:00,0.0,0.0,1.0,0.0,0.0,1.5,2.1087710426157864,Watching TV
2026-01-15 20:45:00,0.0,0.0,1.0,0.0,0.0,1.5,2.069161857512139,Watching TV
2026-01-15 21:00:00,0.0,0.0,1.0,0.0,0.0,1.5,2.0273118434293647,Watching TV
2026-01-15 21:15:00,0.0,0.0,1.0,0.0,0.0,1.5,1.9001787741488596,Watching TV
2026-01-15 21:30:00,0.0,0.0,1.0,0.0,0.0,1.5,1.9997213889333099,Watching TV
2026-01-15 21:45:00,0.0,0.0,1.0,0.0,0.0,1.5,1.9466909597984166,Watching TV
2026-01-15 22:00:00,0.0,0.0,1.0,0.0,0.0,1.5,1.9655936043295774,Watching TV
2026-01-15 22:15:00,0.0,0.0,1.0,0.0,0.0,1.5,1.9625465849249748,Watching TV
2026-01-15 22:30:00,0.0,0.0,1.0,0.0,0.0,1.5,1.9020074425217754,Watching TV
2026-01-15 22:45:00,0.0,0.0,1.0,0.0,0.0,1.5,1.804266141086601,Watching TV
2026-01-15 23:00:00,0.0,0.0,1.0,0.0,0.0,1.5,1.9331856951672233,Watching TV
2026-01-15 23:15:00,0.0,0.0,1.0,0.0,0.0,1.5,2.019337945192416,Watching TV
2026-01-15 23:30:00,0.0,0.0,1.0,0.0,0.0,1.5,1.865182295457251,Watching TV
2026-01-15 23:45:00,0.0,0.0,1.0,0.0,0.0,1.5,2.0015682236471624,Watching TV
2026-01-16 00:00:00,0.0,0.0,0.0,0.0,0.0,1.052224368124801,1.7422512105558974,Sleeping
2026-01-16 00:15:00,1.0,0.0,0.0,0.0,0.0,0.9183596013898958,1.5206652569151198,Sleeping
2026-01-16 00:30:00,1.0,0.0,0.0,0.0,0.0,0.8944612982907513,1.5588154492028043,Sleeping
2026-01-16 00:45:00,0.0,0.0,0.0,0.0,0.0,1.1058484543530325,1.6449612420463051,Sleeping
2026-01-16 01:00:00,0.0,0.0,0.0,0.0,0.0,1.0407925017514286,1.6575434840500731,Sleeping
2026-01-16 01:15:00,0.0,0.0,0.0,0.0,0.0,0.9875024213641734,1.4151059483173947,Sleeping
2026-01-16 01:30:00,0.0,0.0,0.0,0.0,0.0,0.8595435742930359,1.2951095475908374,Sleeping
2026-01-16 01:45:00,0.0,0.0,0.0,0.0,0.0,0.8583502364920532,1.0844362158783059,Sleeping
2026-01-16 02:00:00,0.0,0.0,0.0,0.0,0.0,0.9603337840178082,1.5789483314220383,Sleeping
2026-01-16 02:15:00,0.0,0.0,0.0,0.0,0.0,1.0482524048828592,1.7022848028648478,Sleeping
2026-01-16 02:30:00,0.0,0.0,0.0,0.0,0.0,1.097094133137686,1.541776408602959,Sleeping
2026-01-16 02:45:00,0.0,0.0,0.0,0.0,0.0,1.160225322560691,1.6348301519209676,Sleeping
2026-01-16 03:00:00,0.0,0.0,0.0,0.0,0.0,1.1075175935668458,1.5321313821977496,Sleeping
2026-01-16 03:15:00,0.0,0.0,0.0,0.0,0.0,0.8631295456440331,1.4013949007917823,Sleeping
2026-01-16 03:30:00,0.0,0.0,0.0,0.0,0.0,0.912151716345193,1.5246449708755172,Sleeping
2026-01-16 03:45:00,0.0,0.0,0.0,0.0,0.0,0.8587464236578997,1.1844692262697956,Sleeping
2026-01-16 04:00:00,0.0,0.0,0.0,0.0,0.0,0.8474680909766544,1.3884119440408798,Sleeping
2026-01-16 04:15:00,0.0,0.0,0.0,0.0,0.0,0.8866184404913117,1.3589512633193972,Sleeping
2026-01-16 04:30:00,0.0,0.0,0.0,0.0,0.0,1.0778979712044001,1.589237410401069,Sleeping
2026-01-16 04:45:00,0.0,0.0,0.0,0.0,0.0,0.7590111832893192,1.3049105834567483,Sleeping
2026-01-16 05:00:00,1.0,0.0,0.0,0.0,0.0,1.2017907963833239,1.6829705525060419,Sleeping
2026-01-16 05:15:00,0.0,0.0,0.0,0.0,0.0,1.0216316881568501,1.5112730028162722,Sleeping
2026-01-16 05:30:00,0.0,0.0,0.0,0.0,0.0,0.9762304875310359,1.4548429707755721,Sleeping
2026-01-16 05:45:00,0.0,0.0,0.0,0.0,0.0,1.0192234764195232,1.6162550965983513,Sleeping
2026-01-16 06:00:00,0.0,0.0,0.0,0.0,0.0,0.7838439666680806,1.3257199626808305,Sleeping
2026-01-16 06:15:00,0.0,0.0,0.0,0.0,0.0,1.0255573653712369,1.5476157191449729,Sleeping
2026-01-16 06:30:00,0.0,0.0,0.0,0.0,0.0,1.0670219897277338,1.4399268176185056,Sleeping
2026-01-16 06:45:00,0.0,0.0,0.0,0.0,0.0,1.0676966387339537,1.5298386644126383,Sleeping
2026-01-16 07:00:00,0.0,1.0,0.0,0.0,2.4483726199254763,1.2,4.238239535959394,Cooking
2026-01-16 07:15:00,0.0,1.0,0.0,0.0,1.6784055944229164,1.2,3.3821752517353083,Cooking
2026-01-16 07:30:00,0.0,1.0,0.0,0.0,2.510443244147981,1.2,4.2763963911068945,Cooking
2026-01-16 07:45:00,0.0,1.0,0.0,0.0,2.615350452859342,1.2,4.492001632892105,Cooking
2026-01-16 08:00:00,0.0,0.0,0.0,1.0,0.0,0.1,0.7038606069208816,Leaving Home
2026-01-16 08:15:00,0.0,0.0,0.0,1.0,0.0,0.1,0.6093158337699742,Leaving Home
2026-01-16 08:30:00,0.0,0.0,0.0,1.0,0.0,0.1,0.5489010829804273,Leaving Home
2026-01-16 08:45:00,0.0,0.0,0.0,1.0,0.0,0.1,0.34464504039441013,Leaving Home
2026-01-16 09:00:00,0.0,0.0,0.0,0.0,0.0,0.1,0.5831615077527148,Leaving Home
2026-01-16 09:15:00,0.0,0.0,0.0,0.0,0.0,0.1,0.5673987504183151,Leaving Home
2026-01-16 09:30:00,0.0,0.0,0.0,0.0,0.0,0.1,0.6390366194395375,Leaving Home
2026-01-16 09:45:00,0.0,0.0,0.0,0.0,0.0,0.1,0.5846094773025312,Leaving Home
2026-01-16 10:00:00,0.0,0.0,0.0,0.0,0.0,0.1,0.5679614940563206,Leaving Home
2026-01-16 10:15:00,0.0,0.0,0.0,0.0,0.0,0.1,0.42206010694927787,Leaving Home
2026-01-16 10:30:00,0.0,0.0,0.0,0.0,0.0,0.1,0.5060032170849933,Leaving Home
2026-01-16 10:45:00,0.0,0.0,0.0,0.0,0.0,0.1,0.6476651040800557,Leaving Home
2026-01-16 11:00:00,0.0,0.0,0.0,0.0,0.0,0.1,0.7715907631132695,Leaving Home
2026-01-16 11:15:00,0.0,0.0,0.0,0.0,0.0,0.1,0.5902474616254376,Leaving Home
2026-01-16 11:30:00,0.0,0.0,0.0,0.0,0.0,0.1,0.6327811073574123,Leaving Home
2026-01-16 11:45:00,0.0,0.0,0.0,0.0,0.0,0.1,0.6952478156952805,Leaving Home
2026-01-16 12:00:00,0.0,0.0,0.0,0.0,0.0,0.1,0.518910606379975,Leaving Home
2026-01-16 12:15:00,0.0,0.0,0.0,0.0,0.0,0.1,0.6366814043285443,Leaving Home
2026-01-16 12:30:00,0.0,0.0,0.0,0.0,0.0,0.1,0.5259509893667842,Leaving Home
2026-01-16 12:45:00,0.0,0.0,0.0,0.0,0.0,0.1,0.6864824438491012,Leaving Home
2026-01-16 13:00:00,0.0,0.0,0.0,0.0,0.0,0.1,0.6151403047951732,Leaving Home
2026-01-16 13:15:00,0.0,1.0,1.0,0.0,5.0,0.1,5.629845181398144,Anomalous Activity
2026-01-16 13:30:00,0.0,0.0,0.0,0.0,0.0,0.1,0.5217401402581411,Leaving Home
2026-01-16 13:45:00,0.0,0.0,0.0,0.0,0.0,0.1,0.6707032359610785,Leaving Home
2026-01-16 14:00:00,0.0,0.0,0.0,0.0,0.0,0.1,0.8084712921231015,Leaving Home
2026-01-16 14:15:00,0.0,0.0,0.0,0.0,0.0,0.1,0.49920883045717934,Leaving Home
2026-01-16 14:30:00,0.0,0.0,0.0,0.0,0.0,0.1,0.5660240992352477,Leaving Home
2026-01-16 14:45:00,0.0,0.0,0.0,0.0,0.0,0.1,0.6231607474168092,Leaving Home
2026-01-16 15:00:00,0.0,0.0,0.0,0.0,0.0,0.1,0.6786406211995816,Leaving Home
2026-01-16 15:15:00,0.0,0.0,0.0,0.0,0.0,0.1,0.5440453714710531,Leaving Home
2026-01-16 15:30:00,0.0,0.0,0.0,0.0,0.0,0.1,0.316696970985726,Leaving Home
2026-01-16 15:45:00,0.0,0.0,0.0,0.0,0.0,0.1,0.7359189494164025,Leaving Home
2026-01-16 16:00:00,0.0,0.0,0.0,0.0,0.0,0.1,0.6760506119584142,Leaving Home
2026-01-16 16:15:00,0.0,0.0,0.0,0.0,0.0,0.1,0.4257052469513335,Leaving Home
2026-01-16 16:30:00,0.0,0.0,0.0,0.0,0.0,0.1,0.5392431208220444,Leaving Home
2026-01-16 16:45:00,0.0,0.0,0.0,0.0,0.0,0.1,0.7568182429527326,Leaving Home
2026-01-16 17:00:00,0.0,1.0,0.0,0.0,2.2880214237749277,1.5,4.432801065620715,Cooking
2026-01-16 17:15:00,0.0,1.0,0.0,0.0,2.8666738353827927,1.5,4.960537837650687,Cooking
2026-01-16 17:30:00,0.0,1.0,0.0,0.0,2.785377789850669,1.5,4.767766546454682,Cooking
2026-01-16 17:45:00,0.0,1.0,0.0,0.0,3.29427663488536,1.5,5.302575376766612,Cooking
2026-01-16 18:00:00,0.0,1.0,0.0,0.0,2.2009378240581263,1.5,4.187845243545514,Cooking
2026-01-16 18:15:00,0.0,1.0,0.0,0.0,3.2310863330409716,1.5,5.343910311367856,Cooking
2026-01-16 18:30:00,0.0,1.0,0.0,0.0,3.094853083805198,1.5,5.007268843155687,Cooking
2026-01-16 18:45:00,0.0,1.0,0.0,0.0,2.6690089111016952,1.5,4.588428945613275,Cooking
2026-01-16 19:00:00,0.0,0.0,1.0,0.0,0.0,1.5,2.1010274586836015,Watching TV
2026-01-16 19:15:00,0.0,0.0,1.0,0.0,0.0,1.5,1.9955638544488439,Watching TV
2026-01-16 19:30:00,0.0,0.0,1.0,0.0,0.0,1.5,2.1378467355453807,Watching TV
2026-01-16 19:45:00,0.0,0.0,1.0,0.0,0.0,1.5,1.9328487793019455,Watching TV
2026-01-16 20:00:00,0.0,0.0,1.0,0.0,0.0,1.5,1.9945221639661175,Watching TV
2026-01-16 20:15:00,0.0,0.0,1.0,0.0,0.0,1.5,1.9077587015156046,Watching TV
2026-01-16 20:30:00,0.0,0.0,1.0,0.0,0.0,1.5,2.0007362681423566,Watching TV
2026-01-16 20:45:00,0.0,0.0,1.0,0.0,0.0,1.5,1.85214530630012,Watching TV
2026-01-16 21:00:00,0.0,0.0,1.0,0.0,0.0,1.5,1.9512366579045037,Watching TV
2026-01-16 21:15:00,0.0,0.0,1.0,0.0,0.0,1.5,1.8563746135071884,Watching TV
2026-01-16 21:30:00,0.0,0.0,1.0,0.0,0.0,1.5,2.069392323319126,Watching TV
2026-01-16 21:45:00,0.0,0.0,1.0,0.0,0.0,1.5,2.0716589339759652,Watching TV
2026-01-16 22:00:00,0.0,0.0,1.0,0.0,0.0,1.5,1.8269737269515653,Watching TV
2026-01-16 22:15:00,0.0,0.0,1.0,0.0,0.0,1.5,2.1333885745500574,Watching TV
2026-01-16 22:30:00,0.0,0.0,1.0,0.0,0.0,1.5,2.2497415126419855,Watching TV
2026-01-16 22:45:00,0.0,0.0,1.0,0.0,0.0,1.5,2.004600638673634,Watching TV
2026-01-16 23:00:00,0.0,0.0,1.0,0.0,0.0,1.5,1.9358885739775356,Watching TV
2026-01-16 23:15:00,0.0,0.0,1.0,0.0,0.0,1.5,2.2824330591003044,Watching TV
2026-01-16 23:30:00,0.0,1.0,1.0,0.0,5.0,1.5,6.868103150169749,Anomalous Activity
2026-01-16 23:45:00,0.0,0.0,1.0,0.0,0.0,1.5,2.0020106466869096,Watching TV
2026-01-17 00:00:00,1.0,0.0,0.0,0.0,0.0,1.0628625232841216,1.5808247505473139,Sleeping
2026-01-17 00:15:00,0.0,0.0,0.0,0.0,0.0,0.8730604793384396,1.5075752413836812,Sleeping
2026-01-17 00:30:00,0.0,0.0,0.0,0.0,0.0,0.9846173972801633,1.5205912947928422,Sleeping
2026-01-17 00:45:00,0.0,0.0,0.0,0.0,0.0,0.9127070323260433,1.3628436427471982,Sleeping
2026-01-17 01:00:00,0.0,0.0,0.0,0.0,0.0,0.9242007777481326,1.3290823407093368,Sleeping
2026-01-17 01:15:00,1.0,0.0,0.0,0.0,0.0,0.8433650267035907,1.3091828446789773,Sleeping
2026-01-17 01:30:00,0.0,0.0,0.0,0.0,0.0,0.8655885529636813,1.2648958168691669,Sleeping
2026-01-17 01:45:00,1.0,0.0,0.0,0.0,0.0,0.839673953318405,1.3444564852968734,Sleeping
2026-01-17 02:00:00,0.0,0.0,0.0,0.0,0.0,1.1191958856117117,1.562776267625663,Sleeping
2026-01-17 02:15:00,0.0,0.0,0.0,0.0,0.0,0.9407733469174885,1.2913695675885135,Sleeping
2026-01-17 02:30:00,0.0,0.0,0.0,0.0,0.0,0.9289918880959562,1.5545064669334465,Sleeping
2026-01-17 02:45:00,0.0,0.0,0.0,0.0,0.0,0.9402290486266908,1.3904617962837869,Sleeping
2026-01-17 03:00:00,0.0,0.0,0.0,0.0,0.0,1.0213903868201482,1.3945767063226169,Sleeping
2026-01-17 03:15:00,1.0,0.0,0.0,0.0,0.0,0.981058632901845,1.4642327194530909,Sleeping
2026-01-17 03:30:00,0.0,0.0,0.0,0.0,0.0,1.0549230796501647,1.5617602362469305,Sleeping
2026-01-17 03:45:00,0.0,0.0,0.0,0.0,0.0,1.2634222043649959,1.5887755318070926,Sleeping
2026-01-17 04:00:00,0.0,0.0,0.0,0.0,0.0,1.1411050901059223,1.6742698568184986,Sleeping
2026-01-17 04:15:00,0.0,0.0,0.0,0.0,0.0,0.9594589992386221,1.3547432423695955,Sleeping
2026-01-17 04:30:00,0.0,0.0,0.0,0.0,0.0,0.9449278804304488,1.6160307613495277,Sleeping
2026-01-17 04:45:00,0.0,0.0,0.0,0.0,0.0,0.8973780361254973,1.4497740873331706,Sleeping
2026-01-17 05:00:00,0.0,0.0,0.0,0.0,0.0,1.0011141563048758,1.4611241572939442,Sleeping
2026-01-17 05:15:00,0.0,0.0,0.0,0.0,0.0,1.0709641290505807,1.4964473520188457,Sleeping
2026-01-17 05:30:00,0.0,0.0,0.0,0.0,0.0,1.103704728873993,1.5932079581176306,Sleeping
2026-01-17 05:45:00,0.0,0.0,0.0,0.0,0.0,1.0740590868103046,1.6353381609686335,Sleeping
2026-01-17 06:00:00,0.0,0.0,0.0,0.0,0.0,0.9427127910462252,1.4401633781877052,Sleeping
2026-01-17 06:15:00,0.0,0.0,0.0,0.0,0.0,0.8333389708850084,1.3116230901713228,Sleeping
2026-01-17 06:30:00,0.0,0.0,0.0,0.0,0.0,1.0690236800380273,1.5748607091198168,Sleeping
2026-01-17 06:45:00,1.0,0.0,0.0,0.0,0.0,0.7441631616742898,1.1837772685505943,Sleeping
2026-01-17 07:00:00,0.0,1.0,0.0,0.0,1.9563770305685986,1.2,3.6220564378842948,Cooking
2026-01-17 07:15:00,0.0,1.0,1.0,0.0,5.0,1.2,6.4914207561095,Anomalous Activity
2026-01-17 07:30:00,0.0,1.0,0.0,0.0,2.839686641478252,1.2,4.637059264563488,Cooking
2026-01-17 07:45:00,0.0,1.0,0.0,0.0,1.925602982420672,1.2,3.655482760452848,Cooking
2026-01-17 08:00:00,0.0,0.0,0.0,1.0,0.0,0.1,0.5226544155966569,Leaving Home
2026-01-17 08:15:00,0.0,0.0,0.0,1.0,0.0,0.1,0.7898734981355239,Leaving Home
2026-01-17 08:30:00,0.0,0.0,0.0,1.0,0.0,0.1,0.6087016480392387,Leaving Home
2026-01-17 08:45:00,0.0,0.0,0.0,1.0,0.0,0.1,0.4963856428024803,Leaving Home
2026-01-17 09:00:00,0.0,0.0,0.0,0.0,0.0,0.1,0.6856737421470458,Leaving Home
2026-01-17 09:15:00,0.0,0.0,0.0,0.0,0.0,0.1,0.6398048216509262,Leaving Home
2026-01-17 09:30:00,0.0,0.0,0.0,0.0,0.0,0.1,0.6394579985484219,Leaving Home
2026-01-17 09:45:00,0.0,0.0,0.0,0.0,0.0,0.1,0.557424439534841,Leaving Home
2026-01-17 10:00:00,0.0,0.0,0.0,0.0,0.0,0.1,0.6450495723778035,Leaving Home
2026-01-17 10:15:00,0.0,0.0,0.0,0.0,0.0,0.1,0.5738241709778905,Leaving Home
2026-01-17 10:30:00,0.0,0.0,0.0,0.0,0.0,0.1,0.6555941451645843,Leaving Home
2026-01-17 10:45:00,0.0,0.0,0.0,0.0,0.0,0.1,0.4095055545989361,Leaving Home
2026-01-17 11:00:00,0.0,0.0,0.0,0.0,0.0,0.1,0.5566126537020811,Leaving Home
2026-01-17 11:15:00,0.0,0.0,0.0,0.0,0.0,0.1,0.7722155097808194,Leaving Home
2026-01-17 11:30:00,0.0,0.0,0.0,0.0,0.0,0.1,0.52329325445997,Leaving Home
2026-01-17 11:45:00,0.0,0.0,0.0,0.0,0.0,0.1,0.5396161702506813,Leaving Home
2026-01-17 12:00:00,0.0,0.0,0.0,0.0,0.0,0.1,0.5552038661550025,Leaving Home
2026-01-17 12:15:00,0.0,0.0,0.0,0.0,0.0,0.1,0.47851938641113567,Leaving Home
2026-01-17 12:30:00,0.0,0.0,0.0,0.0,0.0,0.1,0.3791719223771748,Leaving Home
2026-01-17 12:45:00,0.0,0.0,0.0,0.0,0.0,0.1,0.5769413601476387,Leaving Home
2026-01-17 13:00:00,0.0,0.0,0.0,0.0,0.0,0.1,0.6135859424081657,Leaving Home
2026-01-17 13:15:00,0.0,0.0,0.0,0.0,0.0,0.1,0.5947494931461348,Leaving Home
2026-01-17 13:30:00,0.0,0.0,0.0,0.0,0.0,0.1,0.5855121438052113,Leaving Home
2026-01-17 13:45:00,0.0,0.0,0.0,0.0,0.0,0.1,0.6043040870850387,Leaving Home
2026-01-17 14:00:00,0.0,0.0,0.0,0.0,0.0,0.1,0.7022841471550764,Leaving Home
2026-01-17 14:15:00,0.0,0.0,0.0,0.0,0.0,0.1,0.5809553814070784,Leaving Home
2026-01-17 14:30:00,0.0,0.0,0.0,0.0,0.0,0.1,0.542591742291273,Leaving Home
2026-01-17 14:45:00,0.0,0.0,0.0,0.0,0.0,0.1,0.5718874515111914,Leaving Home
2026-01-17 15:00:00,0.0,0.0,0.0,0.0,0.0,0.1,0.6579346759756776,Leaving Home
2026-01-17 15:15:00,0.0,0.0,0.0,0.0,0.0,0.1,0.741202687854325,Leaving Home
2026-01-17 15:30:00,0.0,0.0,0.0,0.0,0.0,0.1,0.5371856260830822,Leaving Home
2026-01-17 15:45:00,0.0,0.0,0.0,0.0,0.0,0.1,0.6098933787028884,Leaving Home
2026-01-17 16:00:00,0.0,0.0,0.0,0.0,0.0,0.1,0.6338357441935959,Leaving Home
2026-01-17 16:15:00,0.0,0.0,0.0,0.0,0.0,0.1,0.5007421993271177,Leaving Home
2026-01-17 16:30:00,0.0,0.0,0.0,0.0,0.0,0.1,0.6020417167212918,Leaving Home
2026-01-17 16:45:00,0.0,0.0,0.0,0.0,0.0,0.1,0.4534326142657905,Leaving Home
2026-01-17 17:00:00,0.0,1.0,0.0,0.0,3.115035379595701,1.5,4.938130349221762,Cooking
2026-01-17 17:15:00,0.0,1.0,0.0,0.0,3.2488715445456973,1.5,5.285546185334923,Cooking
2026-01-17 17:30:00,0.0,1.0,0.0,0.0,3.419470250234806,1.5,5.381082776101728,Cooking
2026-01-17 17:45:00,0.0,1.0,0.0,0.0,2.6913734067265382,1.5,4.71160144748866,Cooking
2026-01-17 18:00:00,0.0,1.0,0.0,0.0,3.2197506153101134,1.5,5.217961117609279,Cooking
2026-01-17 18:15:00,0.0,1.0,0.0,0.0,3.389468251756057,1.5,5.291828246889677,Cooking
2026-01-17 18:30:00,0.0,1.0,0.0,0.0,2.9972019905854768,1.5,4.992676560389044,Cooking
2026-01-17 18:45:00,0.0,1.0,0.0,0.0,3.3343708277962563,1.5,5.211060697294771,Cooking
2026-01-17 19:00:00,0.0,0.0,1.0,0.0,0.0,1.5,2.13909723580014,Watching TV
2026-01-17 19:15:00,0.0,0.0,1.0,0.0,0.0,1.5,1.8644029655140035,Watching TV
2026-01-17 19:30:00,0.0,0.0,1.0,0.0,0.0,1.5,1.9804214729031417,Watching TV
2026-01-17 19:45:00,0.0,0.0,1.0,0.0,0.0,1.5,1.8957728411952752,Watching TV
2026-01-17 20:00:00,0.0,0.0,1.0,0.0,0.0,1.5,2.0570421173360796,Watching TV
2026-01-17 20:15:00,0.0,0.0,1.0,0.0,0.0,1.5,1.9668568628718497,Watching TV
2026-01-17 20:30:00,0.0,0.0,1.0,0.0,0.0,1.5,1.948133328037879,Watching TV
2026-01-17 20:45:00,0.0,0.0,1.0,0.0,0.0,1.5,2.0853201545051556,Watching TV
2026-01-17 21:00:00,0.0,0.0,1.0,0.0,0.0,1.5,2.0029430591677553,Watching TV
2026-01-17 21:15:00,0.0,0.0,1.0,0.0,0.0,1.5,2.0516644445935968,Watching TV
2026-01-17 21:30:00,0.0,0.0,1.0,0.0,0.0,1.5,1.9018674063482535,Watching TV
2026-01-17 21:45:00,0.0,0.0,1.0,0.0,0.0,1.5,1.8595183056072493,Watching TV
2026-01-17 22:00:00,0.0,0.0,1.0,0.0,0.0,1.5,2.0107207962040134,Watching TV
2026-01-17 22:15:00,0.0,0.0,1.0,0.0,0.0,1.5,1.968115364450527,Watching TV
2026-01-17 22:30:00,0.0,0.0,1.0,0.0,0.0,1.5,2.0626434672453944,Watching TV
2026-01-17 22:45:00,0.0,0.0,1.0,0.0,0.0,1.5,1.992009154733745,Watching TV
2026-01-17 23:00:00,0.0,0.0,1.0,0.0,0.0,1.5,2.020507533923463,Watching TV
2026-01-17 23:15:00,0.0,0.0,1.0,0.0,0.0,1.5,1.8376617470058756,Watching TV
2026-01-17 23:30:00,0.0,0.0,1.0,0.0,0.0,1.5,2.1888436939614255,Watching TV
2026-01-17 23:45:00,0.0,0.0,1.0,0.0,0.0,1.5,1.9835758014967968,Watching TV
2026-01-18 00:00:00,0.0,0.0,0.0,0.0,0.0,0.9003608310832932,1.470119528117213,Sleeping
2026-01-18 00:15:00,0.0,0.0,0.0,0.0,0.0,0.9720126913833979,1.3884035243614352,Sleeping
2026-01-18 00:30:00,0.0,0.0,0.0,0.0,0.0,1.0376574015139124,1.5684583917356465,Sleeping
2026-01-18 00:45:00,0.0,0.0,0.0,0.0,0.0,1.0809857841637027,1.450701307811228,Sleeping
2026-01-18 01:00:00,0.0,0.0,0.0,0.0,0.0,1.0069746848841048,1.552181468710072,Sleeping
2026-01-18 01:15:00,0.0,0.0,0.0,0.0,0.0,0.9360235472555867,1.4004261388170034,Sleeping
2026-01-18 01:30:00,0.0,0.0,0.0,0.0,0.0,1.12177484856512,1.6246938989586768,Sleeping
2026-01-18 01:45:00,0.0,0.0,0.0,0.0,0.0,0.9131558970747851,1.4829533000877948,Sleeping
2026-01-18 02:00:00,0.0,0.0,0.0,0.0,0.0,1.1813343951982775,1.5580803640762495,Sleeping
2026-01-18 02:15:00,0.0,0.0,0.0,0.0,0.0,0.9342567842446862,1.3658076111834063,Sleeping
2026-01-18 02:30:00,1.0,0.0,0.0,0.0,0.0,1.1387257411052596,1.684458169213936,Sleeping
2026-01-18 02:45:00,0.0,0.0,0.0,0.0,0.0,1.1146623916561929,1.8244845391108675,Sleeping
2026-01-18 03:00:00,0.0,0.0,0.0,0.0,0.0,0.9705735128206443,1.456765279354496,Sleeping
2026-01-18 03:15:00,0.0,0.0,0.0,0.0,0.0,0.9471963002147045,1.5063099120070977,Sleeping
2026-01-18 03:30:00,0.0,0.0,0.0,0.0,0.0,0.867168504853495,1.356471357867647,Sleeping
2026-01-18 03:45:00,0.0,0.0,0.0,0.0,0.0,1.007747371873723,1.701971931349353,Sleeping
2026-01-18 04:00:00,0.0,0.0,0.0,0.0,0.0,0.9357242697051442,1.2610021030086187,Sleeping
2026-01-18 04:15:00,0.0,0.0,0.0,0.0,0.0,1.1701521070420735,1.6796142115090094,Sleeping
2026-01-18 04:30:00,0.0,0.0,0.0,0.0,0.0,0.8252546915304935,1.1627002881742874,Sleeping
2026-01-18 04:45:00,0.0,0.0,0.0,0.0,0.0,0.9871958293725389,1.2365386723188672,Sleeping
2026-01-18 05:00:00,0.0,0.0,0.0,0.0,0.0,0.9916615724725707,1.5214077777843524,Sleeping
2026-01-18 05:15:00,0.0,0.0,0.0,0.0,0.0,1.018569258974106,1.5325190385888519,Sleeping
2026-01-18 05:30:00,0.0,0.0,0.0,0.0,0.0,1.1189911397241168,1.5905074459498967,Sleeping
2026-01-18 05:45:00,0.0,0.0,0.0,0.0,0.0,1.1013675740543865,1.5907481650504112,Sleeping
2026-01-18 06:00:00,0.0,0.0,0.0,0.0,0.0,0.9785089644849921,1.788338907892118,Sleeping
2026-01-18 06:15:00,0.0,0.0,0.0,0.0,0.0,1.0276793449325288,1.5018618311293852,Sleeping
2026-01-18 06:30:00,0.0,0.0,0.0,0.0,0.0,1.004377976271389,1.5553904123963964,Sleeping
2026-01-18 06:45:00,0.0,0.0,0.0,0.0,0.0,0.9744158863096908,1.4094794043483025,Sleeping
2026-01-18 07:00:00,0.0,1.0,0.0,0.0,3.0621766799352512,1.2,4.791699937439311,Cooking
2026-01-18 07:15:00,0.0,1.0,0.0,0.0,2.3329613845100297,1.2,4.009138017004467,Cooking
2026-01-18 07:30:00,0.0,1.0,0.0,0.0,2.488223924562881,1.2,4.147172076289908,Cooking
2026-01-18 07:45:00,0.0,1.0,0.0,0.0,2.412822871048582,1.2,4.2947127242686145,Cooking
2026-01-18 08:00:00,0.0,0.0,0.0,1.0,0.0,0.1,0.7177184963184339,Leaving Home
2026-01-18 08:15:00,0.0,0.0,0.0,1.0,0.0,0.1,0.613674664739923,Leaving Home
2026-01-18 08:30:00,0.0,0.0,0.0,1.0,0.0,0.1,0.36957880640560326,Leaving Home
2026-01-18 08:45:00,0.0,0.0,0.0,1.0,0.0,0.1,0.563899077674743,Leaving Home
2026-01-18 09:00:00,0.0,0.0,0.0,0.0,0.0,0.1,0.8703027564405084,Leaving Home
2026-01-18 09:15:00,0.0,1.0,1.0,0.0,5.0,0.1,5.576933833336029,Anomalous Activity
2026-01-18 09:30:00,0.0,0.0,0.0,0.0,0.0,0.1,0.7103217572053658,Leaving Home
2026-01-18 09:45:00,0.0,0.0,0.0,0.0,0.0,0.1,0.74419424019526,Leaving Home
2026-01-18 10:00:00,0.0,0.0,0.0,0.0,0.0,0.1,0.6218963915855975,Leaving Home
2026-01-18 10:15:00,0.0,0.0,0.0,0.0,0.0,0.1,0.5158178368131847,Leaving Home
2026-01-18 10:30:00,0.0,0.0,0.0,0.0,0.0,0.1,0.35646876682171114,Leaving Home
2026-01-18 10:45:00,0.0,0.0,0.0,0.0,0.0,0.1,0.6684163208608954,Leaving Home
2026-01-18 11:00:00,0.0,0.0,0.0,0.0,0.0,0.1,0.5185243997176452,Leaving Home
2026-01-18 11:15:00,0.0,0.0,0.0,0.0,0.0,0.1,0.6176150451887692,Leaving Home
2026-01-18 11:30:00,0.0,0.0,0.0,0.0,0.0,0.1,0.4750179660410636,Leaving Home
2026-01-18 11:45:00,0.0,0.0,0.0,0.0,0.0,0.1,0.5734762459529797,Leaving Home
2026-01-18 12:00:00,0.0,0.0,0.0,0.0,0.0,0.1,0.6033719054901053,Leaving Home
2026-01-18 12:15:00,0.0,0.0,0.0,0.0,0.0,0.1,0.6268593581044297,Leaving Home
2026-01-18 12:30:00,0.0,0.0,0.0,0.0,0.0,0.1,0.48851778126475853,Leaving Home
2026-01-18 12:45:00,0.0,0.0,0.0,0.0,0.0,0.1,0.7196910948761353,Leaving Home
2026-01-18 13:00:00,0.0,0.0,0.0,0.0,0.0,0.1,0.5403105215268028,Leaving Home
2026-01-18 13:15:00,0.0,0.0,0.0,0.0,0.0,0.1,0.43255305395467547,Leaving Home
2026-01-18 13:30:00,0.0,0.0,0.0,0.0,0.0,0.1,0.5890976580036537,Leaving Home
2026-01-18 13:45:00,0.0,0.0,0.0,0.0,0.0,0.1,0.603437530902646,Leaving Home
2026-01-18 14:00:00,0.0,0.0,0.0,0.0,0.0,0.1,0.6160589433171759,Leaving Home
2026-01-18 14:15:00,0.0,0.0,0.0,0.0,0.0,0.1,0.7362132403685079,Leaving Home
2026-01-18 14:30:00,0.0,0.0,0.0,0.0,0.0,0.1,0.5763551163264141,Leaving Home
2026-01-18 14:45:00,0.0,0.0,0.0,0.0,0.0,0.1,0.5880380375631229,Leaving Home
2026-01-18 15:00:00,0.0,0.0,0.0,0.0,0.0,0.1,0.48968156187669065,Leaving Home
2026-01-18 15:15:00,0.0,0.0,0.0,0.0,0.0,0.1,0.6820553502887897,Leaving Home
2026-01-18 15:30:00,0.0,0.0,0.0,0.0,0.0,0.1,0.6184309064078103,Leaving Home
2026-01-18 15:45:00,0.0,0.0,0.0,0.0,0.0,0.1,0.5579972272705838,Leaving Home
2026-01-18 16:00:00,0.0,0.0,0.0,0.0,0.0,0.1,0.40953253065345363,Leaving Home
2026-01-18 16:15:00,0.0,0.0,0.0,0.0,0.0,0.1,0.7444412195055087,Leaving Home
2026-01-18 16:30:00,0.0,0.0,0.0,0.0,0.0,0.1,0.4772320035543943,Leaving Home
2026-01-18 16:45:00,0.0,0.0,0.0,0.0,0.0,0.1,0.5408721990630294,Leaving Home
2026-01-18 17:00:00,0.0,1.0,0.0,0.0,2.6183569479107094,1.5,4.65419139901831,Cooking
2026-01-18 17:15:00,0.0,1.0,0.0,0.0,3.018968917723801,1.5,4.899313124862132,Cooking
2026-01-18 17:30:00,0.0,1.0,0.0,0.0,3.536489023883006,1.5,5.387138046057691,Cooking
2026-01-18 17:45:00,0.0,1.0,0.0,0.0,4.181936247309681,1.5,5.969541489039614,Cooking
2026-01-18 18:00:00,0.0,1.0,0.0,0.0,3.1519092978024377,1.5,5.224008993093001,Cooking
2026-01-18 18:15:00,0.0,1.0,0.0,0.0,3.3607812525630716,1.5,5.3062626280904395,Cooking
2026-01-18 18:30:00,0.0,1.0,0.0,0.0,2.3306971001383756,1.5,4.6234241093857085,Cooking
2026-01-18 18:45:00,0.0,1.0,0.0,0.0,3.3464593115158054,1.5,5.247023804952718,Cooking
2026-01-18 19:00:00,0.0,0.0,1.0,0.0,0.0,1.5,1.907854897657108,Watching TV
2026-01-18 19:15:00,0.0,0.0,1.0,0.0,0.0,1.5,1.94346070297146,Watching TV
2026-01-18 19:30:00,0.0,0.0,1.0,0.0,0.0,1.5,2.024313465513849,Watching TV
2026-01-18 19:45:00,0.0,0.0,1.0,0.0,0.0,1.5,1.952979666121469,Watching TV
2026-01-18 20:00:00,0.0,0.0,1.0,0.0,0.0,1.5,2.061233221400251,Watching TV
2026-01-18 20:15:00,0.0,0.0,1.0,0.0,0.0,1.5,1.9021411610011345,Watching TV
2026-01-18 20:30:00,0.0,0.0,1.0,0.0,0.0,1.5,1.8618408281536418,Watching TV
2026-01-18 20:45:00,0.0,0.0,1.0,0.0,0.0,1.5,1.8201785260590893,Watching TV
2026-01-18 21:00:00,0.0,0.0,1.0,0.0,0.0,1.5,1.7776425832062803,Watching TV
2026-01-18 21:15:00,0.0,0.0,1.0,0.0,0.0,1.5,1.9481930980524944,Watching TV
2026-01-18 21:30:00,0.0,0.0,1.0,0.0,0.0,1.5,1.9699019687606778,Watching TV
2026-01-18 21:45:00,0.0,0.0,1.0,0.0,0.0,1.5,1.9368562972516816,Watching TV
2026-01-18 22:00:00,0.0,0.0,1.0,0.0,0.0,1.5,2.1243405797187163,Watching TV
2026-01-18 22:15:00,0.0,0.0,1.0,0.0,0.0,1.5,2.1228030209608137,Watching TV
2026-01-18 22:30:00,0.0,0.0,1.0,0.0,0.0,1.5,1.9665197012555498,Watching TV
2026-01-18 22:45:00,0.0,0.0,1.0,0.0,0.0,1.5,1.8206078886808037,Watching TV
2026-01-18 23:00:00,0.0,0.0,1.0,0.0,0.0,1.5,1.9433294891944948,Watching TV
2026-01-18 23:15:00,0.0,0.0,1.0,0.0,0.0,1.5,1.9400178606082938,Watching TV
2026-01-18 23:30:00,0.0,0.0,1.0,0.0,0.0,1.5,1.9342865037721941,Watching TV
2026-01-18 23:45:00,0.0,0.0,1.0,0.0,0.0,1.5,1.9302281096101754,Watching TV
2026-01-19 00:00:00,0.0,0.0,0.0,0.0,0.0,1.0542704397976723,1.4889241502251915,Sleeping
2026-01-19 00:15:00,0.0,0.0,0.0,0.0,0.0,0.8961140210213119,1.357459859431536,Sleeping
2026-01-19 00:30:00,0.0,0.0,0.0,0.0,0.0,0.8992186101262569,1.3356645002447012,Sleeping
2026-01-19 00:45:00,0.0,0.0,0.0,0.0,0.0,0.8882925857538254,1.4091248366163847,Sleeping
2026-01-19 01:00:00,0.0,0.0,0.0,0.0,0.0,1.104896994259117,1.640933865849603,Sleeping
2026-01-19 01:15:00,0.0,0.0,0.0,0.0,0.0,0.9533196881307471,1.362255179412498,Sleeping
2026-01-19 01:30:00,1.0,0.0,0.0,0.0,0.0,0.885446178200108,1.5125527108008114,Sleeping
2026-01-19 01:45:00,1.0,0.0,0.0,0.0,0.0,0.8636627375278841,1.2656565073438228,Sleeping
2026-01-19 02:00:00,0.0,0.0,0.0,0.0,0.0,1.1064876739290237,1.44470761254749,Sleeping
2026-01-19 02:15:00,0.0,0.0,0.0,0.0,0.0,0.7859734121222021,1.3240512192587073,Sleeping
2026-01-19 02:30:00,0.0,0.0,0.0,0.0,0.0,1.0174817768808777,1.4357409634394438,Sleeping
2026-01-19 02:45:00,0.0,0.0,0.0,0.0,0.0,1.0164655155358568,1.5485946626115956,Sleeping
2026-01-19 03:00:00,0.0,0.0,0.0,0.0,0.0,0.901219116541198,1.160852256431145,Sleeping
2026-01-19 03:15:00,0.0,0.0,0.0,0.0,0.0,1.053477854580501,1.6927234487288079,Sleeping
2026-01-19 03:30:00,0.0,0.0,0.0,0.0,0.0,1.0112104946824516,1.578439835486492,Sleeping
2026-01-19 03:45:00,0.0,0.0,0.0,0.0,0.0,1.1744639173258682,1.524416262409568,Sleeping
2026-01-19 04:00:00,0.0,0.0,0.0,0.0,0.0,0.9718980352728415,1.324020322888213,Sleeping
2026-01-19 04:15:00,0.0,0.0,0.0,0.0,0.0,1.0424966116247545,1.7097232020345072,Sleeping
2026-01-19 04:30:00,0.0,0.0,0.0,0.0,0.0,0.8582376065815228,1.2844996162317268,Sleeping
2026-01-19 04:45:00,0.0,0.0,0.0,0.0,0.0,1.0599859299835646,1.4765674451103021,Sleeping
2026-01-19 05:00:00,0.0,0.0,0.0,0.0,0.0,1.0112550715008228,1.2846498620858946,Sleeping
2026-01-19 05:15:00,0.0,0.0,0.0,0.0,0.0,1.044503586411619,1.5094257658514636,Sleeping
2026-01-19 05:30:00,0.0,0.0,0.0,0.0,0.0,1.1085926696322796,1.5858207081487043,Sleeping
2026-01-19 05:45:00,0.0,0.0,0.0,0.0,0.0,1.1055218851331043,1.6770711948100527,Sleeping
2026-01-19 06:00:00,0.0,0.0,0.0,0.0,0.0,1.0548878843818956,1.4149800415634481,Sleeping
2026-01-19 06:15:00,0.0,0.0,0.0,0.0,0.0,1.221920127196178,1.5698914479721169,Sleeping
2026-01-19 06:30:00,0.0,0.0,0.0,0.0,0.0,1.0433489717448523,1.5884452352225,Sleeping
2026-01-19 06:45:00,0.0,0.0,0.0,0.0,0.0,0.9193932441250195,1.520066251247726,Sleeping
2026-01-19 07:00:00,0.0,1.0,0.0,0.0,2.5191189974800143,1.2,4.062003762368226,Cooking
2026-01-19 07:15:00,0.0,1.0,0.0,0.0,1.775704292683228,1.2,3.5838557013132024,Cooking
2026-01-19 07:30:00,0.0,1.0,0.0,0.0,3.8103965455149877,1.2,5.51415072966367,Cooking
2026-01-19 07:45:00,0.0,1.0,0.0,0.0,1.9440164871129182,1.2,3.753197021020383,Cooking
2026-01-19 08:00:00,0.0,0.0,0.0,1.0,0.0,0.1,0.5929779638482383,Leaving Home
2026-01-19 08:15:00,0.0,1.0,1.0,1.0,5.0,0.1,5.347772208251205,Anomalous Activity
2026-01-19 08:30:00,0.0,0.0,0.0,1.0,0.0,0.1,0.5848032617683961,Leaving Home
2026-01-19 08:45:00,0.0,0.0,0.0,1.0,0.0,0.1,0.706014381867127,Leaving Home
2026-01-19 09:00:00,0.0,0.0,0.0,0.0,0.0,0.1,0.5106253980916285,Leaving Home
2026-01-19 09:15:00,0.0,0.0,0.0,0.0,0.0,0.1,0.5612035031092548,Leaving Home
2026-01-19 09:30:00,0.0,0.0,0.0,0.0,0.0,0.1,0.5823866496449022,Leaving Home
2026-01-19 09:45:00,0.0,0.0,0.0,0.0,0.0,0.1,0.3100486120131518,Leaving Home
2026-01-19 10:00:00,0.0,0.0,0.0,0.0,0.0,0.1,0.7671347575437476,Leaving Home
2026-01-19 10:15:00,0.0,0.0,0.0,0.0,0.0,0.1,0.5098624320102826,Leaving Home
2026-01-19 10:30:00,0.0,0.0,0.0,0.0,0.0,0.1,0.6505735432472799,Leaving Home
2026-01-19 10:45:00,0.0,0.0,0.0,0.0,0.0,0.1,0.5913298863851791,Leaving Home
2026-01-19 11:00:00,0.0,0.0,0.0,0.0,0.0,0.1,0.725761905635936,Leaving Home
2026-01-19 11:15:00,0.0,0.0,0.0,0.0,0.0,0.1,0.6406056122428081,Leaving Home
2026-01-19 11:30:00,0.0,0.0,0.0,0.0,0.0,0.1,0.5765075728479025,Leaving Home
2026-01-19 11:45:00,0.0,0.0,0.0,0.0,0.0,0.1,0.510648490748072,Leaving Home
2026-01-19 12:00:00,0.0,0.0,0.0,0.0,0.0,0.1,0.6797850701382139,Leaving Home
2026-01-19 12:15:00,0.0,0.0,0.0,0.0,0.0,0.1,0.41265586960453826,Leaving Home
2026-01-19 12:30:00,0.0,0.0,0.0,0.0,0.0,0.1,0.6645890420275892,Leaving Home
2026-01-19 12:45:00,0.0,0.0,0.0,0.0,0.0,0.1,0.4900955248445127,Leaving Home
2026-01-19 13:00:00,0.0,0.0,0.0,0.0,0.0,0.1,0.725228366195664,Leaving Home
2026-01-19 13:15:00,0.0,0.0,0.0,0.0,0.0,0.1,0.6161299542662695,Leaving Home
2026-01-19 13:30:00,0.0,0.0,0.0,0.0,0.0,0.1,0.6644123767850109,Leaving Home
2026-01-19 13:45:00,0.0,0.0,0.0,0.0,0.0,0.1,0.6081988813824719,Leaving Home
2026-01-19 14:00:00,0.0,0.0,0.0,0.0,0.0,0.1,0.4247622904859003,Leaving Home
2026-01-19 14:15:00,0.0,0.0,0.0,0.0,0.0,0.1,0.5139270836604661,Leaving Home
2026-01-19 14:30:00,0.0,0.0,0.0,0.0,0.0,0.1,0.6672389337611382,Leaving Home
2026-01-19 14:45:00,0.0,0.0,0.0,0.0,0.0,0.1,0.6166655817359844,Leaving Home
2026-01-19 15:00:00,0.0,0.0,0.0,0.0,0.0,0.1,0.7180989905305671,Leaving Home
2026-01-19 15:15:00,0.0,0.0,0.0,0.0,0.0,0.1,0.6403274563037171,Leaving Home
2026-01-19 15:30:00,0.0,0.0,0.0,0.0,0.0,0.1,0.5033298109297341,Leaving Home
2026-01-19 15:45:00,0.0,0.0,0.0,0.0,0.0,0.1,0.5203935862279366,Leaving Home
2026-01-19 16:00:00,0.0,0.0,0.0,0.0,0.0,0.1,0.6102917390523237,Leaving Home
2026-01-19 16:15:00,0.0,0.0,0.0,0.0,0.0,0.1,0.3685955933999895,Leaving Home
2026-01-19 16:30:00,0.0,0.0,0.0,0.0,0.0,0.1,0.7673441885622985,Leaving Home
2026-01-19 16:45:00,0.0,0.0,0.0,0.0,0.0,0.1,0.6441746736377557,Leaving Home
2026-01-19 17:00:00,0.0,1.0,0.0,0.0,2.687827305143388,1.5,4.810530764848275,Cooking
2026-01-19 17:15:00,0.0,1.0,0.0,0.0,2.907737321172075,1.5,4.749676927091158,Cooking
2026-01-19 17:30:00,0.0,1.0,0.0,0.0,3.448533098443566,1.5,5.572989614479091,Cooking
2026-01-19 17:45:00,0.0,1.0,1.0,0.0,5.0,1.5,7.223149891102775,Anomalous Activity
2026-01-19 18:00:00,0.0,1.0,0.0,0.0,3.3257609956697527,1.5,5.193673160132021,Cooking
2026-01-19 18:15:00,0.0,1.0,1.0,0.0,5.0,1.5,7.077140179490376,Anomalous Activity
2026-01-19 18:30:00,0.0,1.0,0.0,0.0,3.2993971947809553,1.5,5.299508189249684,Cooking
2026-01-19 18:45:00,0.0,1.0,0.0,0.0,3.3341702443590404,1.5,5.179726859534216,Cooking
2026-01-19 19:00:00,0.0,0.0,1.0,0.0,0.0,1.5,2.0492883971851867,Watching TV
2026-01-19 19:15:00,0.0,0.0,1.0,0.0,0.0,1.5,2.083360320483735,Watching TV
2026-01-19 19:30:00,0.0,0.0,1.0,0.0,0.0,1.5,1.9398873447331153,Watching TV
2026-01-19 19:45:00,0.0,0.0,1.0,0.0,0.0,1.5,2.116591652025522,Watching TV
2026-01-19 20:00:00,0.0,0.0,1.0,0.0,0.0,1.5,1.8333236593210802,Watching TV
2026-01-19 20:15:00,0.0,0.0,1.0,0.0,0.0,1.5,1.8505243853550355,Watching TV
2026-01-19 20:30:00,0.0,0.0,1.0,0.0,0.0,1.5,2.013659739558875,Watching TV
2026-01-19 20:45:00,0.0,0.0,1.0,0.0,0.0,1.5,2.002538527797227,Watching TV
2026-01-19 21:00:00,0.0,0.0,1.0,0.0,0.0,1.5,1.9283426511575894,Watching TV
2026-01-19 21:15:00,0.0,0.0,1.0,0.0,0.0,1.5,2.0809594435971883,Watching TV
2026-01-19 21:30:00,0.0,0.0,1.0,0.0,0.0,1.5,2.053089431421595,Watching TV
2026-01-19 21:45:00,0.0,0.0,1.0,0.0,0.0,1.5,2.0858139070934016,Watching TV
2026-01-19 22:00:00,0.0,0.0,1.0,0.0,0.0,1.5,1.9876863564647733,Watching TV
2026-01-19 22:15:00,0.0,0.0,1.0,0.0,0.0,1.5,2.0602580267978343,Watching TV
2026-01-19 22:30:00,0.0,0.0,1.0,0.0,0.0,1.5,1.9554349696970006,Watching TV
2026-01-19 22:45:00,0.0,0.0,1.0,0.0,0.0,1.5,2.2053818690086597,Watching TV
2026-01-19 23:00:00,0.0,0.0,1.0,0.0,0.0,1.5,1.9187454229878014,Watching TV
2026-01-19 23:15:00,0.0,0.0,1.0,0.0,0.0,1.5,2.2105297429458313,Watching TV
2026-01-19 23:30:00,0.0,0.0,1.0,0.0,0.0,1.5,2.003488794708941,Watching TV
2026-01-19 23:45:00,0.0,0.0,1.0,0.0,0.0,1.5,1.8624489110431257,Watching TV
2026-01-20 00:00:00,0.0,0.0,0.0,0.0,0.0,0.9907601561396652,1.6275680911885253,Sleeping
2026-01-20 00:15:00,0.0,0.0,0.0,0.0,0.0,0.8782879597647095,1.3908780986042055,Sleeping
2026-01-20 00:30:00,0.0,0.0,0.0,0.0,0.0,0.9241914673312801,1.509303877169304,Sleeping
2026-01-20 00:45:00,1.0,0.0,0.0,0.0,0.0,0.93126156879093,1.5536471606451894,Sleeping
2026-01-20 01:00:00,0.0,0.0,0.0,0.0,0.0,1.0222266132448241,1.5560221686593265,Sleeping
2026-01-20 01:15:00,0.0,0.0,0.0,0.0,0.0,0.9520663138559149,1.3928422293746334,Sleeping
2026-01-20 01:30:00,0.0,0.0,0.0,0.0,0.0,1.0926605508044407,1.6902318885713656,Sleeping
2026-01-20 01:45:00,1.0,0.0,0.0,0.0,0.0,0.8901449159193605,1.39022046666482,Sleeping
2026-01-20 02:00:00,0.0,0.0,0.0,0.0,0.0,0.918259910309265,1.4868456921701068,Sleeping
2026-01-20 02:15:00,0.0,0.0,0.0,0.0,0.0,0.9390432171164017,1.2236701597372557,Sleeping
2026-01-20 02:30:00,0.0,0.0,0.0,0.0,0.0,1.104451398624346,1.6491495703253314,Sleeping
2026-01-20 02:45:00,0.0,0.0,0.0,0.0,0.0,1.053717842762576,1.489859260248073,Sleeping
2026-01-20 03:00:00,0.0,0.0,0.0,0.0,0.0,0.9050575673274236,1.5703885310452765,Sleeping
2026-01-20 03:15:00,0.0,0.0,0.0,0.0,0.0,1.1434734979664345,1.705782232755344,Sleeping
2026-01-20 03:30:00,0.0,0.0,0.0,0.0,0.0,0.9667362681649041,1.4907220427498338,Sleeping
2026-01-20 03:45:00,0.0,0.0,0.0,0.0,0.0,1.0491542120877309,1.597785211422753,Sleeping
2026-01-20 04:00:00,0.0,0.0,0.0,0.0,0.0,1.0670740945950203,1.4672300093073485,Sleeping
2026-01-20 04:15:00,0.0,0.0,0.0,0.0,0.0,0.970774023809823,1.6330996928626285,Sleeping
2026-01-20 04:30:00,0.0,0.0,0.0,0.0,0.0,0.9292706619364038,1.6284077037780942,Sleeping
2026-01-20 04:45:00,1.0,0.0,0.0,0.0,0.0,1.012536531576517,1.5518278826313385,Sleeping
2026-01-20 05:00:00,0.0,0.0,0.0,0.0,0.0,1.0368600829120203,1.695900439769384,Sleeping
2026-01-20 05:15:00,0.0,0.0,0.0,0.0,0.0,1.0315725266935492,1.4746577068262958,Sleeping
2026-01-20 05:30:00,0.0,0.0,0.0,0.0,0.0,1.1214797056894386,1.5417683490669405,Sleeping
2026-01-20 05:45:00,0.0,0.0,0.0,0.0,0.0,0.9402431364233034,1.4443356112961956,Sleeping
2026-01-20 06:00:00,0.0,0.0,0.0,0.0,0.0,1.1334903247843444,1.6769844286211342,Sleeping
2026-01-20 06:15:00,0.0,0.0,0.0,0.0,0.0,1.0629749878398673,1.5235763197155552,Sleeping
2026-01-20 06:30:00,0.0,0.0,0.0,0.0,0.0,1.0966760462608947,1.650452865297743,Sleeping
2026-01-20 06:45:00,0.0,0.0,0.0,0.0,0.0,1.0330573392625435,1.563696287469885,Sleeping
2026-01-20 07:00:00,0.0,1.0,0.0,0.0,2.324292882143134,1.2,3.924462204614028,Cooking
2026-01-20 07:15:00,0.0,1.0,0.0,0.0,3.281706679416054,1.2,5.0335859811612265,Cooking
2026-01-20 07:30:00,0.0,1.0,0.0,0.0,2.7499320618701857,1.2,4.536284886122338,Cooking
2026-01-20 07:45:00,0.0,1.0,0.0,0.0,1.8003469125990292,1.2,3.5174938443580683,Cooking
2026-01-20 08:00:00,0.0,0.0,0.0,1.0,0.0,0.1,0.7152648103261693,Leaving Home
2026-01-20 08:15:00,0.0,0.0,0.0,1.0,0.0,0.1,0.4782596206503048,Leaving Home
2026-01-20 08:30:00,0.0,0.0,0.0,1.0,0.0,0.1,0.6467950422131852,Leaving Home
2026-01-20 08:45:00,0.0,0.0,0.0,1.0,0.0,0.1,0.4829719293603225,Leaving Home
2026-01-20 09:00:00,0.0,0.0,0.0,0.0,0.0,0.1,0.4885918641766912,Leaving Home
2026-01-20 09:15:00,0.0,0.0,0.0,0.0,0.0,0.1,0.536906916626221,Leaving Home
2026-01-20 09:30:00,0.0,0.0,0.0,0.0,0.0,0.1,0.5057939816425755,Leaving Home
2026-01-20 09:45:00,0.0,0.0,0.0,0.0,0.0,0.1,0.5452004181258863,Leaving Home
2026-01-20 10:00:00,0.0,0.0,0.0,0.0,0.0,0.1,0.5785849689288811,Leaving Home
2026-01-20 10:15:00,0.0,0.0,0.0,0.0,0.0,0.1,0.6837154486331384,Leaving Home
2026-01-20 10:30:00,0.0,0.0,0.0,0.0,0.0,0.1,0.5678840961294298,Leaving Home
2026-01-20 10:45:00,0.0,0.0,0.0,0.0,0.0,0.1,0.44143742932304075,Leaving Home
2026-01-20 11:00:00,0.0,0.0,0.0,0.0,0.0,0.1,0.7140067846495161,Leaving Home
2026-01-20 11:15:00,0.0,0.0,0.0,0.0,0.0,0.1,0.516290986638496,Leaving Home
2026-01-20 11:30:00,0.0,0.0,0.0,0.0,0.0,0.1,0.5941279572895372,Leaving Home
2026-01-20 11:45:00,0.0,0.0,0.0,0.0,0.0,0.1,0.6446536506940711,Leaving Home
2026-01-20 12:00:00,0.0,0.0,0.0,0.0,0.0,0.1,0.6199610418402782,Leaving Home
2026-01-20 12:15:00,0.0,0.0,0.0,0.0,0.0,0.1,0.7094179547521475,Leaving Home
2026-01-20 12:30:00,0.0,0.0,0.0,0.0,0.0,0.1,0.6479003143392759,Leaving Home
2026-01-20 12:45:00,0.0,0.0,0.0,0.0,0.0,0.1,0.5138690420302892,Leaving Home
2026-01-20 13:00:00,0.0,0.0,0.0,0.0,0.0,0.1,0.8178562173991661,Leaving Home
2026-01-20 13:15:00,0.0,0.0,0.0,0.0,0.0,0.1,0.6194333463338233,Leaving Home
2026-01-20 13:30:00,0.0,0.0,0.0,0.0,0.0,0.1,0.5852659773378494,Leaving Home
2026-01-20 13:45:00,0.0,0.0,0.0,0.0,0.0,0.1,0.6963925423055571,Leaving Home
2026-01-20 14:00:00,0.0,0.0,0.0,0.0,0.0,0.1,0.6249450945930072,Leaving Home
2026-01-20 14:15:00,0.0,0.0,0.0,0.0,0.0,0.1,0.6399228192939327,Leaving Home
2026-01-20 14:30:00,0.0,0.0,0.0,0.0,0.0,0.1,0.8492183998600686,Leaving Home
2026-01-20 14:45:00,0.0,0.0,0.0,0.0,0.0,0.1,0.5724878571744954,Leaving Home
2026-01-20 15:00:00,0.0,0.0,0.0,0.0,0.0,0.1,0.5682239105982604,Leaving Home
2026-01-20 15:15:00,0.0,0.0,0.0,0.0,0.0,0.1,0.6116578512012464,Leaving Home
2026-01-20 15:30:00,0.0,0.0,0.0,0.0,0.0,0.1,0.7071515935581039,Leaving Home
2026-01-20 15:45:00,0.0,0.0,0.0,0.0,0.0,0.1,0.44934659698096,Leaving Home
2026-01-20 16:00:00,0.0,0.0,0.0,0.0,0.0,0.1,0.4034444108523495,Leaving Home
2026-01-20 16:15:00,0.0,0.0,0.0,0.0,0.0,0.1,0.5412884729379852,Leaving Home
2026-01-20 16:30:00,0.0,0.0,0.0,0.0,0.0,0.1,0.43660770409407124,Leaving Home
2026-01-20 16:45:00,0.0,0.0,0.0,0.0,0.0,0.1,0.5575168652474362,Leaving Home
2026-01-20 17:00:00,0.0,1.0,0.0,0.0,3.021757334321733,1.5,5.072007303934662,Cooking
2026-01-20 17:15:00,0.0,1.0,0.0,0.0,3.2790697572592533,1.5,5.189994870904027,Cooking
2026-01-20 17:30:00,0.0,1.0,0.0,0.0,3.1206609674583907,1.5,4.977978309780257,Cooking
2026-01-20 17:45:00,0.0,1.0,0.0,0.0,2.4244929581902466,1.5,4.431426674361782,Cooking
2026-01-20 18:00:00,0.0,1.0,0.0,0.0,3.8777378491577448,1.5,5.963992197619262,Cooking
2026-01-20 18:15:00,0.0,1.0,0.0,0.0,3.7865098626074283,1.5,5.617012518755766,Cooking
2026-01-20 18:30:00,0.0,1.0,0.0,0.0,2.9630262171958037,1.5,5.045049457026402,Cooking
2026-01-20 18:45:00,0.0,1.0,0.0,0.0,2.7741702619201885,1.5,4.855900882294021,Cooking
2026-01-20 19:00:00,0.0,0.0,1.0,0.0,0.0,1.5,2.0954085102156625,Watching TV
2026-01-20 19:15:00,0.0,0.0,1.0,0.0,0.0,1.5,2.1218480214871684,Watching TV
2026-01-20 19:30:00,0.0,0.0,1.0,0.0,0.0,1.5,2.2202013924659614,Watching TV
2026-01-20 19:45:00,0.0,0.0,1.0,0.0,0.0,1.5,1.9643907951380946,Watching TV
2026-01-20 20:00:00,0.0,0.0,1.0,0.0,0.0,1.5,2.010957158007786,Watching TV
2026-01-20 20:15:00,0.0,0.0,1.0,0.0,0.0,1.5,1.9583561566751975,Watching TV
2026-01-20 20:30:00,0.0,0.0,1.0,0.0,0.0,1.5,2.000197684475581,Watching TV
2026-01-20 20:45:00,0.0,0.0,1.0,0.0,0.0,1.5,2.1532873355636313,Watching TV
2026-01-20 21:00:00,0.0,0.0,1.0,0.0,0.0,1.5,1.8654985516069331,Watching TV
2026-01-20 21:15:00,0.0,0.0,1.0,0.0,0.0,1.5,1.9138950327834423,Watching TV
2026-01-20 21:30:00,0.0,0.0,1.0,0.0,0.0,1.5,2.1377180936504563,Watching TV
2026-01-20 21:45:00,0.0,0.0,1.0,0.0,0.0,1.5,2.102003650690209,Watching TV
2026-01-20 22:00:00,0.0,0.0,1.0,0.0,0.0,1.5,1.9636868353182921,Watching TV
2026-01-20 22:15:00,0.0,0.0,1.0,0.0,0.0,1.5,2.085440200112072,Watching TV
2026-01-20 22:30:00,0.0,0.0,1.0,0.0,0.0,1.5,2.0341215842492035,Watching TV
2026-01-20 22:45:00,0.0,0.0,1.0,0.0,0.0,1.5,2.1500274609000987,Watching TV
2026-01-20 23:00:00,0.0,0.0,1.0,0.0,0.0,1.5,2.0074509593826773,Watching TV
2026-01-20 23:15:00,0.0,0.0,1.0,0.0,0.0,1.5,2.1025632113872583,Watching TV
2026-01-20 23:30:00,0.0,0.0,1.0,0.0,0.0,1.5,2.264201191049262,Watching TV
2026-01-20 23:45:00,0.0,0.0,1.0,0.0,0.0,1.5,2.0598099155047467,Watching TV
2026-01-21 00:00:00,1.0,0.0,0.0,0.0,0.0,1.0343067008925935,1.5392395174720779,Sleeping
2026-01-21 00:15:00,0.0,0.0,0.0,0.0,0.0,1.0308450108331515,1.6030897093552494,Sleeping
2026-01-21 00:30:00,0.0,0.0,0.0,0.0,0.0,0.9340397731480767,1.3975116873276883,Sleeping
2026-01-21 00:45:00,0.0,0.0,0.0,0.0,0.0,0.929513154618451,1.6683099251709241,Sleeping
2026-01-21 01:00:00,0.0,0.0,0.0,0.0,0.0,0.8297786733919988,1.3477857771615969,Sleeping
2026-01-21 01:15:00,0.0,0.0,0.0,0.0,0.0,0.953718431366049,1.4264250993434977,Sleeping
2026-01-21 01:30:00,0.0,0.0,0.0,0.0,0.0,0.9618475860808428,1.3782786855788391,Sleeping
2026-01-21 01:45:00,0.0,0.0,0.0,0.0,0.0,0.9419856348497224,1.5517076540103663,Sleeping
2026-01-21 02:00:00,0.0,0.0,0.0,0.0,0.0,0.9620595501014158,1.5487782913841897,Sleeping
2026-01-21 02:15:00,0.0,0.0,0.0,0.0,0.0,1.0332065249164406,1.4834710877750312,Sleeping
2026-01-21 02:30:00,0.0,0.0,0.0,0.0,0.0,0.8081900399496207,1.3658351744618629,Sleeping
2026-01-21 02:45:00,0.0,0.0,0.0,0.0,0.0,0.9849895778414495,1.3341339810201638,Sleeping
2026-01-21 03:00:00,0.0,0.0,0.0,0.0,0.0,0.8834328409711335,1.4019298984784492,Sleeping
2026-01-21 03:15:00,0.0,0.0,0.0,0.0,0.0,1.00180416486341,1.5470798000710793,Sleeping
2026-01-21 03:30:00,0.0,0.0,0.0,0.0,0.0,0.8114233081245757,1.482156289080498,Sleeping
2026-01-21 03:45:00,0.0,0.0,0.0,0.0,0.0,0.9606198131556494,1.3835379328827804,Sleeping
2026-01-21 04:00:00,0.0,0.0,0.0,0.0,0.0,1.0541842089336317,1.4263489460533993,Sleeping
2026-01-21 04:15:00,0.0,0.0,0.0,0.0,0.0,1.1641159539091572,1.574573157816653,Sleeping
2026-01-21 04:30:00,0.0,0.0,0.0,0.0,0.0,1.1223853198573728,1.488728469825881,Sleeping
2026-01-21 04:45:00,0.0,0.0,0.0,0.0,0.0,1.0136821829671294,1.6473479187430278,Sleeping
2026-01-21 05:00:00,0.0,0.0,0.0,0.0,0.0,1.1702696488347937,1.8251335783371974,Sleeping
2026-01-21 05:15:00,0.0,0.0,0.0,0.0,0.0,0.9925255831849834,1.5245472409798664,Sleeping
2026-01-21 05:30:00,0.0,0.0,0.0,0.0,0.0,0.9726877647593088,1.5948172593278236,Sleeping
2026-01-21 05:45:00,0.0,0.0,0.0,0.0,0.0,1.105443165497326,1.6188390035553497,Sleeping
2026-01-21 06:00:00,0.0,0.0,0.0,0.0,0.0,1.0261950349341313,1.5166838701640546,Sleeping
2026-01-21 06:15:00,0.0,0.0,0.0,0.0,0.0,0.8744892250743365,1.3411854631689604,Sleeping
2026-01-21 06:30:00,0.0,0.0,0.0,0.0,0.0,0.7903324301430205,1.2592933310052639,Sleeping
2026-01-21 06:45:00,0.0,0.0,0.0,0.0,0.0,1.0863791824569662,1.431599026826063,Sleeping
2026-01-21 07:00:00,0.0,1.0,0.0,0.0,2.2055665866306517,1.2,3.9319920629913856,Cooking
2026-01-21 07:15:00,0.0,1.0,0.0,0.0,2.08136878447515,1.2,3.777335393453746,Cooking
2026-01-21 07:30:00,0.0,1.0,0.0,0.0,2.2258656025374615,1.2,4.000401674945249,Cooking
2026-01-21 07:45:00,0.0,1.0,0.0,0.0,2.9166669558901535,1.2,4.626019305534014,Cooking
2026-01-21 08:00:00,0.0,0.0,0.0,1.0,0.0,0.1,0.5837296298430908,Leaving Home
2026-01-21 08:15:00,0.0,0.0,0.0,1.0,0.0,0.1,0.5128806969992369,Leaving Home
2026-01-21 08:30:00,0.0,0.0,0.0,1.0,0.0,0.1,0.6072153236821761,Leaving Home
2026-01-21 08:45:00,0.0,0.0,0.0,1.0,0.0,0.1,0.6738237230816162,Leaving Home
2026-01-21 09:00:00,0.0,0.0,0.0,0.0,0.0,0.1,0.4856661008916139,Leaving Home
2026-01-21 09:15:00,0.0,0.0,0.0,0.0,0.0,0.1,0.6087473753680739,Leaving Home
2026-01-21 09:30:00,0.0,0.0,0.0,0.0,0.0,0.1,0.6233042951529484,Leaving Home
2026-01-21 09:45:00,0.0,0.0,0.0,0.0,0.0,0.1,0.5281935216381736,Leaving Home
2026-01-21 10:00:00,0.0,0.0,0.0,0.0,0.0,0.1,0.5412143695092,Leaving Home
2026-01-21 10:15:00,0.0,0.0,0.0,0.0,0.0,0.1,0.6230610848766214,Leaving Home
2026-01-21 10:30:00,0.0,0.0,0.0,0.0,0.0,0.1,0.4866578981707377,Leaving Home
2026-01-21 10:45:00,0.0,0.0,0.0,0.0,0.0,0.1,0.6349923715249393,Leaving Home
2026-01-21 11:00:00,0.0,0.0,0.0,0.0,0.0,0.1,0.51046456263408,Leaving Home
2026-01-21 11:15:00,0.0,0.0,0.0,0.0,0.0,0.1,0.7062853693033216,Leaving Home
2026-01-21 11:30:00,0.0,0.0,0.0,0.0,0.0,0.1,0.83378277453883,Leaving Home
2026-01-21 11:45:00,0.0,0.0,0.0,0.0,0.0,0.1,0.513924319829818,Leaving Home
2026-01-21 12:00:00,0.0,1.0,1.0,0.0,5.0,0.1,5.653420786237467,Anomalous Activity
2026-01-21 12:15:00,0.0,0.0,0.0,0.0,0.0,0.1,0.5273258095117981,Leaving Home
2026-01-21 12:30:00,0.0,0.0,0.0,0.0,0.0,0.1,0.704095417379779,Leaving Home
2026-01-21 12:45:00,0.0,0.0,0.0,0.0,0.0,0.1,0.4734741590914785,Leaving Home
2026-01-21 13:00:00,0.0,0.0,0.0,0.0,0.0,0.1,0.6480586758427712,Leaving Home
2026-01-21 13:15:00,0.0,0.0,0.0,0.0,0.0,0.1,0.5127011033110648,Leaving Home
2026-01-21 13:30:00,0.0,0.0,0.0,0.0,0.0,0.1,0.5793015410901631,Leaving Home
2026-01-21 13:45:00,0.0,0.0,0.0,0.0,0.0,0.1,0.4968974724852693,Leaving Home
2026-01-21 14:00:00,0.0,0.0,0.0,0.0,0.0,0.1,0.6822350470895754,Leaving Home
2026-01-21 14:15:00,0.0,0.0,0.0,0.0,0.0,0.1,0.5163019645560413,Leaving Home
2026-01-21 14:30:00,0.0,0.0,0.0,0.0,0.0,0.1,0.6551964259331827,Leaving Home
2026-01-21 14:45:00,0.0,0.0,0.0,0.0,0.0,0.1,0.5655901971737667,Leaving Home
2026-01-21 15:00:00,0.0,0.0,0.0,0.0,0.0,0.1,0.5885527628201137,Leaving Home
2026-01-21 15:15:00,0.0,0.0,0.0,0.0,0.0,0.1,0.6147755907400129,Leaving Home
2026-01-21 15:30:00,0.0,0.0,0.0,0.0,0.0,0.1,0.5238175328341151,Leaving Home
2026-01-21 15:45:00,0.0,0.0,0.0,0.0,0.0,0.1,0.6210367113540887,Leaving Home
2026-01-21 16:00:00,0.0,0.0,0.0,0.0,0.0,0.1,0.7530334564354411,Leaving Home
2026-01-21 16:15:00,0.0,0.0,0.0,0.0,0.0,0.1,0.5221905214167286,Leaving Home
2026-01-21 16:30:00,0.0,0.0,0.0,0.0,0.0,0.1,0.7171810143273845,Leaving Home
2026-01-21 16:45:00,0.0,0.0,0.0,0.0,0.0,0.1,0.7498097633487785,Leaving Home
2026-01-21 17:00:00,0.0,1.0,0.0,0.0,1.6262475786373827,1.5,3.544632079734578,Cooking
2026-01-21 17:15:00,0.0,1.0,0.0,0.0,2.7501349119241847,1.5,4.60462945141513,Cooking
2026-01-21 17:30:00,0.0,1.0,0.0,0.0,2.7368760717412894,1.5,4.767072161758465,Cooking
2026-01-21 17:45:00,0.0,1.0,0.0,0.0,3.694168889104224,1.5,5.639428136827537,Cooking
2026-01-21 18:00:00,0.0,1.0,0.0,0.0,3.0706285700437315,1.5,5.2574888919600316,Cooking
2026-01-21 18:15:00,0.0,1.0,0.0,0.0,1.9347167600963997,1.5,3.938197514146383,Cooking
2026-01-21 18:30:00,0.0,1.0,0.0,0.0,3.254134319837295,1.5,5.173914379033777,Cooking
2026-01-21 18:45:00,0.0,1.0,0.0,0.0,4.963118853218163,1.5,6.848402902116992,Cooking
2026-01-21 19:00:00,0.0,0.0,1.0,0.0,0.0,1.5,2.108990495909083,Watching TV
2026-01-21 19:15:00,0.0,0.0,1.0,0.0,0.0,1.5,1.9428816025915814,Watching TV
2026-01-21 19:30:00,0.0,0.0,1.0,0.0,0.0,1.5,2.004382879946043,Watching TV
2026-01-21 19:45:00,0.0,0.0,1.0,0.0,0.0,1.5,2.095580274511248,Watching TV
2026-01-21 20:00:00,0.0,0.0,1.0,0.0,0.0,1.5,1.951574164806917,Watching TV
2026-01-21 20:15:00,0.0,0.0,1.0,0.0,0.0,1.5,1.995407117125984,Watching TV
2026-01-21 20:30:00,0.0,0.0,1.0,0.0,0.0,1.5,1.998343159017748,Watching TV
2026-01-21 20:45:00,0.0,0.0,1.0,0.0,0.0,1.5,2.0683324511516092,Watching TV
2026-01-21 21:00:00,0.0,0.0,1.0,0.0,0.0,1.5,2.0590744335510327,Watching TV
2026-01-21 21:15:00,0.0,0.0,1.0,0.0,0.0,1.5,1.977988626874517,Watching TV
2026-01-21 21:30:00,0.0,0.0,1.0,0.0,0.0,1.5,2.006364906149652,Watching TV
2026-01-21 21:45:00,0.0,0.0,1.0,0.0,0.0,1.5,1.962822098847651,Watching TV
2026-01-21 22:00:00,0.0,0.0,1.0,0.0,0.0,1.5,1.8522387593080554,Watching TV
2026-01-21 22:15:00,0.0,0.0,1.0,0.0,0.0,1.5,2.025760085739813,Watching TV
2026-01-21 22:30:00,0.0,0.0,1.0,0.0,0.0,1.5,2.1892191760833066,Watching TV
2026-01-21 22:45:00,0.0,0.0,1.0,0.0,0.0,1.5,1.9116280859308938,Watching TV
2026-01-21 23:00:00,0.0,0.0,1.0,0.0,0.0,1.5,1.9226970290397296,Watching TV
2026-01-21 23:15:00,0.0,0.0,1.0,0.0,0.0,1.5,1.9129272228356258,Watching TV
2026-01-21 23:30:00,0.0,0.0,1.0,0.0,0.0,1.5,2.0724591778723123,Watching TV
2026-01-21 23:45:00,0.0,0.0,1.0,0.0,0.0,1.5,2.044848545419644,Watching TV
2026-01-22 00:00:00,0.0,0.0,0.0,0.0,0.0,1.0742859479577231,1.5584321787160775,Sleeping
2026-01-22 00:15:00,0.0,0.0,0.0,0.0,0.0,1.0113869400309683,1.419585033867072,Sleeping
2026-01-22 00:30:00,0.0,0.0,0.0,0.0,0.0,1.1533854941032176,1.6626231732672099,Sleeping
2026-01-22 00:45:00,0.0,0.0,0.0,0.0,0.0,1.0137844504880784,1.357322237754498,Sleeping
2026-01-22 01:00:00,1.0,0.0,0.0,0.0,0.0,1.0505404273430998,1.5648830840288492,Sleeping
2026-01-22 01:15:00,0.0,0.0,0.0,0.0,0.0,1.0195845247010686,1.606736963309862,Sleeping
2026-01-22 01:30:00,0.0,0.0,0.0,0.0,0.0,1.033134164677934,1.4080142510145661,Sleeping
2026-01-22 01:45:00,0.0,0.0,0.0,0.0,0.0,1.0533400851237562,1.4000882574407898,Sleeping
2026-01-22 02:00:00,0.0,0.0,0.0,0.0,0.0,1.099125865819209,1.7570696549886948,Sleeping
2026-01-22 02:15:00,1.0,0.0,0.0,0.0,0.0,1.1038377654765148,1.5426618015260563,Sleeping
2026-01-22 02:30:00,0.0,0.0,0.0,0.0,0.0,0.9891407029287556,1.6027354875231379,Sleeping
2026-01-22 02:45:00,0.0,0.0,0.0,0.0,0.0,0.9200651546623994,1.4046653881426163,Sleeping
2026-01-22 03:00:00,1.0,0.0,0.0,0.0,0.0,0.9531566151719633,1.4369611334778305,Sleeping
2026-01-22 03:15:00,0.0,0.0,0.0,0.0,0.0,0.8845305257367134,1.428371795686378,Sleeping
2026-01-22 03:30:00,0.0,0.0,0.0,0.0,0.0,0.8904599096990763,1.3020600240244322,Sleeping
2026-01-22 03:45:00,0.0,0.0,0.0,0.0,0.0,1.0298391846566304,1.5430888990061948,Sleeping
2026-01-22 04:00:00,0.0,0.0,0.0,0.0,0.0,1.2075637542165838,1.6694148127341746,Sleeping
2026-01-22 04:15:00,0.0,0.0,0.0,0.0,0.0,0.96277275157144,1.3307234072309368,Sleeping
2026-01-22 04:30:00,1.0,0.0,0.0,0.0,0.0,1.0566085982744213,1.5903568057470614,Sleeping
2026-01-22 04:45:00,0.0,0.0,0.0,0.0,0.0,1.0699013620013005,1.5435705813135088,Sleeping
2026-01-22 05:00:00,0.0,0.0,0.0,0.0,0.0,0.8292615517456013,1.3135590689011305,Sleeping
2026-01-22 05:15:00,0.0,0.0,0.0,0.0,0.0,0.8446416456585193,1.2236255513171035,Sleeping
2026-01-22 05:30:00,0.0,0.0,0.0,0.0,0.0,0.8895588722488416,1.548698909025122,Sleeping
2026-01-22 05:45:00,0.0,0.0,0.0,0.0,0.0,1.0923970458584404,1.680068464497052,Sleeping
2026-01-22 06:00:00,0.0,0.0,0.0,0.0,0.0,1.0229314128434648,1.6193470012606626,Sleeping
2026-01-22 06:15:00,0.0,0.0,0.0,0.0,0.0,1.171266771283857,1.6407223010396887,Sleeping
2026-01-22 06:30:00,0.0,0.0,0.0,0.0,0.0,0.8790965603010814,1.2061782713507394,Sleeping
2026-01-22 06:45:00,0.0,0.0,0.0,0.0,0.0,0.9761661827686429,1.671457921017594,Sleeping
2026-01-22 07:00:00,0.0,1.0,0.0,0.0,3.131853338827334,1.2,4.825743588026747,Cooking
2026-01-22 07:15:00,0.0,1.0,0.0,0.0,2.076842011267132,1.2,3.701962031665127,Cooking
2026-01-22 07:30:00,0.0,1.0,0.0,0.0,2.632010040666835,1.2,4.373690198115146,Cooking
2026-01-22 07:45:00,0.0,1.0,0.0,0.0,3.1361767500533837,1.2,4.952888828853713,Cooking
2026-01-22 08:00:00,0.0,0.0,0.0,1.0,0.0,0.1,0.5976949443914534,Leaving Home
2026-01-22 08:15:00,0.0,0.0,0.0,1.0,0.0,0.1,0.7278575167939374,Leaving Home
2026-01-22 08:30:00,0.0,0.0,0.0,1.0,0.0,0.1,0.7082999938516868,Leaving Home
2026-01-22 08:45:00,0.0,0.0,0.0,1.0,0.0,0.1,0.4923618812597942,Leaving Home
2026-01-22 09:00:00,0.0,0.0,0.0,0.0,0.0,0.1,0.5326209894340523,Leaving Home
2026-01-22 09:15:00,0.0,0.0,0.0,0.0,0.0,0.1,0.6957537163279767,Leaving Home
2026-01-22 09:30:00,0.0,0.0,0.0,0.0,0.0,0.1,0.32873874361895616,Leaving Home
2026-01-22 09:45:00,0.0,0.0,0.0,0.0,0.0,0.1,0.5850544306835012,Leaving Home
2026-01-22 10:00:00,0.0,0.0,0.0,0.0,0.0,0.1,0.4569168798375328,Leaving Home
2026-01-22 10:15:00,0.0,0.0,0.0,0.0,0.0,0.1,0.5523446198566475,Leaving Home
2026-01-22 10:30:00,0.0,0.0,0.0,0.0,0.0,0.1,0.5701179910970796,Leaving Home
2026-01-22 10:45:00,0.0,0.0,0.0,0.0,0.0,0.1,0.5641755622092492,Leaving Home
2026-01-22 11:00:00,0.0,0.0,0.0,0.0,0.0,0.1,0.5447738747887392,Leaving Home
2026-01-22 11:15:00,0.0,0.0,0.0,0.0,0.0,0.1,0.49028563503711864,Leaving Home
2026-01-22 11:30:00,0.0,0.0,0.0,0.0,0.0,0.1,0.8291911266818686,Leaving Home
2026-01-22 11:45:00,0.0,0.0,0.0,0.0,0.0,0.1,0.7867462004161351,Leaving Home
2026-01-22 12:00:00,0.0,0.0,0.0,0.0,0.0,0.1,0.4837934179743717,Leaving Home
2026-01-22 12:15:00,0.0,0.0,0.0,0.0,0.0,0.1,0.7582116751303567,Leaving Home
2026-01-22 12:30:00,0.0,0.0,0.0,0.0,0.0,0.1,0.5600534509527147,Leaving Home
2026-01-22 12:45:00,0.0,0.0,0.0,0.0,0.0,0.1,0.612918747333171,Leaving Home
2026-01-22 13:00:00,0.0,0.0,0.0,0.0,0.0,0.1,0.5936726040103084,Leaving Home
2026-01-22 13:15:00,0.0,0.0,0.0,0.0,0.0,0.1,0.5340251358746034,Leaving Home
2026-01-22 13:30:00,0.0,0.0,0.0,0.0,0.0,0.1,0.6983852343606146,Leaving Home
2026-01-22 13:45:00,0.0,0.0,0.0,0.0,0.0,0.1,0.6125886530576657,Leaving Home
2026-01-22 14:00:00,0.0,0.0,0.0,0.0,0.0,0.1,0.5523448576780758,Leaving Home
2026-01-22 14:15:00,0.0,0.0,0.0,0.0,0.0,0.1,0.46954105561995274,Leaving Home
2026-01-22 14:30:00,0.0,0.0,0.0,0.0,0.0,0.1,0.5106404986280879,Leaving Home
2026-01-22 14:45:00,0.0,0.0,0.0,0.0,0.0,0.1,0.4358619884397903,Leaving Home
2026-01-22 15:00:00,0.0,0.0,0.0,0.0,0.0,0.1,0.6012223548415169,Leaving Home
2026-01-22 15:15:00,0.0,0.0,0.0,0.0,0.0,0.1,0.48033344077156037,Leaving Home
2026-01-22 15:30:00,0.0,0.0,0.0,0.0,0.0,0.1,0.5734439487481459,Leaving Home
2026-01-22 15:45:00,0.0,0.0,0.0,0.0,0.0,0.1,0.737010185361037,Leaving Home
2026-01-22 16:00:00,0.0,0.0,0.0,0.0,0.0,0.1,0.7199299572921586,Leaving Home
2026-01-22 16:15:00,0.0,0.0,0.0,0.0,0.0,0.1,0.5967723105897382,Leaving Home
2026-01-22 16:30:00,0.0,0.0,0.0,0.0,0.0,0.1,0.591291527385685,Leaving Home
2026-01-22 16:45:00,0.0,0.0,0.0,0.0,0.0,0.1,0.7879874549421008,Leaving Home
2026-01-22 17:00:00,0.0,1.0,0.0,0.0,3.5413455269435365,1.5,5.593421138979408,Cooking
2026-01-22 17:15:00,0.0,1.0,0.0,0.0,2.764437674091061,1.5,4.731657028103409,Cooking
2026-01-22 17:30:00,0.0,1.0,0.0,0.0,2.3564182157078752,1.5,4.21381640399583,Cooking
2026-01-22 17:45:00,0.0,1.0,0.0,0.0,2.3014409074435043,1.5,4.340828229259978,Cooking
2026-01-22 18:00:00,0.0,1.0,0.0,0.0,2.240326962261579,1.5,4.323259339519865,Cooking
2026-01-22 18:15:00,0.0,1.0,0.0,0.0,1.5839222009447156,1.5,3.520757048493351,Cooking
2026-01-22 18:30:00,0.0,1.0,0.0,0.0,3.6001308748694147,1.5,5.629251150383218,Cooking
2026-01-22 18:45:00,0.0,1.0,0.0,0.0,2.7684193189573003,1.5,4.732061989465797,Cooking
2026-01-22 19:00:00,0.0,0.0,1.0,0.0,0.0,1.5,1.9815967600800997,Watching TV
2026-01-22 19:15:00,0.0,0.0,1.0,0.0,0.0,1.5,1.7512177942437668,Watching TV
2026-01-22 19:30:00,0.0,0.0,1.0,0.0,0.0,1.5,1.9778218596283865,Watching TV
2026-01-22 19:45:00,0.0,0.0,1.0,0.0,0.0,1.5,2.0969369302408056,Watching TV
2026-01-22 20:00:00,0.0,0.0,1.0,0.0,0.0,1.5,1.9368597444433442,Watching TV
2026-01-22 20:15:00,0.0,0.0,1.0,0.0,0.0,1.5,2.0052526368215315,Watching TV
2026-01-22 20:30:00,0.0,0.0,1.0,0.0,0.0,1.5,1.9244049293308079,Watching TV
2026-01-22 20:45:00,0.0,0.0,1.0,0.0,0.0,1.5,2.036044167629277,Watching TV
2026-01-22 21:00:00,0.0,0.0,1.0,0.0,0.0,1.5,1.9783476802463826,Watching TV
2026-01-22 21:15:00,0.0,0.0,1.0,0.0,0.0,1.5,1.9060758459317992,Watching TV
2026-01-22 21:30:00,0.0,0.0,1.0,0.0,0.0,1.5,2.133255146766513,Watching TV
2026-01-22 21:45:00,0.0,0.0,1.0,0.0,0.0,1.5,2.0928932013532213,Watching TV
2026-01-22 22:00:00,0.0,0.0,1.0,0.0,0.0,1.5,1.9395093236071825,Watching TV
2026-01-22 22:15:00,0.0,0.0,1.0,0.0,0.0,1.5,2.0497788309417775,Watching TV
2026-01-22 22:30:00,0.0,0.0,1.0,0.0,0.0,1.5,2.053741200282038,Watching TV
2026-01-22 22:45:00,0.0,0.0,1.0,0.0,0.0,1.5,2.0642301235011176,Watching TV
2026-01-22 23:00:00,0.0,0.0,1.0,0.0,0.0,1.5,1.8305744104004922,Watching TV
2026-01-22 23:15:00,0.0,0.0,1.0,0.0,0.0,1.5,2.1006606541032626,Watching TV
2026-01-22 23:30:00,0.0,0.0,1.0,0.0,0.0,1.5,1.943030103707427,Watching TV
2026-01-22 23:45:00,0.0,0.0,1.0,0.0,0.0,1.5,1.9642172066558734,Watching TV
2026-01-23 00:00:00,0.0,0.0,0.0,0.0,0.0,0.9783547777228553,1.7421429529488752,Sleeping
2026-01-23 00:15:00,0.0,0.0,0.0,0.0,0.0,0.9369713555934859,1.4671586936655872,Sleeping
2026-01-23 00:30:00,0.0,0.0,0.0,0.0,0.0,0.84386476642227,1.3052325188775524,Sleeping
2026-01-23 00:45:00,0.0,0.0,0.0,0.0,0.0,1.1379838699740057,1.417454432698415,Sleeping
2026-01-23 01:00:00,0.0,0.0,0.0,0.0,0.0,1.1157346311723566,1.7547110445669922,Sleeping
2026-01-23 01:15:00,0.0,0.0,0.0,0.0,0.0,1.1286597369397624,1.4941387698589021,Sleeping
2026-01-23 01:30:00,0.0,0.0,0.0,0.0,0.0,0.8800140277820402,1.2796701374320898,Sleeping
2026-01-23 01:45:00,0.0,0.0,0.0,0.0,0.0,0.9707744784556159,1.437639248546831,Sleeping
2026-01-23 02:00:00,0.0,0.0,0.0,0.0,0.0,1.0353547863198675,1.6769959654898967,Sleeping
2026-01-23 02:15:00,1.0,0.0,0.0,0.0,0.0,0.9744069438330246,1.5517309424996006,Sleeping
2026-01-23 02:30:00,0.0,0.0,0.0,0.0,0.0,1.14644543122673,1.630661680242704,Sleeping
2026-01-23 02:45:00,0.0,0.0,0.0,0.0,0.0,0.943841206462672,1.474670412826554,Sleeping
2026-01-23 03:00:00,0.0,0.0,0.0,0.0,0.0,0.9701403262390373,1.4101017569519267,Sleeping
2026-01-23 03:15:00,0.0,0.0,0.0,0.0,0.0,1.0274027352672086,1.5413681042237437,Sleeping
2026-01-23 03:30:00,0.0,0.0,0.0,0.0,0.0,1.0732234507132654,1.580557125191079,Sleeping
2026-01-23 03:45:00,0.0,0.0,0.0,0.0,0.0,0.9786607781392851,1.5755377677074205,Sleeping
2026-01-23 04:00:00,0.0,0.0,0.0,0.0,0.0,1.067294320449504,1.664012132693399,Sleeping
2026-01-23 04:15:00,0.0,0.0,0.0,0.0,0.0,0.8235404090722953,1.3729381472928597,Sleeping
2026-01-23 04:30:00,0.0,0.0,0.0,0.0,0.0,1.1507633558913684,1.614528600136758,Sleeping
2026-01-23 04:45:00,0.0,0.0,0.0,0.0,0.0,0.9307847787923109,1.5049670082313236,Sleeping
2026-01-23 05:00:00,1.0,0.0,0.0,0.0,0.0,1.1346669723754865,1.6254701257551818,Sleeping
2026-01-23 05:15:00,1.0,0.0,0.0,0.0,0.0,0.9525654558096527,1.3443740189383395,Sleeping
2026-01-23 05:30:00,0.0,0.0,0.0,0.0,0.0,1.1282363474115604,1.5879075682204666,Sleeping
2026-01-23 05:45:00,1.0,0.0,0.0,0.0,0.0,1.1087739843233748,1.6172266827018071,Sleeping
2026-01-23 06:00:00,0.0,0.0,0.0,0.0,0.0,0.9284978131969758,1.5195193915634504,Sleeping
2026-01-23 06:15:00,0.0,0.0,0.0,0.0,0.0,0.8971423474493875,1.3787895302336721,Sleeping
2026-01-23 06:30:00,0.0,0.0,0.0,0.0,0.0,1.149610223342556,1.5286903522185953,Sleeping
2026-01-23 06:45:00,0.0,0.0,0.0,0.0,0.0,0.9524011397613632,1.4580753080910451,Sleeping
2026-01-23 07:00:00,0.0,1.0,0.0,0.0,3.024353563208282,1.2,4.735699167213937,Cooking
2026-01-23 07:15:00,0.0,1.0,0.0,0.0,3.3277035565441477,1.2,5.046287319434422,Cooking
2026-01-23 07:30:00,0.0,1.0,0.0,0.0,2.745603832705998,1.2,4.537590984301441,Cooking
2026-01-23 07:45:00,0.0,1.0,0.0,0.0,2.320985310126507,1.2,4.122877634135497,Cooking
2026-01-23 08:00:00,0.0,0.0,0.0,1.0,0.0,0.1,0.5405789127618333,Leaving Home
2026-01-23 08:15:00,0.0,0.0,0.0,1.0,0.0,0.1,0.5383856541951056,Leaving Home
2026-01-23 08:30:00,0.0,0.0,0.0,1.0,0.0,0.1,0.49598012890445264,Leaving Home
2026-01-23 08:45:00,0.0,0.0,0.0,1.0,0.0,0.1,0.6698815670280476,Leaving Home
2026-01-23 09:00:00,0.0,0.0,0.0,0.0,0.0,0.1,0.7448820108337716,Leaving Home
2026-01-23 09:15:00,0.0,0.0,0.0,0.0,0.0,0.1,0.5684918072091076,Leaving Home
2026-01-23 09:30:00,0.0,0.0,0.0,0.0,0.0,0.1,0.5758569435275007,Leaving Home
2026-01-23 09:45:00,0.0,0.0,0.0,0.0,0.0,0.1,0.7466782556898975,Leaving Home
2026-01-23 10:00:00,0.0,0.0,0.0,0.0,0.0,0.1,0.6505557853215007,Leaving Home
2026-01-23 10:15:00,0.0,0.0,0.0,0.0,0.0,0.1,0.6436235704801055,Leaving Home
2026-01-23 10:30:00,0.0,0.0,0.0,0.0,0.0,0.1,0.4809083494026273,Leaving Home
2026-01-23 10:45:00,0.0,0.0,0.0,0.0,0.0,0.1,0.6678728069279419,Leaving Home
2026-01-23 11:00:00,0.0,0.0,0.0,0.0,0.0,0.1,0.5070863659490241,Leaving Home
2026-01-23 11:15:00,0.0,0.0,0.0,0.0,0.0,0.1,0.48659798140650423,Leaving Home
2026-01-23 11:30:00,0.0,0.0,0.0,0.0,0.0,0.1,0.5653228423233287,Leaving Home
2026-01-23 11:45:00,0.0,0.0,0.0,0.0,0.0,0.1,0.5414207276551309,Leaving Home
2026-01-23 12:00:00,0.0,0.0,0.0,0.0,0.0,0.1,0.577840030561496,Leaving Home
2026-01-23 12:15:00,0.0,0.0,0.0,0.0,0.0,0.1,0.45590183654750815,Leaving Home
2026-01-23 12:30:00,0.0,0.0,0.0,0.0,0.0,0.1,0.6958816306467672,Leaving Home
2026-01-23 12:45:00,0.0,0.0,0.0,0.0,0.0,0.1,0.7127686294516429,Leaving Home
2026-01-23 13:00:00,0.0,0.0,0.0,0.0,0.0,0.1,0.40526575258591857,Leaving Home
2026-01-23 13:15:00,0.0,0.0,0.0,0.0,0.0,0.1,0.697845780566655,Leaving Home
2026-01-23 13:30:00,0.0,0.0,0.0,0.0,0.0,0.1,0.5189471370178373,Leaving Home
2026-01-23 13:45:00,0.0,0.0,0.0,0.0,0.0,0.1,0.6856975536982786,Leaving Home
2026-01-23 14:00:00,0.0,0.0,0.0,0.0,0.0,0.1,0.5931553507333585,Leaving Home
2026-01-23 14:15:00,0.0,0.0,0.0,0.0,0.0,0.1,0.6028775564080998,Leaving Home
2026-01-23 14:30:00,0.0,0.0,0.0,0.0,0.0,0.1,0.5814902350578781,Leaving Home
2026-01-23 14:45:00,0.0,0.0,0.0,0.0,0.0,0.1,0.7212129204233486,Leaving Home
2026-01-23 15:00:00,0.0,0.0,0.0,0.0,0.0,0.1,0.4760411987474972,Leaving Home
2026-01-23 15:15:00,0.0,0.0,0.0,0.0,0.0,0.1,0.6607840338735008,Leaving Home
2026-01-23 15:30:00,0.0,0.0,0.0,0.0,0.0,0.1,0.710133016488955,Leaving Home
2026-01-23 15:45:00,0.0,0.0,0.0,0.0,0.0,0.1,0.671634008054041,Leaving Home
2026-01-23 16:00:00,0.0,0.0,0.0,0.0,0.0,0.1,0.8324698914323417,Leaving Home
2026-01-23 16:15:00,0.0,0.0,0.0,0.0,0.0,0.1,0.5471053237275301,Leaving Home
2026-01-23 16:30:00,0.0,0.0,0.0,0.0,0.0,0.1,0.6957304822593531,Leaving Home
2026-01-23 16:45:00,0.0,0.0,0.0,0.0,0.0,0.1,0.5893909364658579,Leaving Home
2026-01-23 17:00:00,0.0,1.0,0.0,0.0,1.5465058903391793,1.5,3.6698464979744463,Cooking
2026-01-23 17:15:00,0.0,1.0,0.0,0.0,2.812588971689097,1.5,4.81182007211696,Cooking
2026-01-23 17:30:00,0.0,1.0,0.0,0.0,2.3812866808887136,1.5,4.342499102702467,Cooking
2026-01-23 17:45:00,0.0,1.0,0.0,0.0,3.054704235916485,1.5,5.185311456303649,Cooking
2026-01-23 18:00:00,0.0,1.0,0.0,0.0,2.69674830589213,1.5,4.647592111990238,Cooking
2026-01-23 18:15:00,0.0,1.0,0.0,0.0,3.2279520975853515,1.5,5.086679521695296,Cooking
2026-01-23 18:30:00,0.0,1.0,0.0,0.0,2.422818665883508,1.5,4.371133977566125,Cooking
2026-01-23 18:45:00,0.0,1.0,0.0,0.0,2.1240855966241403,1.5,4.185988891282993,Cooking
2026-01-23 19:00:00,0.0,0.0,1.0,0.0,0.0,1.5,2.1392038751587092,Watching TV
2026-01-23 19:15:00,0.0,0.0,1.0,0.0,0.0,1.5,2.011112937529651,Watching TV
2026-01-23 19:30:00,0.0,0.0,1.0,0.0,0.0,1.5,2.1318197067234026,Watching TV
2026-01-23 19:45:00,0.0,0.0,1.0,0.0,0.0,1.5,1.8641825078522407,Watching TV
2026-01-23 20:00:00,0.0,0.0,1.0,0.0,0.0,1.5,1.9556736535182098,Watching TV
2026-01-23 20:15:00,0.0,0.0,1.0,0.0,0.0,1.5,1.9711424882845898,Watching TV
2026-01-23 20:30:00,0.0,0.0,1.0,0.0,0.0,1.5,1.988544057252748,Watching TV
2026-01-23 20:45:00,0.0,0.0,1.0,0.0,0.0,1.5,2.0084094388250198,Watching TV
2026-01-23 21:00:00,0.0,0.0,1.0,0.0,0.0,1.5,2.0690910957392195,Watching TV
2026-01-23 21:15:00,0.0,0.0,1.0,0.0,0.0,1.5,1.955519316182951,Watching TV
2026-01-23 21:30:00,0.0,0.0,1.0,0.0,0.0,1.5,2.0139028686953124,Watching TV
2026-01-23 21:45:00,0.0,0.0,1.0,0.0,0.0,1.5,1.9954877109675948,Watching TV
2026-01-23 22:00:00,0.0,0.0,1.0,0.0,0.0,1.5,1.907411009610885,Watching TV
2026-01-23 22:15:00,0.0,0.0,1.0,0.0,0.0,1.5,1.9886333310918565,Watching TV
2026-01-23 22:30:00,0.0,0.0,1.0,0.0,0.0,1.5,1.9856340470102882,Watching TV
2026-01-23 22:45:00,0.0,0.0,1.0,0.0,0.0,1.5,1.9834919434996954,Watching TV
2026-01-23 23:00:00,0.0,0.0,1.0,0.0,0.0,1.5,2.0031759456581453,Watching TV
2026-01-23 23:15:00,0.0,0.0,1.0,0.0,0.0,1.5,2.0075673540613383,Watching TV
2026-01-23 23:30:00,0.0,0.0,1.0,0.0,0.0,1.5,1.9567704820892668,Watching TV
2026-01-23 23:45:00,0.0,0.0,1.0,0.0,0.0,1.5,2.1272714733971263,Watching TV
2026-01-24 00:00:00,0.0,0.0,0.0,0.0,0.0,0.9623299570096434,1.3453818940893418,Sleeping
2026-01-24 00:15:00,0.0,0.0,0.0,0.0,0.0,0.9793685196380671,1.4072715087910774,Sleeping
2026-01-24 00:30:00,1.0,0.0,0.0,0.0,0.0,1.0605223701018256,1.8385187325241812,Sleeping
2026-01-24 00:45:00,0.0,0.0,0.0,0.0,0.0,1.1115433297381134,1.5077441942391905,Sleeping
2026-01-24 01:00:00,0.0,0.0,0.0,0.0,0.0,0.8685854145544784,1.2332099470835025,Sleeping
2026-01-24 01:15:00,0.0,0.0,0.0,0.0,0.0,1.1766655489291435,1.7501132234292653,Sleeping
2026-01-24 01:30:00,0.0,0.0,0.0,0.0,0.0,1.0928045071005692,1.3850925217231818,Sleeping
2026-01-24 01:45:00,0.0,0.0,0.0,0.0,0.0,1.0542828351270677,1.5307554441298237,Sleeping
2026-01-24 02:00:00,0.0,0.0,0.0,0.0,0.0,1.0663447729151512,1.7809272654227999,Sleeping
2026-01-24 02:15:00,0.0,0.0,0.0,0.0,0.0,0.927575346794166,1.273081754578826,Sleeping
2026-01-24 02:30:00,0.0,0.0,0.0,0.0,0.0,0.9546894132019288,1.2564929646280576,Sleeping
2026-01-24 02:45:00,0.0,0.0,0.0,0.0,0.0,1.0894723514647138,1.439554231268944,Sleeping
2026-01-24 03:00:00,0.0,0.0,0.0,0.0,0.0,0.8279554389763287,1.4177913958110273,Sleeping
2026-01-24 03:15:00,0.0,0.0,0.0,0.0,0.0,1.1827680982949698,1.7952457702935511,Sleeping
2026-01-24 03:30:00,0.0,0.0,0.0,0.0,0.0,1.0618630120109742,1.5106041323131234,Sleeping
2026-01-24 03:45:00,0.0,0.0,0.0,0.0,0.0,0.8683729958925901,1.436694236292697,Sleeping
2026-01-24 04:00:00,0.0,0.0,0.0,0.0,0.0,1.1072886742992893,1.7463142070504882,Sleeping
2026-01-24 04:15:00,0.0,0.0,0.0,0.0,0.0,1.032543685943381,1.7112783273863634,Sleeping
2026-01-24 04:30:00,0.0,0.0,0.0,0.0,0.0,0.979097890034864,1.4544643619168793,Sleeping
2026-01-24 04:45:00,0.0,0.0,0.0,0.0,0.0,1.0533485076824527,1.323201335915454,Sleeping
2026-01-24 05:00:00,0.0,0.0,0.0,0.0,0.0,1.0075877389959813,1.4254998467550126,Sleeping
2026-01-24 05:15:00,0.0,0.0,0.0,0.0,0.0,0.9727305417847539,1.4300501222912283,Sleeping
2026-01-24 05:30:00,0.0,0.0,0.0,0.0,0.0,1.021911060003441,1.4960171803456017,Sleeping
2026-01-24 05:45:00,0.0,0.0,0.0,0.0,0.0,1.0077144785883125,1.4889285384874404,Sleeping
2026-01-24 06:00:00,0.0,0.0,0.0,0.0,0.0,0.9226916544429519,1.5345811142360188,Sleeping
2026-01-24 06:15:00,0.0,0.0,0.0,0.0,0.0,1.0000500065033628,1.627492849172121,Sleeping
2026-01-24 06:30:00,1.0,0.0,0.0,0.0,0.0,0.8932365149399022,1.376069149547424,Sleeping
2026-01-24 06:45:00,0.0,0.0,0.0,0.0,0.0,0.9720431695733457,1.5818916571785275,Sleeping
2026-01-24 07:00:00,0.0,1.0,0.0,0.0,2.801623750285697,1.2,4.537389886948806,Cooking
2026-01-24 07:15:00,0.0,1.0,0.0,0.0,2.6490792329952626,1.2,4.35552983028152,Cooking
2026-01-24 07:30:00,0.0,1.0,0.0,0.0,2.6838099201048555,1.2,4.474464335815852,Cooking
2026-01-24 07:45:00,0.0,1.0,1.0,0.0,5.0,1.2,6.707225204823792,Anomalous Activity
2026-01-24 08:00:00,0.0,0.0,0.0,1.0,0.0,0.1,0.8057811177097762,Leaving Home
2026-01-24 08:15:00,0.0,0.0,0.0,1.0,0.0,0.1,0.4561588833205441,Leaving Home
2026-01-24 08:30:00,0.0,0.0,0.0,1.0,0.0,0.1,0.5484829100907982,Leaving Home
2026-01-24 08:45:00,0.0,0.0,0.0,1.0,0.0,0.1,0.587348110304605,Leaving Home
2026-01-24 09:00:00,0.0,0.0,0.0,0.0,0.0,0.1,0.6439452690457991,Leaving Home
2026-01-24 09:15:00,0.0,0.0,0.0,0.0,0.0,0.1,0.7267960487103089,Leaving Home
2026-01-24 09:30:00,0.0,0.0,0.0,0.0,0.0,0.1,0.5975601432763843,Leaving Home
2026-01-24 09:45:00,0.0,0.0,0.0,0.0,0.0,0.1,0.4577770350493793,Leaving Home
2026-01-24 10:00:00,0.0,0.0,0.0,0.0,0.0,0.1,0.6842513896455004,Leaving Home
2026-01-24 10:15:00,0.0,0.0,0.0,0.0,0.0,0.1,0.6754958766141964,Leaving Home
2026-01-24 10:30:00,0.0,0.0,0.0,0.0,0.0,0.1,0.40581413406205935,Leaving Home
2026-01-24 10:45:00,0.0,0.0,0.0,0.0,0.0,0.1,0.59961958663292,Leaving Home
2026-01-24 11:00:00,0.0,0.0,0.0,0.0,0.0,0.1,0.44098581693197014,Leaving Home
2026-01-24 11:15:00,0.0,0.0,0.0,0.0,0.0,0.1,0.5335348902497937,Leaving Home
2026-01-24 11:30:00,0.0,0.0,0.0,0.0,0.0,0.1,0.50971910730372,Leaving Home
2026-01-24 11:45:00,0.0,0.0,0.0,0.0,0.0,0.1,0.6809264698241986,Leaving Home
2026-01-24 12:00:00,0.0,0.0,0.0,0.0,0.0,0.1,0.6116830174172183,Leaving Home
2026-01-24 12:15:00,0.0,0.0,0.0,0.0,0.0,0.1,0.4714408999243972,Leaving Home
2026-01-24 12:30:00,0.0,0.0,0.0,0.0,0.0,0.1,0.6880065962957342,Leaving Home
2026-01-24 12:45:00,0.0,0.0,0.0,0.0,0.0,0.1,0.4566194176071585,Leaving Home
2026-01-24 13:00:00,0.0,0.0,0.0,0.0,0.0,0.1,0.6330113790470944,Leaving Home
2026-01-24 13:15:00,0.0,1.0,1.0,0.0,5.0,0.1,5.5185989330708445,Anomalous Activity
2026-01-24 13:30:00,0.0,0.0,0.0,0.0,0.0,0.1,0.563432291746948,Leaving Home
2026-01-24 13:45:00,0.0,0.0,0.0,0.0,0.0,0.1,0.6504270748038384,Leaving Home
2026-01-24 14:00:00,0.0,0.0,0.0,0.0,0.0,0.1,0.6521449399059529,Leaving Home
2026-01-24 14:15:00,0.0,0.0,0.0,0.0,0.0,0.1,0.733696907355596,Leaving Home
2026-01-24 14:30:00,0.0,0.0,0.0,0.0,0.0,0.1,0.5917746300328547,Leaving Home
2026-01-24 14:45:00,0.0,0.0,0.0,0.0,0.0,0.1,0.6306450862963341,Leaving Home
2026-01-24 15:00:00,0.0,0.0,0.0,0.0,0.0,0.1,0.5562262677595675,Leaving Home
2026-01-24 15:15:00,0.0,0.0,0.0,0.0,0.0,0.1,0.6181989882622797,Leaving Home
2026-01-24 15:30:00,0.0,0.0,0.0,0.0,0.0,0.1,0.6439486048008511,Leaving Home
2026-01-24 15:45:00,0.0,0.0,0.0,0.0,0.0,0.1,0.5901690152545624,Leaving Home
2026-01-24 16:00:00,0.0,0.0,0.0,0.0,0.0,0.1,0.4196249515907503,Leaving Home
2026-01-24 16:15:00,0.0,0.0,0.0,0.0,0.0,0.1,0.6331470896330895,Leaving Home
2026-01-24 16:30:00,0.0,0.0,0.0,0.0,0.0,0.1,0.6364561477355457,Leaving Home
2026-01-24 16:45:00,0.0,0.0,0.0,0.0,0.0,0.1,0.5319826523652049,Leaving Home
2026-01-24 17:00:00,0.0,1.0,0.0,0.0,2.8349399530167747,1.5,4.7065012494095235,Cooking
2026-01-24 17:15:00,0.0,1.0,0.0,0.0,2.8941665090344117,1.5,5.041754424084808,Cooking
2026-01-24 17:30:00,0.0,1.0,0.0,0.0,3.709265672574018,1.5,5.758410223663458,Cooking
2026-01-24 17:45:00,0.0,1.0,0.0,0.0,1.7560956717324603,1.5,3.733187568640289,Cooking
2026-01-24 18:00:00,0.0,1.0,0.0,0.0,3.638482693044094,1.5,5.524779404729345,Cooking
2026-01-24 18:15:00,0.0,1.0,0.0,0.0,3.169011740550854,1.5,5.086830257708719,Cooking
2026-01-24 18:30:00,0.0,1.0,0.0,0.0,3.8381965136041014,1.5,5.968455553282725,Cooking
2026-01-24 18:45:00,0.0,1.0,0.0,0.0,2.5272465600286345,1.5,4.54101275411544,Cooking
2026-01-24 19:00:00,0.0,0.0,1.0,0.0,0.0,1.5,1.9449412932999293,Watching TV
2026-01-24 19:15:00,0.0,0.0,1.0,0.0,0.0,1.5,2.0509689231224657,Watching TV
2026-01-24 19:30:00,0.0,0.0,1.0,0.0,0.0,1.5,1.9185601812553676,Watching TV
2026-01-24 19:45:00,0.0,0.0,1.0,0.0,0.0,1.5,2.150084303028038,Watching TV
2026-01-24 20:00:00,0.0,0.0,1.0,0.0,0.0,1.5,2.1352800534896725,Watching TV
2026-01-24 20:15:00,0.0,0.0,1.0,0.0,0.0,1.5,1.9533425928797223,Watching TV
2026-01-24 20:30:00,0.0,0.0,1.0,0.0,0.0,1.5,1.937132975296914,Watching TV
2026-01-24 20:45:00,0.0,0.0,1.0,0.0,0.0,1.5,1.738186680130772,Watching TV
2026-01-24 21:00:00,0.0,0.0,1.0,0.0,0.0,1.5,1.851841922844863,Watching TV
2026-01-24 21:15:00,0.0,0.0,1.0,0.0,0.0,1.5,1.8660530225042242,Watching TV
2026-01-24 21:30:00,0.0,0.0,1.0,0.0,0.0,1.5,2.0135190340987386,Watching TV
2026-01-24 21:45:00,0.0,0.0,1.0,0.0,0.0,1.5,1.9673766295558641,Watching TV
2026-01-24 22:00:00,0.0,0.0,1.0,0.0,0.0,1.5,1.865466451258476,Watching TV
2026-01-24 22:15:00,0.0,0.0,1.0,0.0,0.0,1.5,1.9718835957535443,Watching TV
2026-01-24 22:30:00,0.0,0.0,1.0,0.0,0.0,1.5,2.050533714764735,Watching TV
2026-01-24 22:45:00,0.0,0.0,1.0,0.0,0.0,1.5,2.0527839349915586,Watching TV
2026-01-24 23:00:00,0.0,0.0,1.0,0.0,0.0,1.5,1.810032971914112,Watching TV
2026-01-24 23:15:00,0.0,0.0,1.0,0.0,0.0,1.5,1.987173651951617,Watching TV
2026-01-24 23:30:00,0.0,0.0,1.0,0.0,0.0,1.5,1.861665922302839,Watching TV
2026-01-24 23:45:00,0.0,0.0,1.0,0.0,0.0,1.5,2.0901728697140274,Watching TV
2026-01-25 00:00:00,0.0,0.0,0.0,0.0,0.0,1.2554686325902116,1.8338832742255615,Sleeping
2026-01-25 00:15:00,0.0,0.0,0.0,0.0,0.0,0.9357805347465729,1.345977812114127,Sleeping
2026-01-25 00:30:00,0.0,0.0,0.0,0.0,0.0,1.1180490877972962,1.5414445675572561,Sleeping
2026-01-25 00:45:00,0.0,0.0,0.0,0.0,0.0,1.2278401986529228,1.681713493603092,Sleeping
2026-01-25 01:00:00,0.0,0.0,0.0,0.0,0.0,1.1970864270717798,1.4718070875986458,Sleeping
2026-01-25 01:15:00,0.0,0.0,0.0,0.0,0.0,0.9980531300922902,1.5316499474363479,Sleeping
2026-01-25 01:30:00,0.0,0.0,0.0,0.0,0.0,1.0345075376945851,1.507223083060572,Sleeping
2026-01-25 01:45:00,0.0,0.0,0.0,0.0,0.0,1.1286503119071931,1.725667820163979,Sleeping
2026-01-25 02:00:00,0.0,0.0,0.0,0.0,0.0,1.059873901599314,1.4500329798030587,Sleeping
2026-01-25 02:15:00,0.0,0.0,0.0,0.0,0.0,0.9079761470223623,1.3460638521973691,Sleeping
2026-01-25 02:30:00,0.0,0.0,0.0,0.0,0.0,0.9625819724009816,1.3119294465970701,Sleeping
2026-01-25 02:45:00,0.0,0.0,0.0,0.0,0.0,0.9844434305478165,1.384014374198391,Sleeping
2026-01-25 03:00:00,0.0,0.0,0.0,0.0,0.0,1.1425894749624588,1.524391275355637,Sleeping
2026-01-25 03:15:00,0.0,0.0,0.0,0.0,0.0,0.9420954663831851,1.5416928342678298,Sleeping
2026-01-25 03:30:00,0.0,0.0,0.0,0.0,0.0,1.0218025092132565,1.4519763243381174,Sleeping
2026-01-25 03:45:00,0.0,0.0,0.0,0.0,0.0,0.9021185753918861,1.4145361438663473,Sleeping
2026-01-25 04:00:00,0.0,0.0,0.0,0.0,0.0,0.8749303937011774,1.336854053314997,Sleeping
2026-01-25 04:15:00,1.0,0.0,0.0,0.0,0.0,1.0021943808215332,1.375247854220252,Sleeping
2026-01-25 04:30:00,0.0,0.0,0.0,0.0,0.0,0.9072215890939239,1.3903915467767596,Sleeping
2026-01-25 04:45:00,0.0,0.0,0.0,0.0,0.0,0.9760623148491085,1.535972648035468,Sleeping
2026-01-25 05:00:00,0.0,0.0,0.0,0.0,0.0,1.199283262527003,1.5785073232726676,Sleeping
2026-01-25 05:15:00,0.0,0.0,0.0,0.0,0.0,0.9220704400478568,1.5029817191209947,Sleeping
2026-01-25 05:30:00,0.0,0.0,0.0,0.0,0.0,1.2444582752582507,1.659486183110481,Sleeping
2026-01-25 05:45:00,0.0,0.0,0.0,0.0,0.0,0.9457717662237336,1.3974733736164495,Sleeping
2026-01-25 06:00:00,0.0,0.0,0.0,0.0,0.0,0.8882250346073824,1.4412933469083873,Sleeping
2026-01-25 06:15:00,0.0,0.0,0.0,0.0,0.0,0.9641296226951082,1.3977860069731594,Sleeping
2026-01-25 06:30:00,0.0,0.0,0.0,0.0,0.0,1.0995871976658929,1.6033446835994796,Sleeping
2026-01-25 06:45:00,0.0,0.0,0.0,0.0,0.0,1.0254996750674599,1.4940305921886505,Sleeping
2026-01-25 07:00:00,0.0,1.0,0.0,0.0,2.091891377729018,1.2,3.8048281783993994,Cooking
2026-01-25 07:15:00,0.0,1.0,0.0,0.0,2.5390715314848236,1.2,4.000997620932473,Cooking
2026-01-25 07:30:00,0.0,1.0,0.0,0.0,1.7115017589045014,1.2,3.228533577383693,Cooking
2026-01-25 07:45:00,0.0,1.0,0.0,0.0,2.0985877780245787,1.2,3.8601844786292623,Cooking
2026-01-25 08:00:00,0.0,0.0,0.0,1.0,0.0,0.1,0.703718140564905,Leaving Home
2026-01-25 08:15:00,0.0,0.0,0.0,1.0,0.0,0.1,0.5089513296468479,Leaving Home
2026-01-25 08:30:00,0.0,0.0,0.0,1.0,0.0,0.1,0.5755971647828866,Leaving Home
2026-01-25 08:45:00,0.0,0.0,0.0,1.0,0.0,0.1,0.6294719252902301,Leaving Home
2026-01-25 09:00:00,0.0,0.0,0.0,0.0,0.0,0.1,0.6693217601658704,Leaving Home
2026-01-25 09:15:00,0.0,0.0,0.0,0.0,0.0,0.1,0.39723227283291507,Leaving Home
2026-01-25 09:30:00,0.0,0.0,0.0,0.0,0.0,0.1,0.5113959753021623,Leaving Home
2026-01-25 09:45:00,0.0,0.0,0.0,0.0,0.0,0.1,0.5667420620150125,Leaving Home
2026-01-25 10:00:00,0.0,0.0,0.0,0.0,0.0,0.1,0.6703140197236049,Leaving Home
2026-01-25 10:15:00,0.0,0.0,0.0,0.0,0.0,0.1,0.8498430483721494,Leaving Home
2026-01-25 10:30:00,0.0,0.0,0.0,0.0,0.0,0.1,0.5771994273190282,Leaving Home
2026-01-25 10:45:00,0.0,0.0,0.0,0.0,0.0,0.1,0.4593022537896011,Leaving Home
2026-01-25 11:00:00,0.0,0.0,0.0,0.0,0.0,0.1,0.6402268077201297,Leaving Home
2026-01-25 11:15:00,0.0,0.0,0.0,0.0,0.0,0.1,0.732099578954071,Leaving Home
2026-01-25 11:30:00,0.0,0.0,0.0,0.0,0.0,0.1,0.61080141209795,Leaving Home
2026-01-25 11:45:00,0.0,0.0,0.0,0.0,0.0,0.1,0.5093351454845707,Leaving Home
2026-01-25 12:00:00,0.0,0.0,0.0,0.0,0.0,0.1,0.6957993941480018,Leaving Home
2026-01-25 12:15:00,0.0,0.0,0.0,0.0,0.0,0.1,0.6663545618498434,Leaving Home
2026-01-25 12:30:00,0.0,0.0,0.0,0.0,0.0,0.1,0.4973919155804376,Leaving Home
2026-01-25 12:45:00,0.0,0.0,0.0,0.0,0.0,0.1,0.6381425617534342,Leaving Home
2026-01-25 13:00:00,0.0,0.0,0.0,0.0,0.0,0.1,0.6997265567658872,Leaving Home
2026-01-25 13:15:00,0.0,0.0,0.0,0.0,0.0,0.1,0.7181890042558894,Leaving Home
2026-01-25 13:30:00,0.0,0.0,0.0,0.0,0.0,0.1,0.5933551024690544,Leaving Home
2026-01-25 13:45:00,0.0,0.0,0.0,0.0,0.0,0.1,0.5641920553820681,Leaving Home
2026-01-25 14:00:00,0.0,0.0,0.0,0.0,0.0,0.1,0.7227273822081263,Leaving Home
2026-01-25 14:15:00,0.0,0.0,0.0,0.0,0.0,0.1,0.4789839497019115,Leaving Home
2026-01-25 14:30:00,0.0,0.0,0.0,0.0,0.0,0.1,0.6438579290921005,Leaving Home
2026-01-25 14:45:00,0.0,0.0,0.0,0.0,0.0,0.1,0.4629973372635571,Leaving Home
2026-01-25 15:00:00,0.0,0.0,0.0,0.0,0.0,0.1,0.7065376272259603,Leaving Home
2026-01-25 15:15:00,0.0,0.0,0.0,0.0,0.0,0.1,0.5741954484388838,Leaving Home
2026-01-25 15:30:00,0.0,0.0,0.0,0.0,0.0,0.1,0.7268583235647469,Leaving Home
2026-01-25 15:45:00,0.0,0.0,0.0,0.0,0.0,0.1,0.6491412756355527,Leaving Home
2026-01-25 16:00:00,0.0,0.0,0.0,0.0,0.0,0.1,0.477677976993807,Leaving Home
2026-01-25 16:15:00,0.0,0.0,0.0,0.0,0.0,0.1,0.7424627732077244,Leaving Home
2026-01-25 16:30:00,0.0,0.0,0.0,0.0,0.0,0.1,0.755124526642773,Leaving Home
2026-01-25 16:45:00,0.0,0.0,0.0,0.0,0.0,0.1,0.6882286492599216,Leaving Home
2026-01-25 17:00:00,0.0,1.0,0.0,0.0,2.7249423585317305,1.5,4.648783572028109,Cooking
2026-01-25 17:15:00,0.0,1.0,0.0,0.0,2.926487288284575,1.5,4.895885892848834,Cooking
2026-01-25 17:30:00,0.0,1.0,0.0,0.0,2.3536873264238687,1.5,4.3682300481644445,Cooking
2026-01-25 17:45:00,0.0,1.0,0.0,0.0,2.733915718436405,1.5,4.6635446785032615,Cooking
2026-01-25 18:00:00,0.0,1.0,0.0,0.0,3.2129218293149147,1.5,5.382156486561236,Cooking
2026-01-25 18:15:00,0.0,1.0,0.0,0.0,3.209102877943986,1.5,5.223535525116589,Cooking
2026-01-25 18:30:00,0.0,1.0,0.0,0.0,3.1262844229983116,1.5,4.8559496182875765,Cooking
2026-01-25 18:45:00,0.0,1.0,0.0,0.0,3.692266023796953,1.5,5.726201605072575,Cooking
2026-01-25 19:00:00,0.0,0.0,1.0,0.0,0.0,1.5,1.9651842603182688,Watching TV
2026-01-25 19:15:00,0.0,0.0,1.0,0.0,0.0,1.5,1.9925073443881551,Watching TV
2026-01-25 19:30:00,0.0,0.0,1.0,0.0,0.0,1.5,1.9631380634214302,Watching TV
2026-01-25 19:45:00,0.0,0.0,1.0,0.0,0.0,1.5,2.0807046416606685,Watching TV
2026-01-25 20:00:00,0.0,0.0,1.0,0.0,0.0,1.5,2.111968777855338,Watching TV
2026-01-25 20:15:00,0.0,0.0,1.0,0.0,0.0,1.5,2.0283053162258655,Watching TV
2026-01-25 20:30:00,0.0,0.0,1.0,0.0,0.0,1.5,1.966068881286184,Watching TV
2026-01-25 20:45:00,0.0,0.0,1.0,0.0,0.0,1.5,1.995866279519083,Watching TV
2026-01-25 21:00:00,0.0,0.0,1.0,0.0,0.0,1.5,2.0019599616577626,Watching TV
2026-01-25 21:15:00,0.0,0.0,1.0,0.0,0.0,1.5,1.9197569960135163,Watching TV
2026-01-25 21:30:00,0.0,0.0,1.0,0.0,0.0,1.5,2.0578928648571235,Watching TV
2026-01-25 21:45:00,0.0,0.0,1.0,0.0,0.0,1.5,2.0460042323860463,Watching TV
2026-01-25 22:00:00,0.0,0.0,1.0,0.0,0.0,1.5,2.154044123977667,Watching TV
2026-01-25 22:15:00,0.0,0.0,1.0,0.0,0.0,1.5,2.1255349780288473,Watching TV
2026-01-25 22:30:00,0.0,0.0,1.0,0.0,0.0,1.5,1.9314325082409871,Watching TV
2026-01-25 22:45:00,0.0,0.0,1.0,0.0,0.0,1.5,2.0820298374508965,Watching TV
2026-01-25 23:00:00,0.0,0.0,1.0,0.0,0.0,1.5,1.9049046616905527,Watching TV
2026-01-25 23:15:00,0.0,0.0,1.0,0.0,0.0,1.5,2.069593210094085,Watching TV
2026-01-25 23:30:00,0.0,0.0,1.0,0.0,0.0,1.5,1.9483385801239892,Watching TV
2026-01-25 23:45:00,0.0,0.0,1.0,0.0,0.0,1.5,1.8976746776624416,Watching TV
2026-01-26 00:00:00,0.0,0.0,0.0,0.0,0.0,0.9461763814008846,1.4741809156706251,Sleeping
2026-01-26 00:15:00,0.0,0.0,0.0,0.0,0.0,0.9864145283611756,1.2189578155457614,Sleeping
2026-01-26 00:30:00,0.0,0.0,0.0,0.0,0.0,0.9802230955294385,1.3051255380889157,Sleeping
2026-01-26 00:45:00,0.0,0.0,0.0,0.0,0.0,1.018911121660394,1.5011619332829658,Sleeping
2026-01-26 01:00:00,0.0,0.0,0.0,0.0,0.0,1.10134558217411,1.6095897588375943,Sleeping
2026-01-26 01:15:00,1.0,0.0,0.0,0.0,0.0,1.017698631145506,1.4807667541296872,Sleeping
2026-01-26 01:30:00,0.0,0.0,0.0,0.0,0.0,1.210367310306172,1.552423680434412,Sleeping
2026-01-26 01:45:00,1.0,0.0,0.0,0.0,0.0,1.0596397069117653,1.4778505226979148,Sleeping
2026-01-26 02:00:00,0.0,0.0,0.0,0.0,0.0,0.8362395082543328,1.3753604409780722,Sleeping
2026-01-26 02:15:00,1.0,0.0,0.0,0.0,0.0,1.0119600262667103,1.5701382033295466,Sleeping
2026-01-26 02:30:00,1.0,0.0,0.0,0.0,0.0,0.9666221129161112,1.464999801156517,Sleeping
2026-01-26 02:45:00,0.0,1.0,1.0,0.0,5.0,0.8987726643162984,6.514456042419997,Anomalous Activity
2026-01-26 03:00:00,0.0,0.0,0.0,0.0,0.0,0.8886480767572007,1.428387779103124,Sleeping
2026-01-26 03:15:00,0.0,0.0,0.0,0.0,0.0,1.1770167615647273,1.602271196168906,Sleeping
2026-01-26 03:30:00,0.0,0.0,0.0,0.0,0.0,1.0110389639107698,1.482988758569608,Sleeping
2026-01-26 03:45:00,0.0,0.0,0.0,0.0,0.0,1.0507420927833289,1.4104554770625435,Sleeping
2026-01-26 04:00:00,0.0,0.0,0.0,0.0,0.0,1.0620747555279424,1.5512608564888009,Sleeping
2026-01-26 04:15:00,0.0,0.0,0.0,0.0,0.0,1.1040188564792752,1.7152289184014091,Sleeping
2026-01-26 04:30:00,0.0,0.0,0.0,0.0,0.0,0.910250843683279,1.4787798521543758,Sleeping
2026-01-26 04:45:00,1.0,0.0,0.0,0.0,0.0,0.8687817522472218,1.508982684839134,Sleeping
2026-01-26 05:00:00,0.0,0.0,0.0,0.0,0.0,0.9503947687460256,1.4201062443661263,Sleeping
2026-01-26 05:15:00,0.0,0.0,0.0,0.0,0.0,1.059564405756972,1.6941743852083977,Sleeping
2026-01-26 05:30:00,0.0,0.0,0.0,0.0,0.0,0.9402576634856772,1.4209272408408802,Sleeping
2026-01-26 05:45:00,0.0,0.0,0.0,0.0,0.0,1.1077901739453324,1.754948682202322,Sleeping
2026-01-26 06:00:00,0.0,0.0,0.0,0.0,0.0,1.0339723859374756,1.5317867111932633,Sleeping
2026-01-26 06:15:00,0.0,0.0,0.0,0.0,0.0,1.0282002625016855,1.5989233998821133,Sleeping
2026-01-26 06:30:00,0.0,0.0,0.0,0.0,0.0,0.778995721070982,1.4265069575019678,Sleeping
2026-01-26 06:45:00,1.0,0.0,0.0,0.0,0.0,1.110407060928205,1.5910642980700844,Sleeping
2026-01-26 07:00:00,0.0,1.0,0.0,0.0,2.017167598238396,1.2,3.739006496992813,Cooking
2026-01-26 07:15:00,0.0,1.0,0.0,0.0,3.3145831824504723,1.2,5.143469524971103,Cooking
2026-01-26 07:30:00,0.0,1.0,0.0,0.0,2.209108983303973,1.2,3.8958086669109666,Cooking
2026-01-26 07:45:00,0.0,1.0,0.0,0.0,1.9130600177955137,1.2,3.480970789544897,Cooking
2026-01-26 08:00:00,0.0,0.0,0.0,1.0,0.0,0.1,0.814300705458491,Leaving Home
2026-01-26 08:15:00,0.0,0.0,0.0,1.0,0.0,0.1,0.5530235535662863,Leaving Home
2026-01-26 08:30:00,0.0,0.0,0.0,1.0,0.0,0.1,0.6158756050937543,Leaving Home
2026-01-26 08:45:00,0.0,0.0,0.0,1.0,0.0,0.1,0.7156006669451127,Leaving Home
2026-01-26 09:00:00,0.0,0.0,0.0,0.0,0.0,0.1,0.5391506096268798,Leaving Home
2026-01-26 09:15:00,0.0,0.0,0.0,0.0,0.0,0.1,0.49921320867778696,Leaving Home
2026-01-26 09:30:00,0.0,0.0,0.0,0.0,0.0,0.1,0.6253737296774833,Leaving Home
2026-01-26 09:45:00,0.0,0.0,0.0,0.0,0.0,0.1,0.420692360208761,Leaving Home
2026-01-26 10:00:00,0.0,0.0,0.0,0.0,0.0,0.1,0.571209392313208,Leaving Home
2026-01-26 10:15:00,0.0,0.0,0.0,0.0,0.0,0.1,0.6245038664315405,Leaving Home
2026-01-26 10:30:00,0.0,0.0,0.0,0.0,0.0,0.1,0.5730048103174836,Leaving Home
2026-01-26 10:45:00,0.0,0.0,0.0,0.0,0.0,0.1,0.4456549056814253,Leaving Home
2026-01-26 11:00:00,0.0,0.0,0.0,0.0,0.0,0.1,0.7594177956204012,Leaving Home
2026-01-26 11:15:00,0.0,0.0,0.0,0.0,0.0,0.1,0.6103538153949175,Leaving Home
2026-01-26 11:30:00,0.0,0.0,0.0,0.0,0.0,0.1,0.7431152117761741,Leaving Home
2026-01-26 11:45:00,0.0,0.0,0.0,0.0,0.0,0.1,0.5739963749819555,Leaving Home
2026-01-26 12:00:00,0.0,0.0,0.0,0.0,0.0,0.1,0.5119988018309236,Leaving Home
2026-01-26 12:15:00,0.0,0.0,0.0,0.0,0.0,0.1,0.626918092025516,Leaving Home
2026-01-26 12:30:00,0.0,0.0,0.0,0.0,0.0,0.1,0.578421287367178,Leaving Home
2026-01-26 12:45:00,0.0,0.0,0.0,0.0,0.0,0.1,0.4822238542008642,Leaving Home
2026-01-26 13:00:00,0.0,0.0,0.0,0.0,0.0,0.1,0.7469784258787495,Leaving Home
2026-01-26 13:15:00,0.0,0.0,0.0,0.0,0.0,0.1,0.5377729777106004,Leaving Home
2026-01-26 13:30:00,0.0,0.0,0.0,0.0,0.0,0.1,0.4159733615204432,Leaving Home
2026-01-26 13:45:00,0.0,0.0,0.0,0.0,0.0,0.1,0.7328166053957332,Leaving Home
2026-01-26 14:00:00,0.0,0.0,0.0,0.0,0.0,0.1,0.5495701984187377,Leaving Home
2026-01-26 14:15:00,0.0,0.0,0.0,0.0,0.0,0.1,0.5392176107384375,Leaving Home
2026-01-26 14:30:00,0.0,0.0,0.0,0.0,0.0,0.1,0.4234612412970026,Leaving Home
2026-01-26 14:45:00,0.0,1.0,1.0,0.0,5.0,0.1,5.774094148659699,Anomalous Activity
2026-01-26 15:00:00,0.0,0.0,0.0,0.0,0.0,0.1,0.47105194127903127,Leaving Home
2026-01-26 15:15:00,0.0,0.0,0.0,0.0,0.0,0.1,0.605844948070565,Leaving Home
2026-01-26 15:30:00,0.0,0.0,0.0,0.0,0.0,0.1,0.691262032254044,Leaving Home
2026-01-26 15:45:00,0.0,0.0,0.0,0.0,0.0,0.1,0.6421716933003097,Leaving Home
2026-01-26 16:00:00,0.0,0.0,0.0,0.0,0.0,0.1,0.5940345688007809,Leaving Home
2026-01-26 16:15:00,0.0,0.0,0.0,0.0,0.0,0.1,0.4298334141712583,Leaving Home
2026-01-26 16:30:00,0.0,0.0,0.0,0.0,0.0,0.1,0.5190275164232716,Leaving Home
2026-01-26 16:45:00,0.0,0.0,0.0,0.0,0.0,0.1,0.6187800338042522,Leaving Home
2026-01-26 17:00:00,0.0,1.0,0.0,0.0,3.1163933714700818,1.5,5.037675964471382,Cooking
2026-01-26 17:15:00,0.0,1.0,0.0,0.0,2.621618011492037,1.5,4.641953957491914,Cooking
2026-01-26 17:30:00,0.0,1.0,0.0,0.0,3.479192909921021,1.5,5.547367250802536,Cooking
2026-01-26 17:45:00,0.0,1.0,0.0,0.0,3.02583048842554,1.5,5.12208077700555,Cooking
2026-01-26 18:00:00,0.0,1.0,0.0,0.0,3.1145373441028514,1.5,4.991919408321583,Cooking
2026-01-26 18:15:00,0.0,1.0,0.0,0.0,3.537159006357781,1.5,5.756823611855676,Cooking
2026-01-26 18:30:00,0.0,1.0,0.0,0.0,2.8512588995630748,1.5,4.928006834018487,Cooking
2026-01-26 18:45:00,0.0,1.0,0.0,0.0,3.6559918692869733,1.5,5.655820453920067,Cooking
2026-01-26 19:00:00,0.0,0.0,1.0,0.0,0.0,1.5,2.108953658307664,Watching TV
2026-01-26 19:15:00,0.0,0.0,1.0,0.0,0.0,1.5,2.2365407771999974,Watching TV
2026-01-26 19:30:00,0.0,0.0,1.0,0.0,0.0,1.5,1.856127989894313,Watching TV
2026-01-26 19:45:00,0.0,0.0,1.0,0.0,0.0,1.5,1.9774737357508647,Watching TV
2026-01-26 20:00:00,0.0,0.0,1.0,0.0,0.0,1.5,1.7621568340126672,Watching TV
2026-01-26 20:15:00,0.0,0.0,1.0,0.0,0.0,1.5,2.0192651532648025,Watching TV
2026-01-26 20:30:00,0.0,0.0,1.0,0.0,0.0,1.5,2.0365394241925143,Watching TV
2026-01-26 20:45:00,0.0,0.0,1.0,0.0,0.0,1.5,1.996083788455724,Watching TV
2026-01-26 21:00:00,0.0,0.0,1.0,0.0,0.0,1.5,1.934546642900169,Watching TV
2026-01-26 21:15:00,0.0,0.0,1.0,0.0,0.0,1.5,1.7950485483811676,Watching TV
2026-01-26 21:30:00,0.0,0.0,1.0,0.0,0.0,1.5,2.0373533683411766,Watching TV
2026-01-26 21:45:00,0.0,0.0,1.0,0.0,0.0,1.5,2.1455434483915328,Watching TV
2026-01-26 22:00:00,0.0,0.0,1.0,0.0,0.0,1.5,1.9408981544266568,Watching TV
2026-01-26 22:15:00,0.0,0.0,1.0,0.0,0.0,1.5,2.0440059929023144,Watching TV
2026-01-26 22:30:00,0.0,0.0,1.0,0.0,0.0,1.5,1.843185568657995,Watching TV
2026-01-26 22:45:00,0.0,0.0,1.0,0.0,0.0,1.5,2.045721306369251,Watching TV
2026-01-26 23:00:00,0.0,0.0,1.0,0.0,0.0,1.5,1.9606617702255342,Watching TV
2026-01-26 23:15:00,0.0,0.0,1.0,0.0,0.0,1.5,1.9237582049397086,Watching TV
2026-01-26 23:30:00,0.0,0.0,1.0,0.0,0.0,1.5,1.923963635878387,Watching TV
2026-01-26 23:45:00,0.0,0.0,1.0,0.0,0.0,1.5,1.960638841796699,Watching TV
2026-01-27 00:00:00,0.0,0.0,0.0,0.0,0.0,0.9892645209285984,1.5275078524978518,Sleeping
2026-01-27 00:15:00,0.0,0.0,0.0,0.0,0.0,1.099941903267791,1.4687255831482393,Sleeping
2026-01-27 00:30:00,1.0,0.0,0.0,0.0,0.0,1.064949736485924,1.5252382033291387,Sleeping
2026-01-27 00:45:00,0.0,0.0,0.0,0.0,0.0,0.9636080606510363,1.4594608828511215,Sleeping
2026-01-27 01:00:00,0.0,0.0,0.0,0.0,0.0,0.9526135129840471,1.3427095905308613,Sleeping
2026-01-27 01:15:00,0.0,0.0,0.0,0.0,0.0,0.9634200327206498,1.6430865528881515,Sleeping
2026-01-27 01:30:00,0.0,0.0,0.0,0.0,0.0,1.079179641280347,1.4938300932742128,Sleeping
2026-01-27 01:45:00,0.0,0.0,0.0,0.0,0.0,1.078581200929681,1.511637509566332,Sleeping
2026-01-27 02:00:00,1.0,0.0,0.0,0.0,0.0,1.0559700472411422,1.4581392522588925,Sleeping
2026-01-27 02:15:00,0.0,0.0,0.0,0.0,0.0,1.0187538784413963,1.698601887155208,Sleeping
2026-01-27 02:30:00,0.0,0.0,0.0,0.0,0.0,0.990469027895065,1.545759550755013,Sleeping
2026-01-27 02:45:00,0.0,0.0,0.0,0.0,0.0,1.0416929503264816,1.4480337497021174,Sleeping
2026-01-27 03:00:00,0.0,0.0,0.0,0.0,0.0,1.0022203934542637,1.6128435493402606,Sleeping
2026-01-27 03:15:00,0.0,0.0,0.0,0.0,0.0,0.8539075061348342,1.3739773755637221,Sleeping
2026-01-27 03:30:00,0.0,0.0,0.0,0.0,0.0,0.9498630728332181,1.4755884149443683,Sleeping
2026-01-27 03:45:00,0.0,0.0,0.0,0.0,0.0,0.8581940078031063,1.323746286927861,Sleeping
2026-01-27 04:00:00,1.0,0.0,0.0,0.0,0.0,1.1341431975373704,1.559201598841673,Sleeping
2026-01-27 04:15:00,0.0,0.0,0.0,0.0,0.0,0.9307245142301958,1.4645011241356558,Sleeping
2026-01-27 04:30:00,1.0,0.0,0.0,0.0,0.0,0.8491812145646072,1.294672491565048,Sleeping
2026-01-27 04:45:00,0.0,0.0,0.0,0.0,0.0,0.8843021524857708,1.5659777154432812,Sleeping
2026-01-27 05:00:00,0.0,0.0,0.0,0.0,0.0,1.0990238453705183,1.472094734846208,Sleeping
2026-01-27 05:15:00,0.0,0.0,0.0,0.0,0.0,0.9413034312907678,1.5949191085762622,Sleeping
2026-01-27 05:30:00,0.0,0.0,0.0,0.0,0.0,0.9435018088967924,1.4323699240170122,Sleeping
2026-01-27 05:45:00,1.0,0.0,0.0,0.0,0.0,1.0423212374457018,1.5722298108478125,Sleeping
2026-01-27 06:00:00,0.0,0.0,0.0,0.0,0.0,1.2220683796583114,1.8053841563212547,Sleeping
2026-01-27 06:15:00,0.0,0.0,0.0,0.0,0.0,1.0008828138267394,1.4378578843262957,Sleeping
2026-01-27 06:30:00,0.0,0.0,0.0,0.0,0.0,0.987110081588181,1.5735349200580446,Sleeping
2026-01-27 06:45:00,0.0,0.0,0.0,0.0,0.0,1.0340654136412142,1.2633110281030964,Sleeping
2026-01-27 07:00:00,0.0,1.0,0.0,0.0,2.428926731529727,1.2,4.056927778207533,Cooking
2026-01-27 07:15:00,0.0,1.0,0.0,0.0,2.669343658960845,1.2,4.276937378226738,Cooking
2026-01-27 07:30:00,0.0,1.0,0.0,0.0,3.0147287407991787,1.2,4.589378139562002,Cooking
2026-01-27 07:45:00,0.0,1.0,0.0,0.0,2.936157690014225,1.2,4.61466220620633,Cooking
2026-01-27 08:00:00,0.0,0.0,0.0,1.0,0.0,0.1,0.6385749968181694,Leaving Home
2026-01-27 08:15:00,0.0,0.0,0.0,1.0,0.0,0.1,0.6702659998499305,Leaving Home
2026-01-27 08:30:00,0.0,0.0,0.0,1.0,0.0,0.1,0.6240876757200408,Leaving Home
2026-01-27 08:45:00,0.0,0.0,0.0,1.0,0.0,0.1,0.5334306535106453,Leaving Home
2026-01-27 09:00:00,0.0,0.0,0.0,0.0,0.0,0.1,0.6369016437825167,Leaving Home
2026-01-27 09:15:00,0.0,0.0,0.0,0.0,0.0,0.1,0.6124285694850851,Leaving Home
2026-01-27 09:30:00,0.0,0.0,0.0,0.0,0.0,0.1,0.6936056167936017,Leaving Home
2026-01-27 09:45:00,0.0,0.0,0.0,0.0,0.0,0.1,0.6776936702931516,Leaving Home
2026-01-27 10:00:00,0.0,0.0,0.0,0.0,0.0,0.1,0.6030476413920629,Leaving Home
2026-01-27 10:15:00,0.0,0.0,0.0,0.0,0.0,0.1,0.5102746993838743,Leaving Home
2026-01-27 10:30:00,0.0,0.0,0.0,0.0,0.0,0.1,0.5347049844167919,Leaving Home
2026-01-27 10:45:00,0.0,0.0,0.0,0.0,0.0,0.1,0.5450210640361967,Leaving Home
2026-01-27 11:00:00,0.0,0.0,0.0,0.0,0.0,0.1,0.5684733666083744,Leaving Home
2026-01-27 11:15:00,0.0,0.0,0.0,0.0,0.0,0.1,0.6268050427589753,Leaving Home
2026-01-27 11:30:00,0.0,0.0,0.0,0.0,0.0,0.1,0.6715174390128058,Leaving Home
2026-01-27 11:45:00,0.0,0.0,0.0,0.0,0.0,0.1,0.5948881306984622,Leaving Home
2026-01-27 12:00:00,0.0,0.0,0.0,0.0,0.0,0.1,0.6016124787900472,Leaving Home
2026-01-27 12:15:00,0.0,0.0,0.0,0.0,0.0,0.1,0.6143306305000004,Leaving Home
2026-01-27 12:30:00,0.0,0.0,0.0,0.0,0.0,0.1,0.548409468686766,Leaving Home
2026-01-27 12:45:00,0.0,0.0,0.0,0.0,0.0,0.1,0.5074607742357043,Leaving Home
2026-01-27 13:00:00,0.0,0.0,0.0,0.0,0.0,0.1,0.424456210268929,Leaving Home
2026-01-27 13:15:00,0.0,0.0,0.0,0.0,0.0,0.1,0.5304850641923128,Leaving Home
2026-01-27 13:30:00,0.0,0.0,0.0,0.0,0.0,0.1,0.6473145453267787,Leaving Home
2026-01-27 13:45:00,0.0,0.0,0.0,0.0,0.0,0.1,0.5297088561960432,Leaving Home
2026-01-27 14:00:00,0.0,0.0,0.0,0.0,0.0,0.1,0.576219296257406,Leaving Home
2026-01-27 14:15:00,0.0,0.0,0.0,0.0,0.0,0.1,0.6466431287412316,Leaving Home
2026-01-27 14:30:00,0.0,0.0,0.0,0.0,0.0,0.1,0.6520689496422668,Leaving Home
2026-01-27 14:45:00,0.0,0.0,0.0,0.0,0.0,0.1,0.4920467147833961,Leaving Home
2026-01-27 15:00:00,0.0,0.0,0.0,0.0,0.0,0.1,0.6997059356453641,Leaving Home
2026-01-27 15:15:00,0.0,0.0,0.0,0.0,0.0,0.1,0.7127350089355485,Leaving Home
2026-01-27 15:30:00,0.0,0.0,0.0,0.0,0.0,0.1,0.487015014278144,Leaving Home
2026-01-27 15:45:00,0.0,0.0,0.0,0.0,0.0,0.1,0.5176163130358846,Leaving Home
2026-01-27 16:00:00,0.0,0.0,0.0,0.0,0.0,0.1,0.7191090683146192,Leaving Home
2026-01-27 16:15:00,0.0,0.0,0.0,0.0,0.0,0.1,0.58531464787447,Leaving Home
2026-01-27 16:30:00,0.0,0.0,0.0,0.0,0.0,0.1,0.3780222052548149,Leaving Home
2026-01-27 16:45:00,0.0,0.0,0.0,0.0,0.0,0.1,0.4600318495267314,Leaving Home
2026-01-27 17:00:00,0.0,1.0,0.0,0.0,2.7377164931164746,1.5,4.712779530599226,Cooking
2026-01-27 17:15:00,0.0,1.0,0.0,0.0,3.676101339433572,1.5,5.559797074405112,Cooking
2026-01-27 17:30:00,0.0,1.0,0.0,0.0,3.2120334307592255,1.5,5.170691053695581,Cooking
2026-01-27 17:45:00,0.0,1.0,0.0,0.0,3.0197235241203697,1.5,5.022963145488728,Cooking
2026-01-27 18:00:00,0.0,1.0,0.0,0.0,3.140504625140903,1.5,5.2867300855443755,Cooking
2026-01-27 18:15:00,0.0,1.0,0.0,0.0,1.933702186922582,1.5,3.9046567952998026,Cooking
2026-01-27 18:30:00,0.0,1.0,0.0,0.0,4.621546484797367,1.5,6.728800664754643,Cooking
2026-01-27 18:45:00,0.0,1.0,0.0,0.0,4.153958125308055,1.5,6.296834141511732,Cooking
2026-01-27 19:00:00,0.0,0.0,1.0,0.0,0.0,1.5,2.143430966935208,Watching TV
2026-01-27 19:15:00,0.0,0.0,1.0,0.0,0.0,1.5,2.0284754593385568,Watching TV
2026-01-27 19:30:00,0.0,0.0,1.0,0.0,0.0,1.5,1.8036710852161026,Watching TV
2026-01-27 19:45:00,0.0,0.0,1.0,0.0,0.0,1.5,2.0460824865403864,Watching TV
2026-01-27 20:00:00,0.0,0.0,1.0,0.0,0.0,1.5,2.1048399887813543,Watching TV
2026-01-27 20:15:00,0.0,0.0,1.0,0.0,0.0,1.5,1.9918932894564583,Watching TV
2026-01-27 20:30:00,0.0,0.0,1.0,0.0,0.0,1.5,2.174458387007525,Watching TV
2026-01-27 20:45:00,0.0,0.0,1.0,0.0,0.0,1.5,2.0859833561467456,Watching TV
2026-01-27 21:00:00,0.0,0.0,1.0,0.0,0.0,1.5,2.056827337715278,Watching TV
2026-01-27 21:15:00,0.0,0.0,1.0,0.0,0.0,1.5,2.1086380711205837,Watching TV
2026-01-27 21:30:00,0.0,0.0,1.0,0.0,0.0,1.5,2.0333369851260876,Watching TV
2026-01-27 21:45:00,0.0,0.0,1.0,0.0,0.0,1.5,1.7507189500604645,Watching TV
2026-01-27 22:00:00,0.0,0.0,1.0,0.0,0.0,1.5,1.9500861048529634,Watching TV
2026-01-27 22:15:00,0.0,0.0,1.0,0.0,0.0,1.5,2.1197168027247852,Watching TV
2026-01-27 22:30:00,0.0,0.0,1.0,0.0,0.0,1.5,1.9192408659901705,Watching TV
2026-01-27 22:45:00,0.0,0.0,1.0,0.0,0.0,1.5,1.977652749476306,Watching TV
2026-01-27 23:00:00,0.0,0.0,1.0,0.0,0.0,1.5,1.8955163686096927,Watching TV
2026-01-27 23:15:00,0.0,0.0,1.0,0.0,0.0,1.5,2.178392259520177,Watching TV
2026-01-27 23:30:00,0.0,0.0,1.0,0.0,0.0,1.5,2.1681492457418017,Watching TV
2026-01-27 23:45:00,0.0,0.0,1.0,0.0,0.0,1.5,1.911613110485927,Watching TV
2026-01-28 00:00:00,0.0,1.0,1.0,0.0,5.0,0.8590893072244022,6.37381910726331,Anomalous Activity
2026-01-28 00:15:00,1.0,0.0,0.0,0.0,0.0,0.959136408746333,1.3910870039699281,Sleeping
2026-01-28 00:30:00,0.0,0.0,0.0,0.0,0.0,1.0149419473509196,1.5764364112540574,Sleeping
2026-01-28 00:45:00,0.0,0.0,0.0,0.0,0.0,0.9711607799699701,1.522129087694203,Sleeping
2026-01-28 01:00:00,0.0,0.0,0.0,0.0,0.0,0.8766502416055096,1.4578207987668361,Sleeping
2026-01-28 01:15:00,0.0,0.0,0.0,0.0,0.0,0.851036257856389,1.3842281026271777,Sleeping
2026-01-28 01:30:00,0.0,0.0,0.0,0.0,0.0,0.9893512116819453,1.782891832320792,Sleeping
2026-01-28 01:45:00,0.0,0.0,0.0,0.0,0.0,0.9546207514835916,1.3518283749825177,Sleeping
2026-01-28 02:00:00,0.0,0.0,0.0,0.0,0.0,1.113841552065571,1.4427812166219196,Sleeping
2026-01-28 02:15:00,0.0,0.0,0.0,0.0,0.0,1.0028012915358888,1.4634922714657428,Sleeping
2026-01-28 02:30:00,0.0,0.0,0.0,0.0,0.0,0.9989834279257223,1.3421846013696954,Sleeping
2026-01-28 02:45:00,0.0,0.0,0.0,0.0,0.0,1.0296364439254635,1.380390216924864,Sleeping
2026-01-28 03:00:00,0.0,0.0,0.0,0.0,0.0,1.0288411148716061,1.4287096494518094,Sleeping
2026-01-28 03:15:00,0.0,0.0,0.0,0.0,0.0,0.9437307975559768,1.351511907012814,Sleeping
2026-01-28 03:30:00,0.0,0.0,0.0,0.0,0.0,0.9474611130363054,1.3519993028412993,Sleeping
2026-01-28 03:45:00,0.0,0.0,0.0,0.0,0.0,1.1029882539130331,1.6548101489575742,Sleeping
2026-01-28 04:00:00,0.0,0.0,0.0,0.0,0.0,1.0235388260548013,1.4729199199462677,Sleeping
2026-01-28 04:15:00,0.0,0.0,0.0,0.0,0.0,0.8674206228645752,1.3494691653773272,Sleeping
2026-01-28 04:30:00,0.0,0.0,0.0,0.0,0.0,0.9984082154997758,1.5878314929498694,Sleeping
2026-01-28 04:45:00,0.0,0.0,0.0,0.0,0.0,1.091601031979109,1.5149687795009663,Sleeping
2026-01-28 05:00:00,0.0,0.0,0.0,0.0,0.0,0.8943672000694258,1.3679126101989536,Sleeping
2026-01-28 05:15:00,0.0,0.0,0.0,0.0,0.0,0.8941496279004187,1.4307256265097101,Sleeping
2026-01-28 05:30:00,0.0,0.0,0.0,0.0,0.0,0.91087830519581,1.216721525133788,Sleeping
2026-01-28 05:45:00,1.0,0.0,0.0,0.0,0.0,1.0319632675917476,1.2934727166966895,Sleeping
2026-01-28 06:00:00,0.0,0.0,0.0,0.0,0.0,0.9195275427581618,1.454139275637934,Sleeping
2026-01-28 06:15:00,0.0,0.0,0.0,0.0,0.0,1.008507903197999,1.557709331254689,Sleeping
2026-01-28 06:30:00,0.0,0.0,0.0,0.0,0.0,1.1569866436259968,1.8634086571112378,Sleeping
2026-01-28 06:45:00,1.0,0.0,0.0,0.0,0.0,1.0068637048427715,1.5226731924294525,Sleeping
2026-01-28 07:00:00,0.0,1.0,0.0,0.0,2.4178323970573046,1.2,4.199806368783114,Cooking
2026-01-28 07:15:00,0.0,1.0,0.0,0.0,2.6060466765370878,1.2,4.2864994121784905,Cooking
2026-01-28 07:30:00,0.0,1.0,0.0,0.0,1.8057287230843944,1.2,3.535451445242903,Cooking
2026-01-28 07:45:00,0.0,1.0,0.0,0.0,1.699864447748145,1.2,3.566590131923099,Cooking
2026-01-28 08:00:00,0.0,0.0,0.0,1.0,0.0,0.1,0.38760071818743647,Leaving Home
2026-01-28 08:15:00,0.0,0.0,0.0,1.0,0.0,0.1,0.641361625757168,Leaving Home
2026-01-28 08:30:00,0.0,0.0,0.0,1.0,0.0,0.1,0.8135586730077365,Leaving Home
2026-01-28 08:45:00,0.0,0.0,0.0,1.0,0.0,0.1,0.6282034219209343,Leaving Home
2026-01-28 09:00:00,0.0,0.0,0.0,0.0,0.0,0.1,0.7650572963232848,Leaving Home
2026-01-28 09:15:00,0.0,0.0,0.0,0.0,0.0,0.1,0.5370787850470558,Leaving Home
2026-01-28 09:30:00,0.0,0.0,0.0,0.0,0.0,0.1,0.5967952505836287,Leaving Home
2026-01-28 09:45:00,0.0,0.0,0.0,0.0,0.0,0.1,0.6033524702388587,Leaving Home
2026-01-28 10:00:00,0.0,0.0,0.0,0.0,0.0,0.1,0.3782408920641229,Leaving Home
2026-01-28 10:15:00,0.0,0.0,0.0,0.0,0.0,0.1,0.48318221721498,Leaving Home
2026-01-28 10:30:00,0.0,0.0,0.0,0.0,0.0,0.1,0.49031249206160143,Leaving Home
2026-01-28 10:45:00,0.0,0.0,0.0,0.0,0.0,0.1,0.6822066078032527,Leaving Home
2026-01-28 11:00:00,0.0,0.0,0.0,0.0,0.0,0.1,0.6872153105684055,Leaving Home
2026-01-28 11:15:00,0.0,0.0,0.0,0.0,0.0,0.1,0.6324036442706533,Leaving Home
2026-01-28 11:30:00,0.0,0.0,0.0,0.0,0.0,0.1,0.6824102896855706,Leaving Home
2026-01-28 11:45:00,0.0,0.0,0.0,0.0,0.0,0.1,0.5835850587278226,Leaving Home
2026-01-28 12:00:00,0.0,0.0,0.0,0.0,0.0,0.1,0.7201931669539543,Leaving Home
2026-01-28 12:15:00,0.0,0.0,0.0,0.0,0.0,0.1,0.6008788442632071,Leaving Home
2026-01-28 12:30:00,0.0,0.0,0.0,0.0,0.0,0.1,0.6057864047426756,Leaving Home
2026-01-28 12:45:00,0.0,0.0,0.0,0.0,0.0,0.1,0.5734407366737588,Leaving Home
2026-01-28 13:00:00,0.0,0.0,0.0,0.0,0.0,0.1,0.6684450477636428,Leaving Home
2026-01-28 13:15:00,0.0,0.0,0.0,0.0,0.0,0.1,0.5578801183387087,Leaving Home
2026-01-28 13:30:00,0.0,0.0,0.0,0.0,0.0,0.1,0.6976431377198068,Leaving Home
2026-01-28 13:45:00,0.0,0.0,0.0,0.0,0.0,0.1,0.4867850859283993,Leaving Home
2026-01-28 14:00:00,0.0,0.0,0.0,0.0,0.0,0.1,0.4901083745271806,Leaving Home
2026-01-28 14:15:00,0.0,0.0,0.0,0.0,0.0,0.1,0.6687426755126504,Leaving Home
2026-01-28 14:30:00,0.0,0.0,0.0,0.0,0.0,0.1,0.5911455785416987,Leaving Home
2026-01-28 14:45:00,0.0,0.0,0.0,0.0,0.0,0.1,0.5546108583846872,Leaving Home
2026-01-28 15:00:00,0.0,0.0,0.0,0.0,0.0,0.1,0.689005773247546,Leaving Home
2026-01-28 15:15:00,0.0,0.0,0.0,0.0,0.0,0.1,0.5392738585913915,Leaving Home
2026-01-28 15:30:00,0.0,0.0,0.0,0.0,0.0,0.1,0.579979874569963,Leaving Home
2026-01-28 15:45:00,0.0,0.0,0.0,0.0,0.0,0.1,0.7399227950071159,Leaving Home
2026-01-28 16:00:00,0.0,0.0,0.0,0.0,0.0,0.1,0.753914234581065,Leaving Home
2026-01-28 16:15:00,0.0,0.0,0.0,0.0,0.0,0.1,0.7572398210270327,Leaving Home
2026-01-28 16:30:00,0.0,0.0,0.0,0.0,0.0,0.1,0.5717874223066088,Leaving Home
2026-01-28 16:45:00,0.0,0.0,0.0,0.0,0.0,0.1,0.7230702904984471,Leaving Home
2026-01-28 17:00:00,0.0,1.0,0.0,0.0,2.898737886467585,1.5,4.8038426036907165,Cooking
2026-01-28 17:15:00,0.0,1.0,0.0,0.0,2.7358514766685103,1.5,4.645161189196304,Cooking
2026-01-28 17:30:00,0.0,1.0,0.0,0.0,2.5149378698101783,1.5,4.279892284547742,Cooking
2026-01-28 17:45:00,0.0,1.0,0.0,0.0,2.8012211172541392,1.5,4.9685079374439916,Cooking
2026-01-28 18:00:00,0.0,1.0,0.0,0.0,2.5159771207448776,1.5,4.42957913583727,Cooking
2026-01-28 18:15:00,0.0,1.0,0.0,0.0,2.8448461473075484,1.5,4.832192889332842,Cooking
2026-01-28 18:30:00,0.0,1.0,0.0,0.0,3.4894447792783896,1.5,5.3984123450855614,Cooking
2026-01-28 18:45:00,0.0,1.0,0.0,0.0,2.3141284353682474,1.5,4.383644960201261,Cooking
2026-01-28 19:00:00,0.0,0.0,1.0,0.0,0.0,1.5,1.962436633928266,Watching TV
2026-01-28 19:15:00,0.0,0.0,1.0,0.0,0.0,1.5,1.869518310956705,Watching TV
2026-01-28 19:30:00,0.0,0.0,1.0,0.0,0.0,1.5,2.044166256418606,Watching TV
2026-01-28 19:45:00,0.0,0.0,1.0,0.0,0.0,1.5,1.856626997518977,Watching TV
2026-01-28 20:00:00,0.0,0.0,1.0,0.0,0.0,1.5,1.9162594274684508,Watching TV
2026-01-28 20:15:00,0.0,0.0,1.0,0.0,0.0,1.5,1.789311088537392,Watching TV
2026-01-28 20:30:00,0.0,0.0,1.0,0.0,0.0,1.5,1.8576041887802393,Watching TV
2026-01-28 20:45:00,0.0,0.0,1.0,0.0,0.0,1.5,2.017852916972048,Watching TV
2026-01-28 21:00:00,0.0,0.0,1.0,0.0,0.0,1.5,1.8035463961897076,Watching TV
2026-01-28 21:15:00,0.0,0.0,1.0,0.0,0.0,1.5,1.8518854275378285,Watching TV
2026-01-28 21:30:00,0.0,0.0,1.0,0.0,0.0,1.5,1.9997631083867191,Watching TV
2026-01-28 21:45:00,0.0,0.0,1.0,0.0,0.0,1.5,1.9456393103906948,Watching TV
2026-01-28 22:00:00,0.0,0.0,1.0,0.0,0.0,1.5,2.199203663595931,Watching TV
2026-01-28 22:15:00,0.0,0.0,1.0,0.0,0.0,1.5,2.1833896546024376,Watching TV
2026-01-28 22:30:00,0.0,0.0,1.0,0.0,0.0,1.5,1.9132077537248846,Watching TV
2026-01-28 22:45:00,0.0,0.0,1.0,0.0,0.0,1.5,2.055713761840348,Watching TV
2026-01-28 23:00:00,0.0,0.0,1.0,0.0,0.0,1.5,2.0749282556879454,Watching TV
2026-01-28 23:15:00,0.0,0.0,1.0,0.0,0.0,1.5,1.9402521141975597,Watching TV
2026-01-28 23:30:00,0.0,0.0,1.0,0.0,0.0,1.5,1.8504458463501796,Watching TV
2026-01-28 23:45:00,0.0,0.0,1.0,0.0,0.0,1.5,1.9987701550691943,Watching TV
2026-01-29 00:00:00,0.0,0.0,0.0,0.0,0.0,0.8938706468288518,1.3765860793474407,Sleeping
2026-01-29 00:15:00,1.0,0.0,0.0,0.0,0.0,0.9954535023870995,1.4518770526900375,Sleeping
2026-01-29 00:30:00,1.0,0.0,0.0,0.0,0.0,1.0662725826519266,1.610504269468375,Sleeping
2026-01-29 00:45:00,0.0,0.0,0.0,0.0,0.0,0.9192860017020663,1.3442130410015065,Sleeping
2026-01-29 01:00:00,0.0,0.0,0.0,0.0,0.0,0.9529756407696719,1.3377758860117575,Sleeping
2026-01-29 01:15:00,0.0,0.0,0.0,0.0,0.0,0.9570936123098542,1.4680019093448373,Sleeping
2026-01-29 01:30:00,0.0,0.0,0.0,0.0,0.0,1.0381244266478074,1.576721435904695,Sleeping
2026-01-29 01:45:00,0.0,0.0,0.0,0.0,0.0,0.9864072710144233,1.368742776624418,Sleeping
2026-01-29 02:00:00,0.0,0.0,0.0,0.0,0.0,0.9759671762566985,1.5687762373558067,Sleeping
2026-01-29 02:15:00,0.0,0.0,0.0,0.0,0.0,0.8330132333326269,1.1559651195550191,Sleeping
2026-01-29 02:30:00,0.0,0.0,0.0,0.0,0.0,1.0297394853531108,1.4719281394815464,Sleeping
2026-01-29 02:45:00,0.0,0.0,0.0,0.0,0.0,0.9898279974446955,1.4640271438249346,Sleeping
2026-01-29 03:00:00,1.0,0.0,0.0,0.0,0.0,1.1513336278355726,1.5877112565703797,Sleeping
2026-01-29 03:15:00,0.0,0.0,0.0,0.0,0.0,1.039802802996187,1.4832967556410677,Sleeping
2026-01-29 03:30:00,0.0,0.0,0.0,0.0,0.0,1.1193644865573227,1.8064719347881342,Sleeping
2026-01-29 03:45:00,0.0,0.0,0.0,0.0,0.0,0.9444691944613953,1.3593807855575055,Sleeping
2026-01-29 04:00:00,0.0,0.0,0.0,0.0,0.0,0.9667342819436827,1.710856454190874,Sleeping
2026-01-29 04:15:00,0.0,0.0,0.0,0.0,0.0,1.1093697640691442,1.6530824420422494,Sleeping
2026-01-29 04:30:00,0.0,0.0,0.0,0.0,0.0,0.9258016571908055,1.4350071709220047,Sleeping
2026-01-29 04:45:00,0.0,0.0,0.0,0.0,0.0,1.1291635226760446,1.6767875580148113,Sleeping
2026-01-29 05:00:00,0.0,0.0,0.0,0.0,0.0,0.9345598104831485,1.6875525854083437,Sleeping
2026-01-29 05:15:00,0.0,0.0,0.0,0.0,0.0,0.9069335782039613,1.3075742778108164,Sleeping
2026-01-29 05:30:00,1.0,0.0,0.0,0.0,0.0,0.9115841520056231,1.2995423601119842,Sleeping
2026-01-29 05:45:00,0.0,0.0,0.0,0.0,0.0,0.74115833677958,1.1656717171223878,Sleeping
2026-01-29 06:00:00,0.0,0.0,0.0,0.0,0.0,0.8964089014987544,1.3996232161952105,Sleeping
2026-01-29 06:15:00,0.0,0.0,0.0,0.0,0.0,0.9853441464308321,1.3127670339495747,Sleeping
2026-01-29 06:30:00,1.0,0.0,0.0,0.0,0.0,1.0752682315286057,1.5775021554604667,Sleeping
2026-01-29 06:45:00,0.0,0.0,0.0,0.0,0.0,0.8812534598261561,1.5506081731675234,Sleeping
2026-01-29 07:00:00,0.0,1.0,0.0,0.0,2.8357655858645265,1.2,4.550906324927004,Cooking
2026-01-29 07:15:00,0.0,1.0,0.0,0.0,3.2640156796939164,1.2,4.934747133796389,Cooking
2026-01-29 07:30:00,0.0,1.0,0.0,0.0,2.5300429973075818,1.2,4.168226952439219,Cooking
2026-01-29 07:45:00,0.0,1.0,0.0,0.0,2.6941560027117246,1.2,4.484007173166881,Cooking
2026-01-29 08:00:00,0.0,0.0,0.0,1.0,0.0,0.1,0.5174167226761952,Leaving Home
2026-01-29 08:15:00,0.0,0.0,0.0,1.0,0.0,0.1,0.7846395920599248,Leaving Home
2026-01-29 08:30:00,0.0,0.0,0.0,1.0,0.0,0.1,0.7933359747714357,Leaving Home
2026-01-29 08:45:00,0.0,0.0,0.0,1.0,0.0,0.1,0.6256750798661788,Leaving Home
2026-01-29 09:00:00,0.0,0.0,0.0,0.0,0.0,0.1,0.5988484911923355,Leaving Home
2026-01-29 09:15:00,0.0,0.0,0.0,0.0,0.0,0.1,0.703065980824156,Leaving Home
2026-01-29 09:30:00,0.0,0.0,0.0,0.0,0.0,0.1,0.7094798502227325,Leaving Home
2026-01-29 09:45:00,0.0,0.0,0.0,0.0,0.0,0.1,0.5194008268940584,Leaving Home
2026-01-29 10:00:00,0.0,0.0,0.0,0.0,0.0,0.1,0.5473444866863298,Leaving Home
2026-01-29 10:15:00,0.0,0.0,0.0,0.0,0.0,0.1,0.46776525653167045,Leaving Home
2026-01-29 10:30:00,0.0,0.0,0.0,0.0,0.0,0.1,0.6409064938334057,Leaving Home
2026-01-29 10:45:00,0.0,0.0,0.0,0.0,0.0,0.1,0.666662788345689,Leaving Home
2026-01-29 11:00:00,0.0,0.0,0.0,0.0,0.0,0.1,0.46500743621387264,Leaving Home
2026-01-29 11:15:00,0.0,0.0,0.0,0.0,0.0,0.1,0.5544801095183841,Leaving Home
2026-01-29 11:30:00,0.0,0.0,0.0,0.0,0.0,0.1,0.46527460824186506,Leaving Home
2026-01-29 11:45:00,0.0,0.0,0.0,0.0,0.0,0.1,0.5101200189756162,Leaving Home
2026-01-29 12:00:00,0.0,0.0,0.0,0.0,0.0,0.1,0.65510170602263,Leaving Home
2026-01-29 12:15:00,0.0,0.0,0.0,0.0,0.0,0.1,0.526651793332172,Leaving Home
2026-01-29 12:30:00,0.0,0.0,0.0,0.0,0.0,0.1,0.5699174043967702,Leaving Home
2026-01-29 12:45:00,0.0,0.0,0.0,0.0,0.0,0.1,0.4372688272052684,Leaving Home
2026-01-29 13:00:00,0.0,0.0,0.0,0.0,0.0,0.1,0.6186990209724664,Leaving Home
2026-01-29 13:15:00,0.0,0.0,0.0,0.0,0.0,0.1,0.5955726680155351,Leaving Home
2026-01-29 13:30:00,0.0,0.0,0.0,0.0,0.0,0.1,0.5271040749966838,Leaving Home
2026-01-29 13:45:00,0.0,0.0,0.0,0.0,0.0,0.1,0.5810985702317526,Leaving Home
2026-01-29 14:00:00,0.0,0.0,0.0,0.0,0.0,0.1,0.6180294880503444,Leaving Home
2026-01-29 14:15:00,0.0,0.0,0.0,0.0,0.0,0.1,0.5185131851090656,Leaving Home
2026-01-29 14:30:00,0.0,0.0,0.0,0.0,0.0,0.1,0.452373745599822,Leaving Home
2026-01-29 14:45:00,0.0,0.0,0.0,0.0,0.0,0.1,0.7805574432686815,Leaving Home
2026-01-29 15:00:00,0.0,0.0,0.0,0.0,0.0,0.1,0.5366727295289727,Leaving Home
2026-01-29 15:15:00,0.0,0.0,0.0,0.0,0.0,0.1,0.5903239896813111,Leaving Home
2026-01-29 15:30:00,0.0,0.0,0.0,0.0,0.0,0.1,0.7010839735020313,Leaving Home
2026-01-29 15:45:00,0.0,0.0,0.0,0.0,0.0,0.1,0.9529055187570484,Leaving Home
2026-01-29 16:00:00,0.0,0.0,0.0,0.0,0.0,0.1,0.47555135501111345,Leaving Home
2026-01-29 16:15:00,0.0,0.0,0.0,0.0,0.0,0.1,0.644982721372651,Leaving Home
2026-01-29 16:30:00,0.0,0.0,0.0,0.0,0.0,0.1,0.5292447714705893,Leaving Home
2026-01-29 16:45:00,0.0,0.0,0.0,0.0,0.0,0.1,0.5461209695423289,Leaving Home
2026-01-29 17:00:00,0.0,1.0,0.0,0.0,3.1555549955715976,1.5,5.083533793470918,Cooking
2026-01-29 17:15:00,0.0,1.0,0.0,0.0,2.0551753539519235,1.5,3.942609857171865,Cooking
2026-01-29 17:30:00,0.0,1.0,0.0,0.0,2.801402341927006,1.5,4.79727320574854,Cooking
2026-01-29 17:45:00,0.0,1.0,0.0,0.0,2.4488651297720723,1.5,4.301414861067249,Cooking
2026-01-29 18:00:00,0.0,1.0,0.0,0.0,3.1778344742816147,1.5,5.272515230932802,Cooking
2026-01-29 18:15:00,0.0,1.0,0.0,0.0,3.095788698097045,1.5,5.1012889917003825,Cooking
2026-01-29 18:30:00,0.0,1.0,0.0,0.0,3.284051602564323,1.5,5.326295099854468,Cooking
2026-01-29 18:45:00,0.0,1.0,0.0,0.0,2.4751722505450293,1.5,4.428553389350407,Cooking
2026-01-29 19:00:00,0.0,0.0,1.0,0.0,0.0,1.5,1.9632796065788252,Watching TV
2026-01-29 19:15:00,0.0,0.0,1.0,0.0,0.0,1.5,2.0287563905167327,Watching TV
2026-01-29 19:30:00,0.0,0.0,1.0,0.0,0.0,1.5,1.8835949367594176,Watching TV
2026-01-29 19:45:00,0.0,0.0,1.0,0.0,0.0,1.5,1.9642009565586664,Watching TV
2026-01-29 20:00:00,0.0,0.0,1.0,0.0,0.0,1.5,1.9140386486121546,Watching TV
2026-01-29 20:15:00,0.0,0.0,1.0,0.0,0.0,1.5,1.9109431189408985,Watching TV
2026-01-29 20:30:00,0.0,0.0,1.0,0.0,0.0,1.5,1.789016175937436,Watching TV
2026-01-29 20:45:00,0.0,0.0,1.0,0.0,0.0,1.5,2.133932658948,Watching TV
2026-01-29 21:00:00,0.0,0.0,1.0,0.0,0.0,1.5,1.931346124684623,Watching TV
2026-01-29 21:15:00,0.0,0.0,1.0,0.0,0.0,1.5,2.116337605516355,Watching TV
2026-01-29 21:30:00,0.0,0.0,1.0,0.0,0.0,1.5,2.106879232139429,Watching TV
2026-01-29 21:45:00,0.0,0.0,1.0,0.0,0.0,1.5,1.8714000293483506,Watching TV
2026-01-29 22:00:00,0.0,0.0,1.0,0.0,0.0,1.5,1.8911588764327154,Watching TV
2026-01-29 22:15:00,0.0,0.0,1.0,0.0,0.0,1.5,2.2560502959355686,Watching TV
2026-01-29 22:30:00,0.0,0.0,1.0,0.0,0.0,1.5,2.1750925941927144,Watching TV
2026-01-29 22:45:00,0.0,0.0,1.0,0.0,0.0,1.5,1.9968481486671896,Watching TV
2026-01-29 23:00:00,0.0,0.0,1.0,0.0,0.0,1.5,2.025737310641735,Watching TV
2026-01-29 23:15:00,0.0,0.0,1.0,0.0,0.0,1.5,1.936915359705281,Watching TV
2026-01-29 23:30:00,0.0,0.0,1.0,0.0,0.0,1.5,2.043235271420034,Watching TV
2026-01-29 23:45:00,0.0,0.0,1.0,0.0,0.0,1.5,1.9282818099277528,Watching TV
2026-01-30 00:00:00,0.0,0.0,0.0,0.0,0.0,1.0596862181074262,1.3564508416775878,Sleeping
2026-01-30 00:15:00,0.0,0.0,0.0,0.0,0.0,0.976769550626383,1.3446139719752779,Sleeping
2026-01-30 00:30:00,0.0,0.0,0.0,0.0,0.0,1.2390766164767724,1.7411858912618312,Sleeping
2026-01-30 00:45:00,0.0,0.0,0.0,0.0,0.0,1.0377092093742477,1.424602485823989,Sleeping
2026-01-30 01:00:00,0.0,0.0,0.0,0.0,0.0,0.9284936779362574,1.421765931444904,Sleeping
2026-01-30 01:15:00,0.0,0.0,0.0,0.0,0.0,0.9390099237128078,1.3315438197695215,Sleeping
2026-01-30 01:30:00,0.0,0.0,0.0,0.0,0.0,1.1177544724769586,1.5395190802267593,Sleeping
2026-01-30 01:45:00,0.0,0.0,0.0,0.0,0.0,0.9787421372011432,1.5640586678424624,Sleeping
2026-01-30 02:00:00,0.0,0.0,0.0,0.0,0.0,1.1684579746016899,1.6932060293657003,Sleeping
2026-01-30 02:15:00,0.0,0.0,0.0,0.0,0.0,1.184389869200195,1.6834234270688604,Sleeping
2026-01-30 02:30:00,0.0,0.0,0.0,0.0,0.0,1.0217416575686713,1.6096380548757363,Sleeping
2026-01-30 02:45:00,1.0,0.0,0.0,0.0,0.0,0.9673376510914432,1.515398510426178,Sleeping
2026-01-30 03:00:00,0.0,0.0,0.0,0.0,0.0,0.8935778489664492,1.538234178091586,Sleeping
2026-01-30 03:15:00,0.0,0.0,0.0,0.0,0.0,1.09952112224774,1.5535351960162258,Sleeping
2026-01-30 03:30:00,0.0,0.0,0.0,0.0,0.0,0.9036416555469958,1.3606781576942448,Sleeping
2026-01-30 03:45:00,0.0,0.0,0.0,0.0,0.0,0.8845134020325417,1.254402475393407,Sleeping
2026-01-30 04:00:00,1.0,0.0,0.0,0.0,0.0,1.0926866885751958,1.5497886168379538,Sleeping
2026-01-30 04:15:00,0.0,0.0,0.0,0.0,0.0,1.220422896929564,1.8168998863598087,Sleeping
2026-01-30 04:30:00,0.0,0.0,0.0,0.0,0.0,0.9059539710214243,1.5359527082476379,Sleeping
2026-01-30 04:45:00,1.0,0.0,0.0,0.0,0.0,1.0034624738759246,1.5994929906845914,Sleeping
2026-01-30 05:00:00,0.0,0.0,0.0,0.0,0.0,1.0235317961439099,1.3441126094889664,Sleeping
2026-01-30 05:15:00,0.0,0.0,0.0,0.0,0.0,0.9459896906401215,1.554304211906195,Sleeping
2026-01-30 05:30:00,0.0,0.0,0.0,0.0,0.0,0.9498753861766521,1.266023523849445,Sleeping
2026-01-30 05:45:00,0.0,0.0,0.0,0.0,0.0,1.1426592980324466,1.7324710304446813,Sleeping
2026-01-30 06:00:00,0.0,0.0,0.0,0.0,0.0,0.9603853910062679,1.4236069383491623,Sleeping
2026-01-30 06:15:00,1.0,0.0,0.0,0.0,0.0,0.9232488353232564,1.493502166716642,Sleeping
2026-01-30 06:30:00,0.0,0.0,0.0,0.0,0.0,0.9085718689203358,1.2753270341308793,Sleeping
2026-01-30 06:45:00,0.0,0.0,0.0,0.0,0.0,0.9424055188576272,1.559522282128242,Sleeping
2026-01-30 07:00:00,0.0,1.0,0.0,0.0,2.27702814306942,1.2,3.8305306684589313,Cooking
2026-01-30 07:15:00,0.0,1.0,0.0,0.0,2.5565702285265113,1.2,4.1897247374411934,Cooking
2026-01-30 07:30:00,0.0,1.0,0.0,0.0,2.305826530849421,1.2,3.9060170680725177,Cooking
2026-01-30 07:45:00,0.0,1.0,0.0,0.0,2.3471904444658436,1.2,3.8717619591835932,Cooking
2026-01-30 08:00:00,0.0,0.0,0.0,1.0,0.0,0.1,0.6094527567588468,Leaving Home
2026-01-30 08:15:00,0.0,0.0,0.0,1.0,0.0,0.1,0.7806089117836962,Leaving Home
2026-01-30 08:30:00,0.0,0.0,0.0,1.0,0.0,0.1,0.8666905222320008,Leaving Home
2026-01-30 08:45:00,0.0,0.0,0.0,1.0,0.0,0.1,0.6097155787086248,Leaving Home
2026-01-30 09:00:00,0.0,0.0,0.0,0.0,0.0,0.1,0.7116681275067522,Leaving Home
2026-01-30 09:15:00,0.0,0.0,0.0,0.0,0.0,0.1,0.6232094637928537,Leaving Home
2026-01-30 09:30:00,0.0,0.0,0.0,0.0,0.0,0.1,0.6498883194768212,Leaving Home
2026-01-30 09:45:00,0.0,0.0,0.0,0.0,0.0,0.1,0.5657851348872761,Leaving Home
2026-01-30 10:00:00,0.0,0.0,0.0,0.0,0.0,0.1,0.6195076925422602,Leaving Home
2026-01-30 10:15:00,0.0,0.0,0.0,0.0,0.0,0.1,0.6537478704606429,Leaving Home
2026-01-30 10:30:00,0.0,0.0,0.0,0.0,0.0,0.1,0.5421540271123668,Leaving Home
2026-01-30 10:45:00,0.0,0.0,0.0,0.0,0.0,0.1,0.5922505700107012,Leaving Home
2026-01-30 11:00:00,0.0,0.0,0.0,0.0,0.0,0.1,0.5941569881002512,Leaving Home
2026-01-30 11:15:00,0.0,0.0,0.0,0.0,0.0,0.1,0.6826403317330524,Leaving Home
2026-01-30 11:30:00,0.0,0.0,0.0,0.0,0.0,0.1,0.493396782837232,Leaving Home
2026-01-30 11:45:00,0.0,0.0,0.0,0.0,0.0,0.1,0.5948457791392349,Leaving Home
2026-01-30 12:00:00,0.0,0.0,0.0,0.0,0.0,0.1,0.7912005469052698,Leaving Home
2026-01-30 12:15:00,0.0,0.0,0.0,0.0,0.0,0.1,0.7164060152585937,Leaving Home
2026-01-30 12:30:00,0.0,0.0,0.0,0.0,0.0,0.1,0.7349179048888705,Leaving Home
2026-01-30 12:45:00,0.0,0.0,0.0,0.0,0.0,0.1,0.6024431840178034,Leaving Home
2026-01-30 13:00:00,0.0,0.0,0.0,0.0,0.0,0.1,0.6320997563686023,Leaving Home
2026-01-30 13:15:00,0.0,0.0,0.0,0.0,0.0,0.1,0.7002236166702925,Leaving Home
2026-01-30 13:30:00,0.0,0.0,0.0,0.0,0.0,0.1,0.756025552953093,Leaving Home
2026-01-30 13:45:00,0.0,0.0,0.0,0.0,0.0,0.1,0.40483970871171127,Leaving Home
2026-01-30 14:00:00,0.0,0.0,0.0,0.0,0.0,0.1,0.46845586929501537,Leaving Home
2026-01-30 14:15:00,0.0,0.0,0.0,0.0,0.0,0.1,0.7309444101402648,Leaving Home
2026-01-30 14:30:00,0.0,0.0,0.0,0.0,0.0,0.1,0.5723110644231196,Leaving Home
2026-01-30 14:45:00,0.0,0.0,0.0,0.0,0.0,0.1,0.5328279210741923,Leaving Home
2026-01-30 15:00:00,0.0,0.0,0.0,0.0,0.0,0.1,0.4745839013004396,Leaving Home
2026-01-30 15:15:00,0.0,0.0,0.0,0.0,0.0,0.1,0.5444983298455891,Leaving Home
2026-01-30 15:30:00,0.0,0.0,0.0,0.0,0.0,0.1,0.45976307165761754,Leaving Home
2026-01-30 15:45:00,0.0,0.0,0.0,0.0,0.0,0.1,0.8091094272732476,Leaving Home
2026-01-30 16:00:00,0.0,0.0,0.0,0.0,0.0,0.1,0.5977563948019426,Leaving Home
2026-01-30 16:15:00,0.0,0.0,0.0,0.0,0.0,0.1,0.5942049458237283,Leaving Home
2026-01-30 16:30:00,0.0,0.0,0.0,0.0,0.0,0.1,0.6588076675167832,Leaving Home
2026-01-30 16:45:00,0.0,0.0,0.0,0.0,0.0,0.1,0.6962345169266569,Leaving Home
2026-01-30 17:00:00,0.0,1.0,0.0,0.0,2.852878747181771,1.5,4.947467562837235,Cooking
2026-01-30 17:15:00,0.0,1.0,0.0,0.0,3.678291692913991,1.5,5.785653887304748,Cooking
2026-01-30 17:30:00,0.0,1.0,0.0,0.0,3.5730150720710325,1.5,5.509930516991947,Cooking
2026-01-30 17:45:00,0.0,1.0,0.0,0.0,2.611314257577047,1.5,4.581527577081361,Cooking
2026-01-30 18:00:00,0.0,1.0,0.0,0.0,3.814821065556399,1.5,5.8917242311006275,Cooking
2026-01-30 18:15:00,0.0,1.0,0.0,0.0,2.8136622080240126,1.5,4.760923301860051,Cooking
2026-01-30 18:30:00,0.0,1.0,0.0,0.0,2.878650626087359,1.5,4.878139962884637,Cooking
2026-01-30 18:45:00,0.0,1.0,0.0,0.0,2.0549949144085287,1.5,4.09487129085101,Cooking
2026-01-30 19:00:00,0.0,0.0,1.0,0.0,0.0,1.5,2.0785185082310376,Watching TV
2026-01-30 19:15:00,0.0,0.0,1.0,0.0,0.0,1.5,1.82223190376298,Watching TV
2026-01-30 19:30:00,0.0,0.0,1.0,0.0,0.0,1.5,2.0714745649888946,Watching TV
2026-01-30 19:45:00,0.0,0.0,1.0,0.0,0.0,1.5,1.9766275942148275,Watching TV
2026-01-30 20:00:00,0.0,0.0,1.0,0.0,0.0,1.5,2.070745771086438,Watching TV
2026-01-30 20:15:00,0.0,0.0,1.0,0.0,0.0,1.5,2.077693169235483,Watching TV
2026-01-30 20:30:00,0.0,0.0,1.0,0.0,0.0,1.5,2.1607915061119156,Watching TV
2026-01-30 20:45:00,0.0,0.0,1.0,0.0,0.0,1.5,2.13534536476212,Watching TV
2026-01-30 21:00:00,0.0,0.0,1.0,0.0,0.0,1.5,2.1346571662610296,Watching TV
2026-01-30 21:15:00,0.0,0.0,1.0,0.0,0.0,1.5,2.144367031916624,Watching TV
2026-01-30 21:30:00,0.0,0.0,1.0,0.0,0.0,1.5,2.0291378984815944,Watching TV
2026-01-30 21:45:00,0.0,1.0,1.0,0.0,5.0,1.5,7.003218508703684,Anomalous Activity
2026-01-30 22:00:00,0.0,0.0,1.0,0.0,0.0,1.5,2.0872817083178337,Watching TV
2026-01-30 22:15:00,0.0,0.0,1.0,0.0,0.0,1.5,2.0732080951433023,Watching TV
2026-01-30 22:30:00,0.0,0.0,1.0,0.0,0.0,1.5,1.969093376326174,Watching TV
2026-01-30 22:45:00,0.0,0.0,1.0,0.0,0.0,1.5,2.0404823408808266,Watching TV
2026-01-30 23:00:00,0.0,0.0,1.0,0.0,0.0,1.5,1.9964903533215406,Watching TV
2026-01-30 23:15:00,0.0,0.0,1.0,0.0,0.0,1.5,1.9146067091539944,Watching TV
2026-01-30 23:30:00,0.0,0.0,1.0,0.0,0.0,1.5,2.129046074137635,Watching TV
2026-01-30 23:45:00,0.0,0.0,1.0,0.0,0.0,1.5,2.005519924253009,Watching TV
