timestamp,household_id,person_id,room,motion,door,light,tv_on,power_kw,activity
2026-09-01 00:11:00,H001,P001,Bedroom,Yes,No,No,No,0.05,Sleeping
2026-09-01 00:57:00,H001,P001,Bedroom,Yes,No,No,No,0.07,Sleeping
2026-09-01 05:03:00,H001,P001,Bedroom,Yes,Yes,No,No,0.05,Sleeping
2026-09-01 06:42:00,H001,P001,Living Room,Yes,No,Yes,No,0.17,Exercise
2026-09-01 06:57:00,H001,P001,Living Room,Yes,No,Yes,No,0.18,Exercise
2026-09-01 07:06:00,H001,P001,Living Room,Yes,Yes,Yes,No,0.18,Exercise
2026-09-01 07:14:00,H001,P001,Living Room,Yes,No,Yes,No,0.22,Exercise
2026-09-01 07:14:00,H001,P001,Kitchen,Yes,No,Yes,No,0.94,Cooking
2026-09-01 07:20:00,H001,P001,Kitchen,Yes,No,Yes,No,1.05,Cooking
2026-09-01 07:30:00,H001,P001,Kitchen,Yes,No,Yes,No,0.82,Cooking
2026-09-01 07:32:00,H001,P001,Kitchen,Yes,Yes,Yes,No,1.17,Cooking
2026-09-01 07:43:00,H001,P001,Kitchen,Yes,No,Yes,No,1.08,Cooking
2026-09-01 07:48:00,H001,P001,Kitchen,Yes,No,Yes,No,0.32,Eating
2026-09-01 07:53:00,H001,P001,Kitchen,Yes,No,Yes,No,0.28,Eating
2026-09-01 08:04:00,H001,P001,Kitchen,Yes,No,Yes,No,0.4,Eating
2026-09-01 08:36:00,H001,P001,Living Room,Yes,No,Yes,No,0.32,Working
2026-09-01 08:50:00,H001,P001,Living Room,Yes,No,Yes,No,0.27,Working
2026-09-01 10:07:00,H001,P001,Living Room,Yes,No,Yes,No,0.31,Working
2026-09-01 10:12:00,H001,P001,Living Room,Yes,No,Yes,No,0.23,Working
2026-09-01 11:34:00,H001,P001,Living Room,Yes,Yes,Yes,No,0.34,Working
2026-09-01 12:41:00,H001,P001,Kitchen,Yes,No,Yes,No,0.36,Eating
2026-09-01 12:48:00,H001,P001,Kitchen,Yes,No,Yes,No,0.38,Eating
2026-09-01 13:08:00,H001,P001,Kitchen,Yes,No,Yes,No,0.34,Eating
2026-09-01 13:08:00,H001,P001,Kitchen,Yes,No,Yes,No,0.4,Eating
2026-09-01 13:13:00,H001,P001,Kitchen,Yes,Yes,Yes,No,0.27,Eating
2026-09-01 13:59:00,H001,P001,Living Room,Yes,No,Yes,No,0.3,Working
2026-09-01 15:17:00,H001,P001,Living Room,Yes,No,Yes,No,0.27,Working
2026-09-01 15:43:00,H001,P001,Living Room,Yes,No,Yes,No,0.28,Working
2026-09-01 17:42:00,H001,P001,Living Room,Yes,Yes,Yes,Yes,0.17,Relaxing
2026-09-01 17:52:00,H001,P001,Living Room,Yes,No,Yes,Yes,0.13,Relaxing
2026-09-01 18:09:00,H001,P001,Living Room,Yes,No,Yes,Yes,0.15,Relaxing
2026-09-01 18:37:00,H001,P001,Kitchen,Yes,No,Yes,No,1.13,Cooking
2026-09-01 18:39:00,H001,P001,Kitchen,Yes,No,Yes,No,0.86,Cooking
2026-09-01 18:58:00,H001,P001,Kitchen,Yes,No,Yes,No,1.0,Cooking
2026-09-01 18:59:00,H001,P001,Kitchen,Yes,No,Yes,No,0.84,Cooking
2026-09-01 19:09:00,H001,P001,Kitchen,Yes,No,Yes,No,1.0,Cooking
2026-09-01 19:16:00,H001,P001,Kitchen,Yes,No,Yes,No,0.37,Eating
2026-09-01 19:24:00,H001,P001,Kitchen,Yes,No,Yes,No,0.34,Eating
2026-09-01 19:25:00,H001,P001,Kitchen,Yes,No,Yes,No,0.34,Eating
2026-09-01 19:31:00,H001,P001,Kitchen,Yes,No,Yes,No,0.35,Eating
2026-09-01 19:46:00,H001,P001,Kitchen,Yes,Yes,Yes,No,0.32,Eating
2026-09-01 19:47:00,H001,P001,Living Room,Yes,No,Yes,Yes,0.13,Watching TV
2026-09-01 19:59:00,H001,P001,Living Room,Yes,No,Yes,Yes,0.2,Watching TV
2026-09-01 20:02:00,H001,P001,Living Room,Yes,No,Yes,Yes,0.13,Watching TV
2026-09-01 21:37:00,H001,P001,Living Room,Yes,No,Yes,Yes,0.18,Watching TV
2026-09-01 21:41:00,H001,P001,Living Room,Yes,No,Yes,Yes,0.13,Watching TV
2026-09-01 22:40:00,H001,P001,Bedroom,Yes,No,No,No,0.07,Sleeping
2026-09-01 22:55:00,H001,P001,Bedroom,Yes,No,No,No,0.06,Sleeping
2026-09-01 23:01:00,H001,P001,Bedroom,Yes,No,No,No,0.05,Sleeping
2026-09-01 23:36:00,H001,P001,Bedroom,Yes,No,No,No,0.06,Sleeping
2026-09-02 01:36:00,H001,P001,Bedroom,Yes,No,No,No,0.05,Sleeping
2026-09-02 03:26:00,H001,P001,Bedroom,Yes,No,No,No,0.05,Sleeping
2026-09-02 05:49:00,H001,P001,Bedroom,Yes,No,No,No,0.05,Sleeping
2026-09-02 06:42:00,H001,P001,Living Room,Yes,No,Yes,No,0.22,Exercise
2026-09-02 06:49:00,H001,P001,Living Room,Yes,No,Yes,No,0.29,Exercise
2026-09-02 06:59:00,H001,P001,Living Room,Yes,No,Yes,No,0.29,Exercise
2026-09-02 07:01:00,H001,P001,Living Room,Yes,Yes,Yes,No,0.25,Exercise
2026-09-02 07:20:00,H001,P001,Kitchen,Yes,No,Yes,No,0.82,Cooking
2026-09-02 07:25:00,H001,P001,Kitchen,Yes,No,Yes,No,1.09,Cooking
2026-09-02 07:26:00,H001,P001,Kitchen,Yes,No,Yes,No,1.11,Cooking
2026-09-02 07:38:00,H001,P001,Kitchen,Yes,No,Yes,No,0.8,Cooking
2026-09-02 07:41:00,H001,P001,Kitchen,Yes,Yes,Yes,No,0.93,Cooking
2026-09-02 07:43:00,H001,P001,Kitchen,Yes,No,Yes,No,0.99,Cooking
2026-09-02 07:45:00,H001,P001,Kitchen,Yes,No,Yes,No,0.26,Eating
2026-09-02 07:46:00,H001,P001,Kitchen,Yes,No,Yes,No,0.35,Eating
2026-09-02 08:05:00,H001,P001,Kitchen,Yes,No,Yes,No,0.38,Eating
2026-09-02 08:34:00,H001,P001,Living Room,Yes,Yes,Yes,No,0.29,Working
2026-09-02 10:11:00,H001,P001,Living Room,Yes,No,Yes,No,0.29,Working
2026-09-02 10:50:00,H001,P001,Living Room,Yes,No,Yes,No,0.3,Working
2026-09-02 11:32:00,H001,P001,Living Room,Yes,No,Yes,No,0.28,Working
2026-09-02 12:32:00,H001,P001,Kitchen,Yes,No,Yes,No,0.33,Eating
2026-09-02 12:32:00,H001,P001,Kitchen,Yes,No,Yes,No,0.33,Eating
2026-09-02 12:38:00,H001,P001,Kitchen,Yes,No,Yes,No,0.38,Eating
2026-09-02 12:52:00,H001,P001,Kitchen,Yes,No,Yes,No,0.38,Eating
2026-09-02 12:59:00,H001,P001,Kitchen,Yes,No,Yes,No,0.39,Eating
2026-09-02 14:08:00,H001,P001,Living Room,Yes,No,Yes,No,0.29,Working
2026-09-02 15:35:00,H001,P001,Living Room,Yes,No,Yes,No,0.2,Working
2026-09-02 15:56:00,H001,P001,Living Room,Yes,No,Yes,No,0.29,Working
2026-09-02 16:28:00,H001,P001,Living Room,Yes,No,Yes,No,0.23,Working
2026-09-02 16:56:00,H001,P001,Living Room,Yes,No,Yes,No,0.33,Working
2026-09-02 17:27:00,H001,P001,Living Room,Yes,No,Yes,Yes,0.11,Relaxing
2026-09-02 17:29:00,H001,P001,Living Room,Yes,No,Yes,Yes,0.18,Relaxing
2026-09-02 17:43:00,H001,P001,Living Room,Yes,No,Yes,Yes,0.16,Relaxing
2026-09-02 18:00:00,H001,P001,Living Room,Yes,Yes,Yes,Yes,0.11,Relaxing
2026-09-02 18:04:00,H001,P001,Living Room,Yes,No,Yes,Yes,0.19,Relaxing
2026-09-02 18:32:00,H001,P001,Kitchen,Yes,No,Yes,No,0.9,Cooking
2026-09-02 18:36:00,H001,P001,Kitchen,Yes,No,Yes,No,1.15,Cooking
2026-09-02 18:40:00,H001,P001,Kitchen,Yes,Yes,Yes,No,0.92,Cooking
2026-09-02 18:59:00,H001,P001,Kitchen,Yes,No,Yes,No,1.03,Cooking
2026-09-02 19:22:00,H001,P001,Kitchen,Yes,No,Yes,No,0.4,Eating
2026-09-02 19:27:00,H001,P001,Kitchen,Yes,Yes,Yes,No,0.36,Eating
2026-09-02 19:29:00,H001,P001,Kitchen,Yes,No,Yes,No,0.36,Eating
2026-09-02 19:34:00,H001,P001,Kitchen,Yes,No,Yes,No,0.28,Eating
2026-09-02 19:37:00,H001,P001,Kitchen,Yes,No,Yes,No,0.38,Eating
2026-09-02 19:44:00,H001,P001,Kitchen,Yes,No,Yes,No,0.37,Eating
2026-09-02 19:53:00,H001,P001,Living Room,Yes,No,Yes,Yes,0.15,Watching TV
2026-09-02 20:42:00,H001,P001,Living Room,Yes,No,Yes,Yes,0.17,Watching TV
2026-09-02 20:57:00,H001,P001,Living Room,Yes,No,Yes,Yes,0.16,Watching TV
2026-09-02 21:37:00,H001,P001,Living Room,Yes,No,Yes,Yes,0.19,Watching TV
2026-09-02 22:00:00,H001,P001,Bedroom,Yes,No,No,No,0.06,Sleeping
2026-09-02 22:06:00,H001,P001,Bedroom,Yes,Yes,No,No,0.08,Sleeping
2026-09-02 22:15:00,H001,P001,Bedroom,Yes,No,No,No,0.06,Sleeping
2026-09-02 23:13:00,H001,P001,Bedroom,Yes,No,No,No,0.07,Sleeping
2026-09-02 23:40:00,H001,P001,Bedroom,Yes,No,No,No,0.08,Sleeping
2026-09-03 02:48:00,H001,P001,Bedroom,Yes,No,No,No,0.07,Sleeping
2026-09-03 02:53:00,H001,P001,Bedroom,Yes,No,No,No,0.08,Sleeping
2026-09-03 03:07:00,H001,P001,Bedroom,Yes,Yes,No,No,0.07,Sleeping
2026-09-03 06:07:00,H001,P001,Bedroom,Yes,No,No,No,0.07,Sleeping
2026-09-03 06:29:00,H001,P001,Living Room,Yes,No,Yes,No,0.21,Exercise
2026-09-03 06:45:00,H001,P001,Living Room,Yes,No,Yes,No,0.21,Exercise
2026-09-03 07:01:00,H001,P001,Living Room,Yes,No,Yes,No,0.25,Exercise
2026-09-03 07:11:00,H001,P001,Living Room,Yes,No,Yes,No,0.22,Exercise
2026-09-03 07:18:00,H001,P001,Kitchen,Yes,Yes,Yes,No,0.9,Cooking
2026-09-03 07:34:00,H001,P001,Kitchen,Yes,No,Yes,No,1.12,Cooking
2026-09-03 07:34:00,H001,P001,Kitchen,Yes,No,Yes,No,0.83,Cooking
2026-09-03 07:37:00,H001,P001,Kitchen,Yes,No,Yes,No,0.91,Cooking
2026-09-03 07:37:00,H001,P001,Kitchen,Yes,No,Yes,No,0.89,Cooking
2026-09-03 07:41:00,H001,P001,Kitchen,Yes,No,Yes,No,0.84,Cooking
2026-09-03 07:41:00,H001,P001,Kitchen,Yes,No,Yes,No,0.28,Eating
2026-09-03 07:50:00,H001,P001,Kitchen,Yes,Yes,Yes,No,0.32,Eating
2026-09-03 08:01:00,H001,P001,Kitchen,Yes,No,Yes,No,0.35,Eating
2026-09-03 08:04:00,H001,P001,Kitchen,Yes,No,Yes,No,0.39,Eating
2026-09-03 08:09:00,H001,P001,Kitchen,Yes,No,Yes,No,0.35,Eating
2026-09-03 08:10:00,H001,P001,Kitchen,Yes,No,Yes,No,0.33,Eating
2026-09-03 09:25:00,H001,P001,Living Room,Yes,No,Yes,No,0.21,Working
2026-09-03 09:33:00,H001,P001,Living Room,Yes,No,Yes,No,0.31,Working
2026-09-03 10:34:00,H001,P001,Living Room,Yes,No,Yes,No,0.22,Working
2026-09-03 11:01:00,H001,P001,Living Room,Yes,No,Yes,No,0.19,Working
2026-09-03 11:51:00,H001,P001,Living Room,Yes,No,Yes,No,0.22,Working
2026-09-03 12:29:00,H001,P001,Living Room,Yes,No,Yes,No,0.27,Working
2026-09-03 12:35:00,H001,P001,Kitchen,Yes,No,Yes,No,0.33,Eating
2026-09-03 12:51:00,H001,P001,Kitchen,Yes,No,Yes,No,0.31,Eating
2026-09-03 12:56:00,H001,P001,Kitchen,Yes,Yes,Yes,No,0.3,Eating
2026-09-03 13:02:00,H001,P001,Kitchen,Yes,No,Yes,No,0.36,Eating
2026-09-03 14:25:00,H001,P001,Living Room,Yes,No,Yes,No,0.25,Working
2026-09-03 15:26:00,H001,P001,Living Room,Yes,No,Yes,No,0.28,Working
2026-09-03 16:11:00,H001,P001,Living Room,Yes,No,Yes,No,0.3,Working
2026-09-03 16:43:00,H001,P001,Living Room,Yes,No,Yes,No,0.26,Working
2026-09-03 16:52:00,H001,P001,Living Room,Yes,No,Yes,No,0.35,Working
2026-09-03 16:54:00,H001,P001,Living Room,Yes,No,Yes,No,0.3,Working
2026-09-03 17:36:00,H001,P001,Living Room,Yes,No,Yes,Yes,0.13,Relaxing
2026-09-03 17:40:00,H001,P001,Living Room,Yes,No,Yes,Yes,0.19,Relaxing
2026-09-03 17:59:00,H001,P001,Living Room,Yes,No,Yes,Yes,0.19,Relaxing
2026-09-03 18:29:00,H001,P001,Kitchen,Yes,No,Yes,No,0.81,Cooking
2026-09-03 18:37:00,H001,P001,Kitchen,Yes,Yes,Yes,No,1.07,Cooking
2026-09-03 18:55:00,H001,P001,Kitchen,Yes,No,Yes,No,0.99,Cooking
2026-09-03 18:59:00,H001,P001,Kitchen,Yes,No,Yes,No,0.94,Cooking
2026-09-03 19:07:00,H001,P001,Kitchen,Yes,No,Yes,No,1.06,Cooking
2026-09-03 19:15:00,H001,P001,Kitchen,Yes,No,Yes,No,0.39,Eating
2026-09-03 19:19:00,H001,P001,Kitchen,Yes,No,Yes,No,0.27,Eating
2026-09-03 19:40:00,H001,P001,Kitchen,Yes,No,Yes,No,0.28,Eating
2026-09-03 19:43:00,H001,P001,Kitchen,Yes,No,Yes,No,0.28,Eating
2026-09-03 20:15:00,H001,P001,Living Room,Yes,No,Yes,Yes,0.2,Watching TV
2026-09-03 20:24:00,H001,P001,Living Room,Yes,No,Yes,Yes,0.17,Watching TV
2026-09-03 21:12:00,H001,P001,Living Room,Yes,No,Yes,Yes,0.23,Watching TV
2026-09-03 21:44:00,H001,P001,Living Room,Yes,No,Yes,Yes,0.19,Watching TV
2026-09-03 22:55:00,H001,P001,Bedroom,Yes,No,No,No,0.07,Sleeping
2026-09-03 23:22:00,H001,P001,Bedroom,Yes,No,No,No,0.08,Sleeping
2026-09-03 23:27:00,H001,P001,Bedroom,Yes,No,No,No,0.07,Sleeping
2026-09-04 02:12:00,H001,P001,Bedroom,Yes,No,No,No,0.07,Sleeping
2026-09-04 02:43:00,H001,P001,Bedroom,Yes,No,No,No,0.05,Sleeping
2026-09-04 02:43:00,H001,P001,Bedroom,Yes,No,No,No,0.06,Sleeping
2026-09-04 03:48:00,H001,P001,Bedroom,Yes,No,No,No,0.07,Sleeping
2026-09-04 03:59:00,H001,P001,Bedroom,Yes,No,No,No,0.07,Sleeping
2026-09-04 05:43:00,H001,P001,Bedroom,Yes,No,No,No,0.06,Sleeping
2026-09-04 06:27:00,H001,P001,Living Room,Yes,No,Yes,No,0.21,Exercise
2026-09-04 06:44:00,H001,P001,Living Room,Yes,No,Yes,No,0.21,Exercise
2026-09-04 06:46:00,H001,P001,Living Room,Yes,No,Yes,No,0.26,Exercise
2026-09-04 07:00:00,H001,P001,Living Room,Yes,No,Yes,No,0.18,Exercise
2026-09-04 07:16:00,H001,P001,Living Room,Yes,No,Yes,No,0.22,Exercise
2026-09-04 07:21:00,H001,P001,Kitchen,Yes,Yes,Yes,No,1.01,Cooking
2026-09-04 07:22:00,H001,P001,Kitchen,Yes,No,Yes,No,0.85,Cooking
2026-09-04 07:27:00,H001,P001,Kitchen,Yes,No,Yes,No,1.01,Cooking
2026-09-04 07:31:00,H001,P001,Kitchen,Yes,No,Yes,No,1.08,Cooking
2026-09-04 07:36:00,H001,P001,Kitchen,Yes,No,Yes,No,1.1,Cooking
2026-09-04 07:41:00,H001,P001,Kitchen,Yes,No,Yes,No,0.35,Eating
2026-09-04 07:46:00,H001,P001,Kitchen,Yes,No,Yes,No,0.3,Eating
2026-09-04 07:49:00,H001,P001,Kitchen,Yes,No,Yes,No,0.27,Eating
2026-09-04 07:49:00,H001,P001,Kitchen,Yes,No,Yes,No,0.32,Eating
2026-09-04 07:54:00,H001,P001,Kitchen,Yes,No,Yes,No,0.32,Eating
2026-09-04 08:34:00,H001,P001,Living Room,Yes,Yes,Yes,No,0.28,Working
2026-09-04 09:04:00,H001,P001,Living Room,Yes,No,Yes,No,0.19,Working
2026-09-04 09:39:00,H001,P001,Living Room,Yes,No,Yes,No,0.33,Working
2026-09-04 10:41:00,H001,P001,Living Room,Yes,No,Yes,No,0.2,Working
2026-09-04 11:47:00,H001,P001,Living Room,Yes,No,Yes,No,0.29,Working
2026-09-04 12:32:00,H001,P001,Kitchen,Yes,No,Yes,No,0.33,Eating
2026-09-04 12:34:00,H001,P001,Kitchen,Yes,No,Yes,No,0.29,Eating
2026-09-04 12:35:00,H001,P001,Kitchen,Yes,No,Yes,No,0.35,Eating
2026-09-04 12:56:00,H001,P001,Kitchen,Yes,No,Yes,No,0.26,Eating
2026-09-04 12:59:00,H001,P001,Kitchen,Yes,Yes,Yes,No,0.29,Eating
2026-09-04 13:00:00,H001,P001,Kitchen,Yes,No,Yes,No,0.34,Eating
2026-09-04 13:52:00,H001,P001,Living Room,Yes,No,Yes,No,0.19,Working
2026-09-04 13:56:00,H001,P001,Living Room,Yes,No,Yes,No,0.32,Working
2026-09-04 14:06:00,H001,P001,Living Room,Yes,Yes,Yes,No,0.22,Working
2026-09-04 14:27:00,H001,P001,Living Room,Yes,No,Yes,No,0.32,Working
2026-09-04 16:16:00,H001,P001,Living Room,Yes,Yes,Yes,No,0.22,Working
2026-09-04 17:39:00,H001,P001,Living Room,Yes,Yes,Yes,Yes,0.14,Relaxing
2026-09-04 17:54:00,H001,P001,Living Room,Yes,No,Yes,Yes,0.13,Relaxing
2026-09-04 17:54:00,H001,P001,Living Room,Yes,No,Yes,Yes,0.15,Relaxing
2026-09-04 17:54:00,H001,P001,Living Room,Yes,No,Yes,Yes,0.11,Relaxing
2026-09-04 18:17:00,H001,P001,Living Room,Yes,No,Yes,Yes,0.1,Relaxing
2026-09-04 18:37:00,H001,P001,Kitchen,Yes,No,Yes,No,0.93,Cooking
2026-09-04 19:01:00,H001,P001,Kitchen,Yes,No,Yes,No,0.87,Cooking
2026-09-04 19:08:00,H001,P001,Kitchen,Yes,No,Yes,No,0.91,Cooking
2026-09-04 19:08:00,H001,P001,Kitchen,Yes,No,Yes,No,1.0,Cooking
2026-09-04 19:08:00,H001,P001,Kitchen,Yes,No,Yes,No,0.93,Cooking
2026-09-04 19:16:00,H001,P001,Kitchen,Yes,No,Yes,No,0.34,Eating
2026-09-04 19:19:00,H001,P001,Kitchen,Yes,Yes,Yes,No,0.29,Eating
2026-09-04 19:20:00,H001,P001,Kitchen,Yes,No,Yes,No,0.32,Eating
2026-09-04 19:23:00,H001,P001,Kitchen,Yes,No,Yes,No,0.37,Eating
2026-09-04 19:38:00,H001,P001,Kitchen,Yes,No,Yes,No,0.37,Eating
2026-09-04 19:51:00,H001,P001,Kitchen,Yes,No,Yes,No,0.26,Eating
2026-09-04 20:16:00,H001,P001,Living Room,Yes,No,Yes,Yes,0.2,Watching TV
2026-09-04 20:21:00,H001,P001,Living Room,Yes,No,Yes,Yes,0.2,Watching TV
2026-09-04 20:22:00,H001,P001,Living Room,Yes,No,Yes,Yes,0.21,Watching TV
2026-09-04 20:48:00,H001,P001,Living Room,Yes,No,Yes,Yes,0.12,Watching TV
2026-09-04 21:30:00,H001,P001,Living Room,Yes,No,Yes,Yes,0.23,Watching TV
2026-09-04 23:02:00,H001,P001,Bedroom,Yes,No,No,No,0.06,Sleeping
2026-09-04 23:02:00,H001,P001,Bedroom,Yes,No,No,No,0.06,Sleeping
2026-09-04 23:07:00,H001,P001,Bedroom,Yes,No,No,No,0.08,Sleeping
2026-09-04 23:48:00,H001,P001,Bedroom,Yes,No,No,No,0.06,Sleeping
2026-09-05 02:57:00,H001,P001,Bedroom,Yes,No,No,No,0.05,Sleeping
2026-09-05 03:15:00,H001,P001,Bedroom,Yes,No,No,No,0.08,Sleeping
2026-09-05 04:07:00,H001,P001,Bedroom,Yes,No,No,No,0.07,Sleeping
2026-09-05 05:39:00,H001,P001,Bedroom,Yes,No,No,No,0.06,Sleeping
2026-09-05 05:55:00,H001,P001,Bedroom,Yes,No,No,No,0.06,Sleeping
2026-09-05 06:10:00,H001,P001,Bedroom,Yes,No,No,No,0.07,Sleeping
2026-09-05 06:32:00,H001,P001,Living Room,Yes,No,Yes,No,0.26,Exercise
2026-09-05 06:40:00,H001,P001,Living Room,Yes,No,Yes,No,0.3,Exercise
2026-09-05 06:54:00,H001,P001,Living Room,Yes,No,Yes,No,0.22,Exercise
2026-09-05 06:55:00,H001,P001,Living Room,Yes,No,Yes,No,0.27,Exercise
2026-09-05 07:06:00,H001,P001,Living Room,Yes,No,Yes,No,0.17,Exercise
2026-09-05 07:08:00,H001,P001,Living Room,Yes,No,Yes,No,0.16,Exercise
2026-09-05 07:29:00,H001,P001,Kitchen,Yes,No,Yes,No,1.08,Cooking
2026-09-05 07:31:00,H001,P001,Kitchen,Yes,No,Yes,No,1.14,Cooking
2026-09-05 07:40:00,H001,P001,Kitchen,Yes,No,Yes,No,0.26,Eating
2026-09-05 07:45:00,H001,P001,Kitchen,Yes,No,Yes,No,0.93,Cooking
2026-09-05 07:50:00,H001,P001,Kitchen,Yes,No,Yes,No,0.29,Eating
2026-09-05 07:54:00,H001,P001,Kitchen,Yes,No,Yes,No,0.36,Eating
2026-09-05 07:56:00,H001,P001,Kitchen,Yes,No,Yes,No,0.29,Eating
2026-09-05 07:57:00,H001,P001,Kitchen,Yes,No,Yes,No,0.29,Eating
2026-09-05 08:05:00,H001,P001,Kitchen,Yes,No,Yes,No,0.36,Eating
2026-09-05 09:21:00,H001,P001,Living Room,Yes,No,Yes,No,0.22,Working
2026-09-05 09:39:00,H001,P001,Living Room,Yes,No,Yes,No,0.28,Working
2026-09-05 10:25:00,H001,P001,Living Room,Yes,Yes,Yes,No,0.32,Working
2026-09-05 10:42:00,H001,P001,Living Room,Yes,No,Yes,No,0.19,Working
2026-09-05 11:10:00,H001,P001,Living Room,Yes,No,Yes,No,0.34,Working
2026-09-05 11:29:00,H001,P001,Living Room,Yes,No,Yes,No,0.26,Working
2026-09-05 12:56:00,H001,P001,Kitchen,Yes,No,Yes,No,0.34,Eating
2026-09-05 12:58:00,H001,P001,Kitchen,Yes,No,Yes,No,0.31,Eating
2026-09-05 13:05:00,H001,P001,Kitchen,Yes,No,Yes,No,0.29,Eating
2026-09-05 13:08:00,H001,P001,Kitchen,Yes,No,Yes,No,0.36,Eating
2026-09-05 13:13:00,H001,P001,Kitchen,Yes,No,Yes,No,0.33,Eating
2026-09-05 13:44:00,H001,P001,Living Room,Yes,No,Yes,No,0.23,Working
2026-09-05 15:02:00,H001,P001,Living Room,Yes,No,Yes,No,0.3,Working
2026-09-05 15:55:00,H001,P001,Living Room,Yes,No,Yes,No,0.3,Working
2026-09-05 16:24:00,H001,P001,Living Room,Yes,No,Yes,No,0.2,Working
2026-09-05 16:31:00,H001,P001,Living Room,Yes,No,Yes,No,0.24,Working
2026-09-05 17:39:00,H001,P001,Living Room,Yes,No,Yes,Yes,0.19,Relaxing
2026-09-05 17:56:00,H001,P001,Living Room,Yes,No,Yes,Yes,0.13,Relaxing
2026-09-05 18:27:00,H001,P001,Living Room,Yes,No,Yes,Yes,0.14,Relaxing
2026-09-05 18:47:00,H001,P001,Kitchen,Yes,No,Yes,No,0.83,Cooking
2026-09-05 18:48:00,H001,P001,Kitchen,Yes,No,Yes,No,0.92,Cooking
2026-09-05 18:49:00,H001,P001,Kitchen,Yes,No,Yes,No,1.19,Cooking
2026-09-05 19:05:00,H001,P001,Kitchen,Yes,Yes,Yes,No,0.96,Cooking
2026-09-05 19:34:00,H001,P001,Kitchen,Yes,No,Yes,No,0.32,Eating
2026-09-05 19:35:00,H001,P001,Kitchen,Yes,No,Yes,No,0.35,Eating
2026-09-05 19:39:00,H001,P001,Kitchen,Yes,No,Yes,No,0.26,Eating
2026-09-05 19:43:00,H001,P001,Kitchen,Yes,No,Yes,No,0.27,Eating
2026-09-05 19:45:00,H001,P001,Kitchen,Yes,No,Yes,No,0.35,Eating
2026-09-05 19:58:00,H001,P001,Living Room,Yes,No,Yes,Yes,0.14,Watching TV
2026-09-05 20:53:00,H001,P001,Living Room,Yes,Yes,Yes,Yes,0.18,Watching TV
2026-09-05 21:41:00,H001,P001,Living Room,Yes,No,Yes,Yes,0.14,Watching TV
2026-09-05 22:17:00,H001,P001,Bedroom,Yes,Yes,No,No,0.06,Sleeping
2026-09-05 22:30:00,H001,P001,Bedroom,Yes,No,No,No,0.06,Sleeping
2026-09-05 22:40:00,H001,P001,Bedroom,Yes,No,No,No,0.06,Sleeping
2026-09-05 22:54:00,H001,P001,Bedroom,Yes,No,No,No,0.05,Sleeping
2026-09-05 23:19:00,H001,P001,Bedroom,Yes,No,No,No,0.07,Sleeping
2026-09-05 23:27:00,H001,P001,Bedroom,Yes,No,No,No,0.08,Sleeping
2026-09-06 00:25:00,H001,P001,Bedroom,Yes,No,No,No,0.05,Sleeping
2026-09-06 01:50:00,H001,P001,Bedroom,Yes,No,No,No,0.08,Sleeping
2026-09-06 04:47:00,H001,P001,Bedroom,Yes,Yes,No,No,0.07,Sleeping
2026-09-06 06:36:00,H001,P001,Living Room,Yes,No,Yes,No,0.27,Exercise
2026-09-06 06:41:00,H001,P001,Living Room,Yes,Yes,Yes,No,0.21,Exercise
2026-09-06 06:42:00,H001,P001,Living Room,Yes,No,Yes,No,0.17,Exercise
2026-09-06 06:43:00,H001,P001,Living Room,Yes,Yes,Yes,No,0.28,Exercise
2026-09-06 06:50:00,H001,P001,Living Room,Yes,No,Yes,No,0.15,Exercise
2026-09-06 07:29:00,H001,P001,Kitchen,Yes,No,Yes,No,1.16,Cooking
2026-09-06 07:34:00,H001,P001,Kitchen,Yes,No,Yes,No,1.11,Cooking
2026-09-06 07:35:00,H001,P001,Kitchen,Yes,Yes,Yes,No,1.0,Cooking
2026-09-06 08:01:00,H001,P001,Kitchen,Yes,No,Yes,No,0.27,Eating
2026-09-06 08:01:00,H001,P001,Kitchen,Yes,Yes,Yes,No,0.29,Eating
2026-09-06 08:04:00,H001,P001,Kitchen,Yes,No,Yes,No,0.26,Eating
2026-09-06 08:09:00,H001,P001,Kitchen,Yes,Yes,Yes,No,0.26,Eating
2026-09-06 08:09:00,H001,P001,Kitchen,Yes,No,Yes,No,0.3,Eating
2026-09-06 09:13:00,H001,P001,Living Room,Yes,No,Yes,No,0.31,Working
2026-09-06 10:01:00,H001,P001,Living Room,Yes,No,Yes,No,0.22,Working
2026-09-06 10:51:00,H001,P001,Living Room,Yes,No,Yes,No,0.22,Working
2026-09-06 11:05:00,H001,P001,Living Room,Yes,No,Yes,No,0.3,Working
2026-09-06 12:05:00,H001,P001,Living Room,Yes,No,Yes,No,0.2,Working
2026-09-06 12:36:00,H001,P001,Kitchen,Yes,Yes,Yes,No,0.36,Eating
2026-09-06 12:41:00,H001,P001,Kitchen,Yes,Yes,Yes,No,0.39,Eating
2026-09-06 13:05:00,H001,P001,Kitchen,Yes,No,Yes,No,0.31,Eating
2026-09-06 13:15:00,H001,P001,Kitchen,Yes,Yes,Yes,No,0.37,Eating
2026-09-06 14:41:00,H001,P001,Living Room,Yes,No,Yes,No,0.22,Working
2026-09-06 15:39:00,H001,P001,Living Room,Yes,No,Yes,No,0.32,Working
2026-09-06 16:05:00,H001,P001,Living Room,Yes,No,Yes,No,0.2,Working
2026-09-06 16:52:00,H001,P001,Living Room,Yes,No,Yes,No,0.28,Working
2026-09-06 16:54:00,H001,P001,Living Room,Yes,No,Yes,No,0.31,Working
2026-09-06 17:28:00,H001,P001,Living Room,Yes,No,Yes,No,0.29,Working
2026-09-06 17:40:00,H001,P001,Living Room,Yes,No,Yes,Yes,0.13,Relaxing
2026-09-06 17:51:00,H001,P001,Living Room,Yes,Yes,Yes,Yes,0.19,Relaxing
2026-09-06 18:13:00,H001,P001,Living Room,Yes,No,Yes,Yes,0.13,Relaxing
2026-09-06 18:31:00,H001,P001,Kitchen,Yes,No,Yes,No,1.19,Cooking
2026-09-06 18:38:00,H001,P001,Kitchen,Yes,No,Yes,No,0.97,Cooking
2026-09-06 18:44:00,H001,P001,Kitchen,Yes,Yes,Yes,No,0.83,Cooking
2026-09-06 18:48:00,H001,P001,Kitchen,Yes,No,Yes,No,1.09,Cooking
2026-09-06 19:03:00,H001,P001,Kitchen,Yes,No,Yes,No,1.04,Cooking
2026-09-06 19:10:00,H001,P001,Kitchen,Yes,Yes,Yes,No,0.82,Cooking
2026-09-06 19:17:00,H001,P001,Kitchen,Yes,No,Yes,No,0.31,Eating
2026-09-06 19:25:00,H001,P001,Kitchen,Yes,No,Yes,No,0.29,Eating
2026-09-06 19:30:00,H001,P001,Kitchen,Yes,No,Yes,No,0.27,Eating
2026-09-06 19:38:00,H001,P001,Kitchen,Yes,No,Yes,No,0.35,Eating
2026-09-06 19:44:00,H001,P001,Kitchen,Yes,Yes,Yes,No,0.28,Eating
2026-09-06 19:49:00,H001,P001,Kitchen,Yes,No,Yes,No,0.26,Eating
2026-09-06 21:14:00,H001,P001,Living Room,Yes,No,Yes,Yes,0.17,Watching TV
2026-09-06 21:16:00,H001,P001,Living Room,Yes,No,Yes,Yes,0.22,Watching TV
2026-09-06 21:30:00,H001,P001,Living Room,Yes,No,Yes,Yes,0.19,Watching TV
2026-09-06 21:36:00,H001,P001,Living Room,Yes,No,Yes,Yes,0.13,Watching TV
2026-09-06 22:25:00,H001,P001,Bedroom,Yes,No,No,No,0.07,Sleeping
2026-09-06 22:33:00,H001,P001,Bedroom,Yes,No,No,No,0.08,Sleeping
2026-09-06 22:42:00,H001,P001,Bedroom,Yes,No,No,No,0.05,Sleeping
2026-09-06 22:59:00,H001,P001,Bedroom,Yes,No,No,No,0.05,Sleeping
2026-09-06 23:36:00,H001,P001,Bedroom,Yes,Yes,No,No,0.07,Sleeping
2026-09-06 23:50:00,H001,P001,Bedroom,Yes,No,No,No,0.06,Sleeping
2026-09-07 00:35:00,H001,P001,Bedroom,Yes,No,No,No,0.07,Sleeping
2026-09-07 01:13:00,H001,P001,Bedroom,Yes,Yes,No,No,0.06,Sleeping
2026-09-07 01:32:00,H001,P001,Bedroom,Yes,No,No,No,0.07,Sleeping
2026-09-07 02:58:00,H001,P001,Bedroom,Yes,No,No,No,0.07,Sleeping
2026-09-07 06:33:00,H001,P001,Living Room,Yes,No,Yes,No,0.2,Exercise
2026-09-07 06:53:00,H001,P001,Living Room,Yes,Yes,Yes,No,0.27,Exercise
2026-09-07 07:03:00,H001,P001,Living Room,Yes,No,Yes,No,0.19,Exercise
2026-09-07 07:10:00,H001,P001,Living Room,Yes,No,Yes,No,0.29,Exercise
2026-09-07 07:10:00,H001,P001,Living Room,Yes,No,Yes,No,0.16,Exercise
2026-09-07 07:11:00,H001,P001,Living Room,Yes,No,Yes,No,0.24,Exercise
2026-09-07 07:31:00,H001,P001,Kitchen,Yes,No,Yes,No,1.0,Cooking
2026-09-07 07:33:00,H001,P001,Kitchen,Yes,No,Yes,No,1.12,Cooking
2026-09-07 07:38:00,H001,P001,Kitchen,Yes,No,Yes,No,1.12,Cooking
2026-09-07 07:48:00,H001,P001,Kitchen,Yes,Yes,Yes,No,0.38,Eating
2026-09-07 07:51:00,H001,P001,Kitchen,Yes,No,Yes,No,0.28,Eating
2026-09-07 07:54:00,H001,P001,Kitchen,Yes,No,Yes,No,0.33,Eating
2026-09-07 07:59:00,H001,P001,Kitchen,Yes,No,Yes,No,0.27,Eating
2026-09-07 10:57:00,H001,P001,Living Room,Yes,No,Yes,No,0.27,Working
2026-09-07 11:08:00,H001,P001,Living Room,Yes,No,Yes,No,0.31,Working
2026-09-07 11:16:00,H001,P001,Living Room,Yes,No,Yes,No,0.25,Working
2026-09-07 11:26:00,H001,P001,Living Room,Yes,No,Yes,No,0.32,Working
2026-09-07 12:47:00,H001,P001,Kitchen,Yes,No,Yes,No,0.27,Eating
2026-09-07 12:51:00,H001,P001,Kitchen,Yes,No,Yes,No,0.35,Eating
2026-09-07 12:52:00,H001,P001,Kitchen,Yes,No,Yes,No,0.39,Eating
2026-09-07 12:52:00,H001,P001,Kitchen,Yes,No,Yes,No,0.37,Eating
2026-09-07 14:31:00,H001,P001,Living Room,Yes,No,Yes,No,0.24,Working
2026-09-07 16:07:00,H001,P001,Living Room,Yes,No,Yes,No,0.18,Working
2026-09-07 16:11:00,H001,P001,Living Room,Yes,No,Yes,No,0.2,Working
2026-09-07 16:33:00,H001,P001,Living Room,Yes,No,Yes,No,0.35,Working
2026-09-07 17:33:00,H001,P001,Living Room,Yes,No,Yes,Yes,0.11,Relaxing
2026-09-07 17:37:00,H001,P001,Living Room,Yes,No,Yes,Yes,0.18,Relaxing
2026-09-07 17:42:00,H001,P001,Living Room,Yes,No,Yes,Yes,0.12,Relaxing
2026-09-07 18:22:00,H001,P001,Living Room,Yes,No,Yes,Yes,0.19,Relaxing
2026-09-07 18:47:00,H001,P001,Kitchen,Yes,No,Yes,No,1.1,Cooking
2026-09-07 18:53:00,H001,P001,Kitchen,Yes,No,Yes,No,1.07,Cooking
2026-09-07 18:56:00,H001,P001,Kitchen,Yes,No,Yes,No,0.92,Cooking
2026-09-07 18:58:00,H001,P001,Kitchen,Yes,No,Yes,No,1.18,Cooking
2026-09-07 19:22:00,H001,P001,Kitchen,Yes,Yes,Yes,No,0.32,Eating
2026-09-07 19:34:00,H001,P001,Kitchen,Yes,No,Yes,No,0.27,Eating
2026-09-07 19:38:00,H001,P001,Kitchen,Yes,No,Yes,No,0.37,Eating
2026-09-07 19:41:00,H001,P001,Kitchen,Yes,No,Yes,No,0.36,Eating
2026-09-07 19:43:00,H001,P001,Kitchen,Yes,No,Yes,No,0.33,Eating
2026-09-07 19:44:00,H001,P001,Kitchen,Yes,No,Yes,No,0.36,Eating
2026-09-07 19:57:00,H001,P001,Living Room,Yes,Yes,Yes,Yes,0.19,Watching TV
2026-09-07 19:57:00,H001,P001,Living Room,Yes,No,Yes,Yes,0.23,Watching TV
2026-09-07 20:11:00,H001,P001,Living Room,Yes,No,Yes,Yes,0.24,Watching TV
2026-09-07 20:51:00,H001,P001,Living Room,Yes,No,Yes,Yes,0.17,Watching TV
2026-09-07 21:12:00,H001,P001,Living Room,Yes,Yes,Yes,Yes,0.16,Watching TV
2026-09-07 21:47:00,H001,P001,Living Room,Yes,No,Yes,Yes,0.18,Watching TV
2026-09-07 22:22:00,H001,P001,Bedroom,Yes,No,No,No,0.07,Sleeping
2026-09-07 22:50:00,H001,P001,Bedroom,Yes,No,No,No,0.06,Sleeping
2026-09-07 23:51:00,H001,P001,Bedroom,Yes,Yes,No,No,0.06,Sleeping
2026-09-08 00:22:00,H001,P001,Bedroom,Yes,No,No,No,0.07,Sleeping
2026-09-08 03:50:00,H001,P001,Bedroom,Yes,Yes,No,No,0.08,Sleeping
2026-09-08 05:08:00,H001,P001,Bedroom,Yes,Yes,No,No,0.07,Sleeping
2026-09-08 06:38:00,H001,P001,Living Room,Yes,No,Yes,No,0.24,Exercise
2026-09-08 06:38:00,H001,P001,Living Room,Yes,No,Yes,No,0.16,Exercise
2026-09-08 06:49:00,H001,P001,Living Room,Yes,No,Yes,No,0.25,Exercise
2026-09-08 07:06:00,H001,P001,Living Room,Yes,No,Yes,No,0.3,Exercise
2026-09-08 07:17:00,H001,P001,Kitchen,Yes,No,Yes,No,1.06,Cooking
2026-09-08 07:25:00,H001,P001,Kitchen,Yes,No,Yes,No,0.94,Cooking
2026-09-08 07:29:00,H001,P001,Kitchen,Yes,Yes,Yes,No,0.95,Cooking
2026-09-08 07:46:00,H001,P001,Kitchen,Yes,No,Yes,No,0.37,Eating
2026-09-08 07:55:00,H001,P001,Kitchen,Yes,No,Yes,No,0.35,Eating
2026-09-08 08:13:00,H001,P001,Kitchen,Yes,No,Yes,No,0.3,Eating
2026-09-08 08:27:00,H001,P001,Living Room,Yes,No,Yes,No,0.31,Working
2026-09-08 08:31:00,H001,P001,Living Room,Yes,No,Yes,No,0.27,Working
2026-09-08 09:15:00,H001,P001,Living Room,Yes,No,Yes,No,0.34,Working
2026-09-08 12:11:00,H001,P001,Living Room,Yes,Yes,Yes,No,0.29,Working
2026-09-08 12:37:00,H001,P001,Kitchen,Yes,No,Yes,No,0.31,Eating
2026-09-08 12:43:00,H001,P001,Kitchen,Yes,No,Yes,No,0.26,Eating
2026-09-08 12:47:00,H001,P001,Kitchen,Yes,No,Yes,No,0.3,Eating
2026-09-08 12:59:00,H001,P001,Kitchen,Yes,No,Yes,No,0.28,Eating
2026-09-08 13:16:00,H001,P001,Kitchen,Yes,No,Yes,No,0.37,Eating
2026-09-08 13:25:00,H001,P001,Living Room,Yes,No,Yes,No,0.25,Working
2026-09-08 15:01:00,H001,P001,Living Room,Yes,No,Yes,No,0.24,Working
2026-09-08 15:33:00,H001,P001,Living Room,Yes,No,Yes,No,0.19,Working
2026-09-08 16:03:00,H001,P001,Living Room,Yes,No,Yes,No,0.28,Working
2026-09-08 17:39:00,H001,P001,Living Room,Yes,No,Yes,Yes,0.14,Relaxing
2026-09-08 18:26:00,H001,P001,Living Room,Yes,No,Yes,Yes,0.1,Relaxing
2026-09-08 18:28:00,H001,P001,Living Room,Yes,No,Yes,Yes,0.14,Relaxing
2026-09-08 18:32:00,H001,P001,Kitchen,Yes,No,Yes,No,0.95,Cooking
2026-09-08 18:58:00,H001,P001,Kitchen,Yes,Yes,Yes,No,0.86,Cooking
2026-09-08 18:58:00,H001,P001,Kitchen,Yes,No,Yes,No,1.11,Cooking
2026-09-08 19:03:00,H001,P001,Kitchen,Yes,No,Yes,No,0.96,Cooking
2026-09-08 19:26:00,H001,P001,Kitchen,Yes,Yes,Yes,No,0.28,Eating
2026-09-08 19:33:00,H001,P001,Kitchen,Yes,No,Yes,No,0.34,Eating
2026-09-08 19:40:00,H001,P001,Kitchen,Yes,No,Yes,No,0.32,Eating
2026-09-08 19:44:00,H001,P001,Kitchen,Yes,Yes,Yes,No,0.38,Eating
2026-09-08 19:49:00,H001,P001,Kitchen,Yes,No,Yes,No,0.27,Eating
2026-09-08 20:34:00,H001,P001,Living Room,Yes,No,Yes,Yes,0.14,Watching TV
2026-09-08 21:03:00,H001,P001,Living Room,Yes,No,Yes,Yes,0.21,Watching TV
2026-09-08 21:16:00,H001,P001,Living Room,Yes,No,Yes,Yes,0.13,Watching TV
2026-09-08 22:40:00,H001,P001,Bedroom,Yes,No,No,No,0.07,Sleeping
2026-09-08 22:49:00,H001,P001,Bedroom,Yes,No,No,No,0.06,Sleeping
2026-09-08 23:07:00,H001,P001,Bedroom,Yes,No,No,No,0.05,Sleeping
2026-09-08 23:38:00,H001,P001,Bedroom,Yes,No,No,No,0.06,Sleeping
2026-09-09 01:06:00,H001,P001,Bedroom,Yes,No,No,No,0.05,Sleeping
2026-09-09 02:53:00,H001,P001,Bedroom,Yes,No,No,No,0.07,Sleeping
2026-09-09 03:33:00,H001,P001,Bedroom,Yes,Yes,No,No,0.08,Sleeping
2026-09-09 03:44:00,H001,P001,Bedroom,Yes,No,No,No,0.05,Sleeping
2026-09-09 05:24:00,H001,P001,Bedroom,Yes,No,No,No,0.07,Sleeping
2026-09-09 05:31:00,H001,P001,Bedroom,Yes,No,No,No,0.08,Sleeping
2026-09-09 06:44:00,H001,P001,Living Room,Yes,No,Yes,No,0.23,Exercise
2026-09-09 06:44:00,H001,P001,Living Room,Yes,No,Yes,No,0.25,Exercise
2026-09-09 07:00:00,H001,P001,Living Room,Yes,No,Yes,No,0.18,Exercise
2026-09-09 07:04:00,H001,P001,Living Room,Yes,Yes,Yes,No,0.2,Exercise
2026-09-09 07:04:00,H001,P001,Living Room,Yes,No,Yes,No,0.24,Exercise
2026-09-09 07:12:00,H001,P001,Kitchen,Yes,No,Yes,No,1.11,Cooking
2026-09-09 07:28:00,H001,P001,Kitchen,Yes,No,Yes,No,1.03,Cooking
2026-09-09 07:31:00,H001,P001,Kitchen,Yes,No,Yes,No,0.92,Cooking
2026-09-09 07:39:00,H001,P001,Kitchen,Yes,Yes,Yes,No,1.16,Cooking
2026-09-09 07:43:00,H001,P001,Kitchen,Yes,No,Yes,No,0.32,Eating
2026-09-09 07:45:00,H001,P001,Kitchen,Yes,Yes,Yes,No,1.15,Cooking
2026-09-09 07:51:00,H001,P001,Kitchen,Yes,No,Yes,No,0.3,Eating
2026-09-09 08:07:00,H001,P001,Kitchen,Yes,No,Yes,No,0.26,Eating
2026-09-09 08:07:00,H001,P001,Kitchen,Yes,No,Yes,No,0.38,Eating
2026-09-09 09:16:00,H001,P001,Living Room,Yes,No,Yes,No,0.2,Working
2026-09-09 09:18:00,H001,P001,Living Room,Yes,Yes,Yes,No,0.34,Working
2026-09-09 09:33:00,H001,P001,Living Room,Yes,No,Yes,No,0.26,Working
2026-09-09 10:15:00,H001,P001,Living Room,Yes,Yes,Yes,No,0.26,Working
2026-09-09 11:01:00,H001,P001,Living Room,Yes,No,Yes,No,0.21,Working
2026-09-09 11:42:00,H001,P001,Living Room,Yes,No,Yes,No,0.33,Working
2026-09-09 12:32:00,H001,P001,Kitchen,Yes,No,Yes,No,0.38,Eating
2026-09-09 12:37:00,H001,P001,Kitchen,Yes,Yes,Yes,No,0.29,Eating
2026-09-09 12:56:00,H001,P001,Kitchen,Yes,Yes,Yes,No,0.31,Eating
2026-09-09 12:57:00,H001,P001,Kitchen,Yes,No,Yes,No,0.3,Eating
2026-09-09 13:16:00,H001,P001,Kitchen,Yes,No,Yes,No,0.33,Eating
2026-09-09 13:34:00,H001,P001,Living Room,Yes,No,Yes,No,0.31,Working
2026-09-09 14:30:00,H001,P001,Living Room,Yes,No,Yes,No,0.2,Working
2026-09-09 15:43:00,H001,P001,Living Room,Yes,No,Yes,No,0.27,Working
2026-09-09 16:31:00,H001,P001,Living Room,Yes,No,Yes,No,0.25,Working
2026-09-09 17:20:00,H001,P001,Living Room,Yes,No,Yes,No,0.32,Working
2026-09-09 17:38:00,H001,P001,Living Room,Yes,No,Yes,Yes,0.15,Relaxing
2026-09-09 17:43:00,H001,P001,Living Room,Yes,No,Yes,Yes,0.11,Relaxing
2026-09-09 18:03:00,H001,P001,Living Room,Yes,No,Yes,Yes,0.1,Relaxing
2026-09-09 18:05:00,H001,P001,Living Room,Yes,No,Yes,Yes,0.12,Relaxing
2026-09-09 18:33:00,H001,P001,Living Room,Yes,No,Yes,Yes,0.14,Relaxing
2026-09-09 18:53:00,H001,P001,Kitchen,Yes,No,Yes,No,1.19,Cooking
2026-09-09 19:05:00,H001,P001,Kitchen,Yes,No,Yes,No,1.13,Cooking
2026-09-09 19:06:00,H001,P001,Kitchen,Yes,No,Yes,No,1.09,Cooking
2026-09-09 19:07:00,H001,P001,Kitchen,Yes,No,Yes,No,1.0,Cooking
2026-09-09 19:19:00,H001,P001,Kitchen,Yes,Yes,Yes,No,0.99,Cooking
2026-09-09 19:20:00,H001,P001,Kitchen,Yes,Yes,Yes,No,0.3,Eating
2026-09-09 19:22:00,H001,P001,Kitchen,Yes,No,Yes,No,0.33,Eating
2026-09-09 19:25:00,H001,P001,Kitchen,Yes,No,Yes,No,0.31,Eating
2026-09-09 19:36:00,H001,P001,Kitchen,Yes,No,Yes,No,0.29,Eating
2026-09-09 20:02:00,H001,P001,Living Room,Yes,No,Yes,Yes,0.19,Watching TV
2026-09-09 21:01:00,H001,P001,Living Room,Yes,No,Yes,Yes,0.24,Watching TV
2026-09-09 21:04:00,H001,P001,Living Room,Yes,No,Yes,Yes,0.24,Watching TV
2026-09-09 21:05:00,H001,P001,Living Room,Yes,No,Yes,Yes,0.21,Watching TV
2026-09-09 21:50:00,H001,P001,Living Room,Yes,No,Yes,Yes,0.17,Watching TV
2026-09-09 21:55:00,H001,P001,Living Room,Yes,No,Yes,Yes,0.24,Watching TV
2026-09-09 22:34:00,H001,P001,Bedroom,Yes,No,No,No,0.07,Sleeping
2026-09-09 22:41:00,H001,P001,Bedroom,Yes,No,No,No,0.06,Sleeping
2026-09-09 22:42:00,H001,P001,Bedroom,Yes,No,No,No,0.08,Sleeping
2026-09-09 23:10:00,H001,P001,Bedroom,Yes,No,No,No,0.06,Sleeping
2026-09-09 23:27:00,H001,P001,Bedroom,Yes,No,No,No,0.06,Sleeping
2026-09-09 23:40:00,H001,P001,Bedroom,Yes,No,No,No,0.07,Sleeping
2026-09-10 01:05:00,H001,P001,Bedroom,Yes,No,No,No,0.08,Sleeping
2026-09-10 03:31:00,H001,P001,Bedroom,Yes,No,No,No,0.05,Sleeping
2026-09-10 04:29:00,H001,P001,Bedroom,Yes,No,No,No,0.05,Sleeping
2026-09-10 04:46:00,H001,P001,Bedroom,Yes,Yes,No,No,0.07,Sleeping
2026-09-10 04:58:00,H001,P001,Bedroom,Yes,No,No,No,0.07,Sleeping
2026-09-10 06:40:00,H001,P001,Living Room,Yes,No,Yes,No,0.23,Exercise
2026-09-10 06:49:00,H001,P001,Living Room,Yes,No,Yes,No,0.29,Exercise
2026-09-10 07:01:00,H001,P001,Living Room,Yes,No,Yes,No,0.28,Exercise
2026-09-10 07:05:00,H001,P001,Living Room,Yes,No,Yes,No,0.29,Exercise
2026-09-10 07:27:00,H001,P001,Kitchen,Yes,No,Yes,No,1.18,Cooking
2026-09-10 07:39:00,H001,P001,Kitchen,Yes,No,Yes,No,0.96,Cooking
2026-09-10 07:41:00,H001,P001,Kitchen,Yes,No,Yes,No,1.14,Cooking
2026-09-10 07:41:00,H001,P001,Kitchen,Yes,No,Yes,No,0.34,Eating
2026-09-10 07:52:00,H001,P001,Kitchen,Yes,No,Yes,No,0.35,Eating
2026-09-10 07:54:00,H001,P001,Kitchen,Yes,No,Yes,No,0.35,Eating
2026-09-10 08:03:00,H001,P001,Kitchen,Yes,No,Yes,No,0.27,Eating
2026-09-10 08:03:00,H001,P001,Kitchen,Yes,No,Yes,No,0.37,Eating
2026-09-10 08:17:00,H001,P001,Living Room,Yes,No,Yes,No,0.28,Working
2026-09-10 08:55:00,H001,P001,Living Room,Yes,No,Yes,No,0.26,Working
2026-09-10 09:45:00,H001,P001,Living Room,Yes,No,Yes,No,0.29,Working
2026-09-10 11:38:00,H001,P001,Living Room,Yes,No,Yes,No,0.19,Working
2026-09-10 12:29:00,H001,P001,Kitchen,Yes,No,Yes,No,0.32,Eating
2026-09-10 12:29:00,H001,P001,Kitchen,Yes,No,Yes,No,0.35,Eating
2026-09-10 12:38:00,H001,P001,Kitchen,Yes,Yes,Yes,No,0.3,Eating
2026-09-10 12:47:00,H001,P001,Kitchen,Yes,No,Yes,No,0.36,Eating
2026-09-10 16:13:00,H001,P001,Living Room,Yes,No,Yes,No,0.33,Working
2026-09-10 16:31:00,H001,P001,Living Room,Yes,No,Yes,No,0.29,Working
2026-09-10 17:10:00,H001,P001,Living Room,Yes,No,Yes,No,0.32,Working
2026-09-10 17:14:00,H001,P001,Living Room,Yes,No,Yes,No,0.22,Working
2026-09-10 17:17:00,H001,P001,Living Room,Yes,No,Yes,No,0.26,Working
2026-09-10 17:32:00,H001,P001,Living Room,Yes,No,Yes,No,0.3,Working
2026-09-10 17:49:00,H001,P001,Living Room,Yes,No,Yes,Yes,0.11,Relaxing
2026-09-10 18:16:00,H001,P001,Living Room,Yes,No,Yes,Yes,0.16,Relaxing
2026-09-10 18:16:00,H001,P001,Living Room,Yes,No,Yes,Yes,0.15,Relaxing
2026-09-10 18:26:00,H001,P001,Living Room,Yes,No,Yes,Yes,0.12,Relaxing
2026-09-10 18:40:00,H001,P001,Kitchen,Yes,No,Yes,No,0.98,Cooking
2026-09-10 19:03:00,H001,P001,Kitchen,Yes,No,Yes,No,0.82,Cooking
2026-09-10 19:04:00,H001,P001,Kitchen,Yes,No,Yes,No,0.98,Cooking
2026-09-10 19:11:00,H001,P001,Kitchen,Yes,No,Yes,No,1.0,Cooking
2026-09-10 19:21:00,H001,P001,Kitchen,Yes,Yes,Yes,No,0.31,Eating
2026-09-10 19:22:00,H001,P001,Kitchen,Yes,No,Yes,No,0.39,Eating
2026-09-10 19:28:00,H001,P001,Kitchen,Yes,No,Yes,No,0.35,Eating
2026-09-10 19:29:00,H001,P001,Kitchen,Yes,No,Yes,No,0.37,Eating
2026-09-10 19:32:00,H001,P001,Kitchen,Yes,Yes,Yes,No,0.31,Eating
2026-09-10 19:41:00,H001,P001,Kitchen,Yes,No,Yes,No,0.31,Eating
2026-09-10 19:45:00,H001,P001,Living Room,Yes,No,Yes,Yes,0.18,Watching TV
2026-09-10 20:29:00,H001,P001,Living Room,Yes,No,Yes,Yes,0.14,Watching TV
2026-09-10 21:22:00,H001,P001,Living Room,Yes,No,Yes,Yes,0.21,Watching TV
2026-09-10 21:33:00,H001,P001,Living Room,Yes,Yes,Yes,Yes,0.25,Watching TV
2026-09-10 21:41:00,H001,P001,Living Room,Yes,No,Yes,Yes,0.15,Watching TV
2026-09-10 21:47:00,H001,P001,Living Room,Yes,No,Yes,Yes,0.14,Watching TV
2026-09-10 22:09:00,H001,P001,Bedroom,Yes,No,No,No,0.07,Sleeping
2026-09-10 23:11:00,H001,P001,Bedroom,Yes,No,No,No,0.07,Sleeping
2026-09-10 23:48:00,H001,P001,Bedroom,Yes,No,No,No,0.05,Sleeping
2026-09-11 01:46:00,H001,P001,Bedroom,Yes,Yes,No,No,0.08,Sleeping
2026-09-11 02:00:00,H001,P001,Bedroom,Yes,No,No,No,0.06,Sleeping
2026-09-11 02:03:00,H001,P001,Bedroom,Yes,No,No,No,0.07,Sleeping
2026-09-11 06:44:00,H001,P001,Living Room,Yes,No,Yes,No,0.3,Exercise
2026-09-11 06:57:00,H001,P001,Living Room,Yes,No,Yes,No,0.27,Exercise
2026-09-11 07:01:00,H001,P001,Living Room,Yes,No,Yes,No,0.19,Exercise
2026-09-11 07:09:00,H001,P001,Living Room,Yes,No,Yes,No,0.29,Exercise
2026-09-11 07:15:00,H001,P001,Living Room,Yes,No,Yes,No,0.22,Exercise
2026-09-11 07:20:00,H001,P001,Kitchen,Yes,No,Yes,No,0.88,Cooking
2026-09-11 07:21:00,H001,P001,Kitchen,Yes,No,Yes,No,1.17,Cooking
2026-09-11 07:23:00,H001,P001,Kitchen,Yes,No,Yes,No,1.14,Cooking
2026-09-11 07:33:00,H001,P001,Kitchen,Yes,No,Yes,No,1.02,Cooking
2026-09-11 07:38:00,H001,P001,Kitchen,Yes,No,Yes,No,0.92,Cooking
2026-09-11 07:46:00,H001,P001,Kitchen,Yes,No,Yes,No,0.35,Eating
2026-09-11 07:59:00,H001,P001,Kitchen,Yes,Yes,Yes,No,0.36,Eating
2026-09-11 07:59:00,H001,P001,Kitchen,Yes,No,Yes,No,0.28,Eating
2026-09-11 08:15:00,H001,P001,Living Room,Yes,No,Yes,No,0.34,Working
2026-09-11 09:12:00,H001,P001,Living Room,Yes,No,Yes,No,0.3,Working
2026-09-11 09:55:00,H001,P001,Living Room,Yes,No,Yes,No,0.27,Working
2026-09-11 12:13:00,H001,P001,Living Room,Yes,No,Yes,No,0.24,Working
2026-09-11 12:38:00,H001,P001,Kitchen,Yes,No,Yes,No,0.3,Eating
2026-09-11 12:41:00,H001,P001,Kitchen,Yes,Yes,Yes,No,0.33,Eating
2026-09-11 12:43:00,H001,P001,Kitchen,Yes,No,Yes,No,0.26,Eating
2026-09-11 12:46:00,H001,P001,Kitchen,Yes,No,Yes,No,0.32,Eating
2026-09-11 12:56:00,H001,P001,Kitchen,Yes,No,Yes,No,0.3,Eating
2026-09-11 14:27:00,H001,P001,Living Room,Yes,No,Yes,No,0.22,Working
2026-09-11 15:17:00,H001,P001,Living Room,Yes,No,Yes,No,0.27,Working
2026-09-11 15:38:00,H001,P001,Living Room,Yes,No,Yes,No,0.29,Working
2026-09-11 16:10:00,H001,P001,Living Room,Yes,No,Yes,No,0.32,Working
2026-09-11 16:22:00,H001,P001,Living Room,Yes,No,Yes,No,0.3,Working
2026-09-11 17:27:00,H001,P001,Living Room,Yes,No,Yes,No,0.26,Working
2026-09-11 17:43:00,H001,P001,Living Room,Yes,No,Yes,Yes,0.17,Relaxing
2026-09-11 17:58:00,H001,P001,Living Room,Yes,No,Yes,Yes,0.11,Relaxing
2026-09-11 18:27:00,H001,P001,Living Room,Yes,Yes,Yes,Yes,0.1,Relaxing
2026-09-11 18:46:00,H001,P001,Kitchen,Yes,No,Yes,No,0.82,Cooking
2026-09-11 19:10:00,H001,P001,Kitchen,Yes,No,Yes,No,0.29,Eating
2026-09-11 19:14:00,H001,P001,Kitchen,Yes,Yes,Yes,No,1.01,Cooking
2026-09-11 19:15:00,H001,P001,Kitchen,Yes,No,Yes,No,1.17,Cooking
2026-09-11 19:22:00,H001,P001,Kitchen,Yes,No,Yes,No,0.33,Eating
2026-09-11 19:28:00,H001,P001,Kitchen,Yes,No,Yes,No,0.35,Eating
2026-09-11 19:36:00,H001,P001,Kitchen,Yes,No,Yes,No,0.26,Eating
2026-09-11 19:39:00,H001,P001,Kitchen,Yes,Yes,Yes,No,0.26,Eating
2026-09-11 19:42:00,H001,P001,Kitchen,Yes,No,Yes,No,0.4,Eating
2026-09-11 19:54:00,H001,P001,Living Room,Yes,No,Yes,Yes,0.17,Watching TV
2026-09-11 20:13:00,H001,P001,Living Room,Yes,No,Yes,Yes,0.2,Watching TV
2026-09-11 21:11:00,H001,P001,Living Room,Yes,No,Yes,Yes,0.13,Watching TV
2026-09-11 21:46:00,H001,P001,Living Room,Yes,No,Yes,Yes,0.21,Watching TV
2026-09-11 22:01:00,H001,P001,Bedroom,Yes,No,No,No,0.06,Sleeping
2026-09-11 22:27:00,H001,P001,Bedroom,Yes,No,No,No,0.07,Sleeping
2026-09-11 23:08:00,H001,P001,Bedroom,Yes,No,No,No,0.08,Sleeping
2026-09-11 23:14:00,H001,P001,Bedroom,Yes,No,No,No,0.08,Sleeping
2026-09-11 23:26:00,H001,P001,Bedroom,Yes,No,No,No,0.07,Sleeping
2026-09-12 03:13:00,H001,P001,Bedroom,Yes,No,No,No,0.07,Sleeping
2026-09-12 03:19:00,H001,P001,Bedroom,Yes,No,No,No,0.07,Sleeping
2026-09-12 04:51:00,H001,P001,Bedroom,Yes,No,No,No,0.07,Sleeping
2026-09-12 04:57:00,H001,P001,Bedroom,Yes,No,No,No,0.07,Sleeping
2026-09-12 06:34:00,H001,P001,Living Room,Yes,No,Yes,No,0.24,Exercise
2026-09-12 07:02:00,H001,P001,Living Room,Yes,Yes,Yes,No,0.22,Exercise
2026-09-12 07:09:00,H001,P001,Living Room,Yes,No,Yes,No,0.2,Exercise
2026-09-12 07:18:00,H001,P001,Kitchen,Yes,Yes,Yes,No,0.86,Cooking
2026-09-12 07:23:00,H001,P001,Kitchen,Yes,No,Yes,No,0.92,Cooking
2026-09-12 07:28:00,H001,P001,Kitchen,Yes,No,Yes,No,1.03,Cooking
2026-09-12 07:42:00,H001,P001,Kitchen,Yes,No,Yes,No,0.94,Cooking
2026-09-12 07:42:00,H001,P001,Kitchen,Yes,No,Yes,No,0.96,Cooking
2026-09-12 07:43:00,H001,P001,Kitchen,Yes,Yes,Yes,No,0.33,Eating
2026-09-12 07:44:00,H001,P001,Kitchen,Yes,Yes,Yes,No,0.3,Eating
2026-09-12 07:55:00,H001,P001,Kitchen,Yes,Yes,Yes,No,0.26,Eating
2026-09-12 08:00:00,H001,P001,Kitchen,Yes,No,Yes,No,0.33,Eating
2026-09-12 08:08:00,H001,P001,Kitchen,Yes,No,Yes,No,0.38,Eating
2026-09-12 09:33:00,H001,P001,Living Room,Yes,No,Yes,No,0.23,Working
2026-09-12 10:18:00,H001,P001,Living Room,Yes,No,Yes,No,0.3,Working
2026-09-12 10:40:00,H001,P001,Living Room,Yes,No,Yes,No,0.19,Working
2026-09-12 12:31:00,H001,P001,Kitchen,Yes,No,Yes,No,0.31,Eating
2026-09-12 12:33:00,H001,P001,Kitchen,Yes,No,Yes,No,0.39,Eating
2026-09-12 12:56:00,H001,P001,Kitchen,Yes,No,Yes,No,0.39,Eating
2026-09-12 13:12:00,H001,P001,Kitchen,Yes,No,Yes,No,0.28,Eating
2026-09-12 14:56:00,H001,P001,Living Room,Yes,No,Yes,No,0.3,Working
2026-09-12 15:07:00,H001,P001,Living Room,Yes,No,Yes,No,0.32,Working
2026-09-12 16:05:00,H001,P001,Living Room,Yes,Yes,Yes,No,0.23,Working
2026-09-12 16:54:00,H001,P001,Living Room,Yes,No,Yes,No,0.33,Working
2026-09-12 17:15:00,H001,P001,Living Room,Yes,No,Yes,No,0.21,Working
2026-09-12 17:46:00,H001,P001,Living Room,Yes,No,Yes,Yes,0.12,Relaxing
2026-09-12 18:04:00,H001,P001,Living Room,Yes,No,Yes,Yes,0.13,Relaxing
2026-09-12 18:10:00,H001,P001,Living Room,Yes,No,Yes,Yes,0.18,Relaxing
2026-09-12 18:13:00,H001,P001,Living Room,Yes,No,Yes,Yes,0.13,Relaxing
2026-09-12 18:21:00,H001,P001,Living Room,Yes,No,Yes,Yes,0.19,Relaxing
2026-09-12 18:22:00,H001,P001,Living Room,Yes,Yes,Yes,Yes,0.17,Relaxing
2026-09-12 18:50:00,H001,P001,Kitchen,Yes,No,Yes,No,1.04,Cooking
2026-09-12 18:51:00,H001,P001,Kitchen,Yes,No,Yes,No,0.97,Cooking
2026-09-12 18:56:00,H001,P001,Kitchen,Yes,No,Yes,No,1.17,Cooking
2026-09-12 19:08:00,H001,P001,Kitchen,Yes,No,Yes,No,1.17,Cooking
2026-09-12 19:15:00,H001,P001,Kitchen,Yes,Yes,Yes,No,0.92,Cooking
2026-09-12 19:15:00,H001,P001,Kitchen,Yes,No,Yes,No,1.12,Cooking
2026-09-12 19:21:00,H001,P001,Kitchen,Yes,No,Yes,No,0.35,Eating
2026-09-12 19:35:00,H001,P001,Kitchen,Yes,No,Yes,No,0.27,Eating
2026-09-12 19:40:00,H001,P001,Kitchen,Yes,No,Yes,No,0.31,Eating
2026-09-12 20:14:00,H001,P001,Living Room,Yes,No,Yes,Yes,0.22,Watching TV
2026-09-12 20:48:00,H001,P001,Living Room,Yes,No,Yes,Yes,0.18,Watching TV
2026-09-12 21:55:00,H001,P001,Living Room,Yes,No,Yes,Yes,0.12,Watching TV
2026-09-12 22:38:00,H001,P001,Bedroom,Yes,No,No,No,0.05,Sleeping
2026-09-12 23:38:00,H001,P001,Bedroom,Yes,No,No,No,0.06,Sleeping
2026-09-12 23:43:00,H001,P001,Bedroom,Yes,No,No,No,0.06,Sleeping
2026-09-13 01:00:00,H001,P001,Bedroom,Yes,No,No,No,0.08,Sleeping
2026-09-13 03:46:00,H001,P001,Bedroom,Yes,No,No,No,0.06,Sleeping
2026-09-13 05:59:00,H001,P001,Bedroom,Yes,Yes,No,No,0.06,Sleeping
2026-09-13 06:35:00,H001,P001,Living Room,Yes,No,Yes,No,0.22,Exercise
2026-09-13 06:38:00,H001,P001,Living Room,Yes,No,Yes,No,0.21,Exercise
2026-09-13 06:59:00,H001,P001,Living Room,Yes,No,Yes,No,0.21,Exercise
2026-09-13 07:00:00,H001,P001,Living Room,Yes,No,Yes,No,0.2,Exercise
2026-09-13 07:17:00,H001,P001,Kitchen,Yes,No,Yes,No,1.0,Cooking
2026-09-13 07:22:00,H001,P001,Kitchen,Yes,No,Yes,No,0.88,Cooking
2026-09-13 07:29:00,H001,P001,Kitchen,Yes,No,Yes,No,0.88,Cooking
2026-09-13 07:29:00,H001,P001,Kitchen,Yes,No,Yes,No,1.14,Cooking
2026-09-13 07:35:00,H001,P001,Kitchen,Yes,No,Yes,No,1.12,Cooking
2026-09-13 07:35:00,H001,P001,Kitchen,Yes,No,Yes,No,1.04,Cooking
2026-09-13 07:45:00,H001,P001,Kitchen,Yes,No,Yes,No,0.27,Eating
2026-09-13 07:58:00,H001,P001,Kitchen,Yes,No,Yes,No,0.34,Eating
2026-09-13 08:03:00,H001,P001,Kitchen,Yes,No,Yes,No,0.29,Eating
2026-09-13 08:05:00,H001,P001,Kitchen,Yes,No,Yes,No,0.34,Eating
2026-09-13 09:41:00,H001,P001,Living Room,Yes,No,Yes,No,0.23,Working
2026-09-13 09:45:00,H001,P001,Living Room,Yes,No,Yes,No,0.29,Working
2026-09-13 09:47:00,H001,P001,Living Room,Yes,No,Yes,No,0.3,Working
2026-09-13 11:08:00,H001,P001,Living Room,Yes,No,Yes,No,0.21,Working
2026-09-13 11:29:00,H001,P001,Living Room,Yes,No,Yes,No,0.26,Working
2026-09-13 12:22:00,H001,P001,Living Room,Yes,No,Yes,No,0.26,Working
2026-09-13 12:39:00,H001,P001,Kitchen,Yes,Yes,Yes,No,0.36,Eating
2026-09-13 12:42:00,H001,P001,Kitchen,Yes,No,Yes,No,0.37,Eating
2026-09-13 12:43:00,H001,P001,Kitchen,Yes,No,Yes,No,0.33,Eating
2026-09-13 13:04:00,H001,P001,Kitchen,Yes,No,Yes,No,0.34,Eating
2026-09-13 14:11:00,H001,P001,Living Room,Yes,Yes,Yes,No,0.32,Working
2026-09-13 15:09:00,H001,P001,Living Room,Yes,No,Yes,No,0.32,Working
2026-09-13 16:25:00,H001,P001,Living Room,Yes,No,Yes,No,0.35,Working
2026-09-13 16:36:00,H001,P001,Living Room,Yes,No,Yes,No,0.24,Working
2026-09-13 16:40:00,H001,P001,Living Room,Yes,No,Yes,No,0.26,Working
2026-09-13 17:40:00,H001,P001,Living Room,Yes,No,Yes,Yes,0.13,Relaxing
2026-09-13 18:06:00,H001,P001,Living Room,Yes,No,Yes,Yes,0.16,Relaxing
2026-09-13 18:14:00,H001,P001,Living Room,Yes,No,Yes,Yes,0.16,Relaxing
2026-09-13 18:18:00,H001,P001,Living Room,Yes,No,Yes,Yes,0.18,Relaxing
2026-09-13 18:21:00,H001,P001,Living Room,Yes,No,Yes,Yes,0.12,Relaxing
2026-09-13 18:25:00,H001,P001,Living Room,Yes,No,Yes,Yes,0.19,Relaxing
2026-09-13 18:35:00,H001,P001,Kitchen,Yes,No,Yes,No,1.08,Cooking
2026-09-13 18:50:00,H001,P001,Kitchen,Yes,No,Yes,No,0.86,Cooking
2026-09-13 18:51:00,H001,P001,Kitchen,Yes,No,Yes,No,1.15,Cooking
2026-09-13 19:07:00,H001,P001,Kitchen,Yes,No,Yes,No,0.85,Cooking
2026-09-13 19:09:00,H001,P001,Kitchen,Yes,No,Yes,No,0.95,Cooking
2026-09-13 19:11:00,H001,P001,Kitchen,Yes,No,Yes,No,0.32,Eating
2026-09-13 19:21:00,H001,P001,Kitchen,Yes,No,Yes,No,0.29,Eating
2026-09-13 19:40:00,H001,P001,Kitchen,Yes,No,Yes,No,0.3,Eating
2026-09-13 19:57:00,H001,P001,Living Room,Yes,No,Yes,Yes,0.23,Watching TV
2026-09-13 20:09:00,H001,P001,Living Room,Yes,No,Yes,Yes,0.25,Watching TV
2026-09-13 20:46:00,H001,P001,Living Room,Yes,No,Yes,Yes,0.23,Watching TV
2026-09-13 21:19:00,H001,P001,Living Room,Yes,No,Yes,Yes,0.19,Watching TV
2026-09-13 21:54:00,H001,P001,Living Room,Yes,No,Yes,Yes,0.22,Watching TV
2026-09-13 22:12:00,H001,P001,Bedroom,Yes,No,No,No,0.05,Sleeping
2026-09-13 22:52:00,H001,P001,Bedroom,Yes,No,No,No,0.08,Sleeping
2026-09-13 23:57:00,H001,P001,Bedroom,Yes,No,No,No,0.08,Sleeping
2026-09-14 00:43:00,H001,P001,Bedroom,Yes,No,No,No,0.05,Sleeping
2026-09-14 00:52:00,H001,P001,Bedroom,Yes,No,No,No,0.05,Sleeping
2026-09-14 02:34:00,H001,P001,Bedroom,Yes,No,No,No,0.05,Sleeping
2026-09-14 05:01:00,H001,P001,Bedroom,Yes,No,No,No,0.06,Sleeping
2026-09-14 05:45:00,H001,P001,Bedroom,Yes,No,No,No,0.06,Sleeping
2026-09-14 06:31:00,H001,P001,Living Room,Yes,Yes,Yes,No,0.21,Exercise
2026-09-14 06:54:00,H001,P001,Living Room,Yes,No,Yes,No,0.18,Exercise
2026-09-14 07:14:00,H001,P001,Living Room,Yes,No,Yes,No,0.3,Exercise
2026-09-14 07:20:00,H001,P001,Kitchen,Yes,No,Yes,No,1.1,Cooking
2026-09-14 07:20:00,H001,P001,Kitchen,Yes,No,Yes,No,0.98,Cooking
2026-09-14 07:24:00,H001,P001,Kitchen,Yes,No,Yes,No,0.86,Cooking
2026-09-14 07:29:00,H001,P001,Kitchen,Yes,No,Yes,No,1.05,Cooking
2026-09-14 07:35:00,H001,P001,Kitchen,Yes,Yes,Yes,No,1.06,Cooking
2026-09-14 07:43:00,H001,P001,Kitchen,Yes,Yes,Yes,No,0.27,Eating
2026-09-14 07:47:00,H001,P001,Kitchen,Yes,No,Yes,No,0.26,Eating
2026-09-14 08:06:00,H001,P001,Kitchen,Yes,No,Yes,No,0.34,Eating
2026-09-14 08:09:00,H001,P001,Kitchen,Yes,No,Yes,No,0.31,Eating
2026-09-14 10:14:00,H001,P001,Living Room,Yes,No,Yes,No,0.22,Working
2026-09-14 10:42:00,H001,P001,Living Room,Yes,No,Yes,No,0.27,Working
2026-09-14 11:29:00,H001,P001,Living Room,Yes,No,Yes,No,0.31,Working
2026-09-14 12:39:00,H001,P001,Kitchen,Yes,No,Yes,No,0.34,Eating
2026-09-14 12:56:00,H001,P001,Kitchen,Yes,No,Yes,No,0.36,Eating
2026-09-14 12:58:00,H001,P001,Kitchen,Yes,No,Yes,No,0.39,Eating
2026-09-14 13:20:00,H001,P001,Living Room,Yes,No,Yes,No,0.25,Working
2026-09-14 13:23:00,H001,P001,Living Room,Yes,Yes,Yes,No,0.22,Working
2026-09-14 14:33:00,H001,P001,Living Room,Yes,No,Yes,No,0.31,Working
2026-09-14 17:51:00,H001,P001,Living Room,Yes,No,Yes,Yes,0.18,Relaxing
2026-09-14 17:55:00,H001,P001,Living Room,Yes,Yes,Yes,Yes,0.11,Relaxing
2026-09-14 18:00:00,H001,P001,Living Room,Yes,No,Yes,Yes,0.12,Relaxing
2026-09-14 18:06:00,H001,P001,Living Room,Yes,No,Yes,Yes,0.13,Relaxing
2026-09-14 18:15:00,H001,P001,Living Room,Yes,Yes,Yes,Yes,0.15,Relaxing
2026-09-14 18:16:00,H001,P001,Living Room,Yes,No,Yes,Yes,0.13,Relaxing
2026-09-14 18:33:00,H001,P001,Kitchen,Yes,No,Yes,No,1.18,Cooking
2026-09-14 18:39:00,H001,P001,Kitchen,Yes,No,Yes,No,0.82,Cooking
2026-09-14 18:40:00,H001,P001,Kitchen,Yes,Yes,Yes,No,1.11,Cooking
2026-09-14 18:43:00,H001,P001,Kitchen,Yes,No,Yes,No,0.81,Cooking
2026-09-14 19:06:00,H001,P001,Kitchen,Yes,No,Yes,No,1.09,Cooking
2026-09-14 19:17:00,H001,P001,Kitchen,Yes,No,Yes,No,0.85,Cooking
2026-09-14 19:21:00,H001,P001,Kitchen,Yes,No,Yes,No,0.3,Eating
2026-09-14 19:25:00,H001,P001,Kitchen,Yes,No,Yes,No,0.27,Eating
2026-09-14 19:25:00,H001,P001,Kitchen,Yes,No,Yes,No,0.31,Eating
2026-09-14 19:35:00,H001,P001,Kitchen,Yes,Yes,Yes,No,0.36,Eating
2026-09-14 19:42:00,H001,P001,Kitchen,Yes,Yes,Yes,No,0.38,Eating
2026-09-14 19:50:00,H001,P001,Kitchen,Yes,No,Yes,No,0.27,Eating
2026-09-14 20:23:00,H001,P001,Living Room,Yes,No,Yes,Yes,0.13,Watching TV
2026-09-14 20:30:00,H001,P001,Living Room,Yes,No,Yes,Yes,0.24,Watching TV
2026-09-14 21:10:00,H001,P001,Living Room,Yes,No,Yes,Yes,0.19,Watching TV
2026-09-14 21:35:00,H001,P001,Living Room,Yes,No,Yes,Yes,0.17,Watching TV
2026-09-14 22:10:00,H001,P001,Bedroom,Yes,No,No,No,0.07,Sleeping
2026-09-14 22:39:00,H001,P001,Bedroom,Yes,Yes,No,No,0.06,Sleeping
2026-09-14 22:45:00,H001,P001,Bedroom,Yes,No,No,No,0.07,Sleeping
2026-09-14 23:45:00,H001,P001,Bedroom,Yes,No,No,No,0.08,Sleeping
2026-09-15 00:04:00,H001,P001,Bedroom,Yes,Yes,No,No,0.07,Sleeping
2026-09-15 01:43:00,H001,P001,Bedroom,Yes,No,No,No,0.06,Sleeping
2026-09-15 03:57:00,H001,P001,Bedroom,Yes,No,No,No,0.06,Sleeping
2026-09-15 05:20:00,H001,P001,Bedroom,Yes,No,No,No,0.05,Sleeping
2026-09-15 06:38:00,H001,P001,Living Room,Yes,Yes,Yes,No,0.29,Exercise
2026-09-15 06:39:00,H001,P001,Living Room,Yes,Yes,Yes,No,0.17,Exercise
2026-09-15 06:45:00,H001,P001,Living Room,Yes,No,Yes,No,0.3,Exercise
2026-09-15 06:51:00,H001,P001,Living Room,Yes,No,Yes,No,0.16,Exercise
2026-09-15 06:58:00,H001,P001,Living Room,Yes,No,Yes,No,0.3,Exercise
2026-09-15 07:04:00,H001,P001,Living Room,Yes,No,Yes,No,0.21,Exercise
2026-09-15 07:18:00,H001,P001,Kitchen,Yes,No,Yes,No,1.03,Cooking
2026-09-15 07:21:00,H001,P001,Kitchen,Yes,No,Yes,No,0.93,Cooking
2026-09-15 07:27:00,H001,P001,Kitchen,Yes,No,Yes,No,0.83,Cooking
2026-09-15 07:41:00,H001,P001,Kitchen,Yes,No,Yes,No,1.09,Cooking
2026-09-15 07:44:00,H001,P001,Kitchen,Yes,No,Yes,No,0.3,Eating
2026-09-15 07:45:00,H001,P001,Kitchen,Yes,No,Yes,No,0.3,Eating
2026-09-15 07:51:00,H001,P001,Kitchen,Yes,No,Yes,No,0.37,Eating
2026-09-15 07:58:00,H001,P001,Kitchen,Yes,No,Yes,No,0.38,Eating
2026-09-15 10:00:00,H001,P001,Living Room,Yes,Yes,Yes,No,0.3,Working
2026-09-15 10:20:00,H001,P001,Living Room,Yes,Yes,Yes,No,0.25,Working
2026-09-15 11:13:00,H001,P001,Living Room,Yes,No,Yes,No,0.3,Working
2026-09-15 12:32:00,H001,P001,Kitchen,Yes,No,Yes,No,0.32,Eating
2026-09-15 12:34:00,H001,P001,Kitchen,Yes,Yes,Yes,No,0.37,Eating
2026-09-15 12:41:00,H001,P001,Kitchen,Yes,No,Yes,No,0.31,Eating
2026-09-15 13:06:00,H001,P001,Kitchen,Yes,No,Yes,No,0.26,Eating
2026-09-15 13:08:00,H001,P001,Kitchen,Yes,No,Yes,No,0.32,Eating
2026-09-15 13:18:00,H001,P001,Kitchen,Yes,No,Yes,No,0.26,Eating
2026-09-15 13:24:00,H001,P001,Living Room,Yes,No,Yes,No,0.25,Working
2026-09-15 13:38:00,H001,P001,Living Room,Yes,Yes,Yes,No,0.34,Working
2026-09-15 15:01:00,H001,P001,Living Room,Yes,No,Yes,No,0.33,Working
2026-09-15 16:21:00,H001,P001,Living Room,Yes,No,Yes,No,0.25,Working
2026-09-15 17:49:00,H001,P001,Living Room,Yes,No,Yes,Yes,0.1,Relaxing
2026-09-15 17:51:00,H001,P001,Living Room,Yes,No,Yes,Yes,0.16,Relaxing
2026-09-15 17:59:00,H001,P001,Living Room,Yes,No,Yes,Yes,0.11,Relaxing
2026-09-15 18:13:00,H001,P001,Living Room,Yes,No,Yes,Yes,0.13,Relaxing
2026-09-15 18:24:00,H001,P001,Living Room,Yes,No,Yes,Yes,0.2,Relaxing
2026-09-15 18:36:00,H001,P001,Kitchen,Yes,No,Yes,No,0.89,Cooking
2026-09-15 18:54:00,H001,P001,Kitchen,Yes,No,Yes,No,1.11,Cooking
2026-09-15 18:56:00,H001,P001,Kitchen,Yes,No,Yes,No,0.96,Cooking
2026-09-15 19:16:00,H001,P001,Kitchen,Yes,No,Yes,No,0.4,Eating
2026-09-15 19:20:00,H001,P001,Kitchen,Yes,No,Yes,No,0.37,Eating
2026-09-15 19:26:00,H001,P001,Kitchen,Yes,Yes,Yes,No,0.35,Eating
2026-09-15 19:35:00,H001,P001,Kitchen,Yes,No,Yes,No,0.39,Eating
2026-09-15 19:39:00,H001,P001,Kitchen,Yes,No,Yes,No,0.4,Eating
2026-09-15 20:30:00,H001,P001,Living Room,Yes,No,Yes,Yes,0.23,Watching TV
2026-09-15 20:33:00,H001,P001,Living Room,Yes,No,Yes,Yes,0.22,Watching TV
2026-09-15 21:25:00,H001,P001,Living Room,Yes,Yes,Yes,Yes,0.21,Watching TV
2026-09-15 21:59:00,H001,P001,Living Room,Yes,No,Yes,Yes,0.18,Watching TV
2026-09-15 22:05:00,H001,P001,Bedroom,Yes,No,No,No,0.05,Sleeping
2026-09-15 22:56:00,H001,P001,Bedroom,Yes,No,No,No,0.07,Sleeping
2026-09-15 23:40:00,H001,P001,Bedroom,Yes,No,No,No,0.06,Sleeping
2026-09-16 00:25:00,H001,P001,Bedroom,Yes,Yes,No,No,0.07,Sleeping
2026-09-16 00:37:00,H001,P001,Bedroom,Yes,No,No,No,0.07,Sleeping
2026-09-16 01:08:00,H001,P001,Bedroom,Yes,No,No,No,0.08,Sleeping
2026-09-16 01:21:00,H001,P001,Bedroom,Yes,No,No,No,0.08,Sleeping
2026-09-16 04:56:00,H001,P001,Bedroom,Yes,No,No,No,0.06,Sleeping
2026-09-16 06:36:00,H001,P001,Living Room,Yes,No,Yes,No,0.29,Exercise
2026-09-16 06:44:00,H001,P001,Living Room,Yes,No,Yes,No,0.29,Exercise
2026-09-16 06:50:00,H001,P001,Living Room,Yes,No,Yes,No,0.27,Exercise
2026-09-16 06:53:00,H001,P001,Living Room,Yes,No,Yes,No,0.19,Exercise
2026-09-16 06:59:00,H001,P001,Living Room,Yes,Yes,Yes,No,0.24,Exercise
2026-09-16 07:21:00,H001,P001,Kitchen,Yes,No,Yes,No,1.19,Cooking
2026-09-16 07:25:00,H001,P001,Kitchen,Yes,No,Yes,No,0.84,Cooking
2026-09-16 07:39:00,H001,P001,Kitchen,Yes,Yes,Yes,No,1.0,Cooking
2026-09-16 07:42:00,H001,P001,Kitchen,Yes,No,Yes,No,1.15,Cooking
2026-09-16 07:44:00,H001,P001,Kitchen,Yes,No,Yes,No,0.35,Eating
2026-09-16 07:47:00,H001,P001,Kitchen,Yes,No,Yes,No,0.31,Eating
2026-09-16 07:51:00,H001,P001,Kitchen,Yes,No,Yes,No,0.31,Eating
2026-09-16 07:55:00,H001,P001,Kitchen,Yes,No,Yes,No,0.36,Eating
2026-09-16 08:03:00,H001,P001,Kitchen,Yes,Yes,Yes,No,0.32,Eating
2026-09-16 08:08:00,H001,P001,Kitchen,Yes,No,Yes,No,0.28,Eating
2026-09-16 08:42:00,H001,P001,Living Room,Yes,No,Yes,No,0.23,Working
2026-09-16 08:57:00,H001,P001,Living Room,Yes,No,Yes,No,0.28,Working
2026-09-16 08:59:00,H001,P001,Living Room,Yes,No,Yes,No,0.33,Working
2026-09-16 09:28:00,H001,P001,Living Room,Yes,No,Yes,No,0.33,Working
2026-09-16 11:49:00,H001,P001,Living Room,Yes,Yes,Yes,No,0.24,Working
2026-09-16 12:12:00,H001,P001,Living Room,Yes,No,Yes,No,0.29,Working
2026-09-16 12:34:00,H001,P001,Kitchen,Yes,No,Yes,No,0.38,Eating
2026-09-16 12:34:00,H001,P001,Kitchen,Yes,No,Yes,No,0.31,Eating
2026-09-16 12:51:00,H001,P001,Kitchen,Yes,No,Yes,No,0.29,Eating
2026-09-16 12:59:00,H001,P001,Kitchen,Yes,No,Yes,No,0.36,Eating
2026-09-16 13:34:00,H001,P001,Living Room,Yes,No,Yes,No,0.29,Working
2026-09-16 14:18:00,H001,P001,Living Room,Yes,No,Yes,No,0.25,Working
2026-09-16 16:36:00,H001,P001,Living Room,Yes,No,Yes,No,0.33,Working
2026-09-16 16:50:00,H001,P001,Living Room,Yes,No,Yes,No,0.26,Working
2026-09-16 17:21:00,H001,P001,Living Room,Yes,No,Yes,No,0.2,Working
2026-09-16 17:48:00,H001,P001,Living Room,Yes,No,Yes,Yes,0.12,Relaxing
2026-09-16 17:51:00,H001,P001,Living Room,Yes,Yes,Yes,Yes,0.18,Relaxing
2026-09-16 18:05:00,H001,P001,Living Room,Yes,No,Yes,Yes,0.16,Relaxing
2026-09-16 18:08:00,H001,P001,Living Room,Yes,Yes,Yes,Yes,0.13,Relaxing
2026-09-16 18:27:00,H001,P001,Living Room,Yes,No,Yes,Yes,0.14,Relaxing
2026-09-16 18:36:00,H001,P001,Kitchen,Yes,No,Yes,No,1.09,Cooking
2026-09-16 18:57:00,H001,P001,Kitchen,Yes,No,Yes,No,1.01,Cooking
2026-09-16 19:04:00,H001,P001,Kitchen,Yes,No,Yes,No,0.99,Cooking
2026-09-16 19:24:00,H001,P001,Kitchen,Yes,No,Yes,No,0.4,Eating
2026-09-16 19:26:00,H001,P001,Kitchen,Yes,Yes,Yes,No,0.31,Eating
2026-09-16 19:31:00,H001,P001,Kitchen,Yes,No,Yes,No,0.39,Eating
2026-09-16 19:40:00,H001,P001,Kitchen,Yes,No,Yes,No,0.34,Eating
2026-09-16 20:13:00,H001,P001,Living Room,Yes,No,Yes,Yes,0.19,Watching TV
2026-09-16 21:03:00,H001,P001,Living Room,Yes,No,Yes,Yes,0.23,Watching TV
2026-09-16 21:33:00,H001,P001,Living Room,Yes,No,Yes,Yes,0.14,Watching TV
2026-09-16 22:34:00,H001,P001,Bedroom,Yes,No,No,No,0.07,Sleeping
2026-09-16 22:39:00,H001,P001,Bedroom,Yes,No,No,No,0.08,Sleeping
2026-09-16 23:54:00,H001,P001,Bedroom,Yes,No,No,No,0.05,Sleeping
2026-09-17 00:16:00,H001,P001,Bedroom,Yes,No,No,No,0.05,Sleeping
2026-09-17 02:17:00,H001,P001,Bedroom,Yes,Yes,No,No,0.07,Sleeping
2026-09-17 02:34:00,H001,P001,Bedroom,Yes,No,No,No,0.06,Sleeping
2026-09-17 02:47:00,H001,P001,Bedroom,Yes,Yes,No,No,0.06,Sleeping
2026-09-17 05:16:00,H001,P001,Bedroom,Yes,No,No,No,0.05,Sleeping
2026-09-17 06:01:00,H001,P001,Bedroom,Yes,Yes,No,No,0.08,Sleeping
2026-09-17 06:44:00,H001,P001,Living Room,Yes,No,Yes,No,0.26,Exercise
2026-09-17 06:48:00,H001,P001,Living Room,Yes,No,Yes,No,0.17,Exercise
2026-09-17 06:51:00,H001,P001,Living Room,Yes,No,Yes,No,0.2,Exercise
2026-09-17 07:00:00,H001,P001,Living Room,Yes,No,Yes,No,0.18,Exercise
2026-09-17 07:23:00,H001,P001,Kitchen,Yes,No,Yes,No,1.0,Cooking
2026-09-17 07:24:00,H001,P001,Kitchen,Yes,No,Yes,No,1.08,Cooking
2026-09-17 07:35:00,H001,P001,Kitchen,Yes,Yes,Yes,No,0.88,Cooking
2026-09-17 07:39:00,H001,P001,Kitchen,Yes,No,Yes,No,0.9,Cooking
2026-09-17 07:40:00,H001,P001,Kitchen,Yes,No,Yes,No,1.11,Cooking
2026-09-17 07:56:00,H001,P001,Kitchen,Yes,No,Yes,No,0.32,Eating
2026-09-17 08:01:00,H001,P001,Kitchen,Yes,No,Yes,No,0.32,Eating
2026-09-17 08:02:00,H001,P001,Kitchen,Yes,No,Yes,No,0.38,Eating
2026-09-17 08:12:00,H001,P001,Living Room,Yes,No,Yes,No,0.32,Working
2026-09-17 08:16:00,H001,P001,Living Room,Yes,No,Yes,No,0.29,Working
2026-09-17 08:55:00,H001,P001,Living Room,Yes,Yes,Yes,No,0.19,Working
2026-09-17 09:57:00,H001,P001,Living Room,Yes,No,Yes,No,0.3,Working
2026-09-17 10:32:00,H001,P001,Living Room,Yes,No,Yes,No,0.18,Working
2026-09-17 12:31:00,H001,P001,Kitchen,Yes,No,Yes,No,0.35,Eating
2026-09-17 12:54:00,H001,P001,Kitchen,Yes,No,Yes,No,0.32,Eating
2026-09-17 12:56:00,H001,P001,Kitchen,Yes,No,Yes,No,0.34,Eating
2026-09-17 13:10:00,H001,P001,Kitchen,Yes,No,Yes,No,0.31,Eating
2026-09-17 13:16:00,H001,P001,Kitchen,Yes,No,Yes,No,0.31,Eating
2026-09-17 14:30:00,H001,P001,Living Room,Yes,No,Yes,No,0.23,Working
2026-09-17 16:06:00,H001,P001,Living Room,Yes,No,Yes,No,0.24,Working
2026-09-17 16:07:00,H001,P001,Living Room,Yes,No,Yes,No,0.21,Working
2026-09-17 16:28:00,H001,P001,Living Room,Yes,No,Yes,No,0.32,Working
2026-09-17 16:44:00,H001,P001,Living Room,Yes,No,Yes,No,0.23,Working
2026-09-17 17:47:00,H001,P001,Living Room,Yes,No,Yes,Yes,0.17,Relaxing
2026-09-17 18:11:00,H001,P001,Living Room,Yes,No,Yes,Yes,0.2,Relaxing
2026-09-17 18:11:00,H001,P001,Living Room,Yes,No,Yes,Yes,0.13,Relaxing
2026-09-17 18:13:00,H001,P001,Living Room,Yes,No,Yes,Yes,0.16,Relaxing
2026-09-17 18:37:00,H001,P001,Kitchen,Yes,No,Yes,No,1.02,Cooking
2026-09-17 18:44:00,H001,P001,Kitchen,Yes,No,Yes,No,1.15,Cooking
2026-09-17 18:46:00,H001,P001,Kitchen,Yes,No,Yes,No,1.06,Cooking
2026-09-17 18:56:00,H001,P001,Kitchen,Yes,No,Yes,No,1.03,Cooking
2026-09-17 19:12:00,H001,P001,Kitchen,Yes,No,Yes,No,1.14,Cooking
2026-09-17 19:15:00,H001,P001,Kitchen,Yes,No,Yes,No,0.84,Cooking
2026-09-17 19:21:00,H001,P001,Kitchen,Yes,No,Yes,No,0.33,Eating
2026-09-17 19:21:00,H001,P001,Kitchen,Yes,No,Yes,No,0.3,Eating
2026-09-17 19:22:00,H001,P001,Kitchen,Yes,No,Yes,No,0.4,Eating
2026-09-17 19:24:00,H001,P001,Kitchen,Yes,Yes,Yes,No,0.35,Eating
2026-09-17 19:41:00,H001,P001,Kitchen,Yes,No,Yes,No,0.36,Eating
2026-09-17 19:42:00,H001,P001,Kitchen,Yes,No,Yes,No,0.26,Eating
2026-09-17 19:59:00,H001,P001,Living Room,Yes,No,Yes,Yes,0.15,Watching TV
2026-09-17 20:02:00,H001,P001,Living Room,Yes,No,Yes,Yes,0.17,Watching TV
2026-09-17 20:09:00,H001,P001,Living Room,Yes,No,Yes,Yes,0.2,Watching TV
2026-09-17 20:37:00,H001,P001,Living Room,Yes,No,Yes,Yes,0.18,Watching TV
2026-09-17 21:34:00,H001,P001,Living Room,Yes,No,Yes,Yes,0.17,Watching TV
2026-09-17 22:07:00,H001,P001,Bedroom,Yes,Yes,No,No,0.07,Sleeping
2026-09-17 22:28:00,H001,P001,Bedroom,Yes,No,No,No,0.05,Sleeping
2026-09-17 23:54:00,H001,P001,Bedroom,Yes,No,No,No,0.07,Sleeping
2026-09-18 01:21:00,H001,P001,Bedroom,Yes,No,No,No,0.06,Sleeping
2026-09-18 02:30:00,H001,P001,Bedroom,Yes,No,No,No,0.07,Sleeping
2026-09-18 02:53:00,H001,P001,Bedroom,Yes,No,No,No,0.08,Sleeping
2026-09-18 02:57:00,H001,P001,Bedroom,Yes,No,No,No,0.06,Sleeping
2026-09-18 03:21:00,H001,P001,Bedroom,Yes,No,No,No,0.07,Sleeping
2026-09-18 06:38:00,H001,P001,Living Room,Yes,No,Yes,No,0.18,Exercise
2026-09-18 06:58:00,H001,P001,Living Room,Yes,No,Yes,No,0.21,Exercise
2026-09-18 07:03:00,H001,P001,Living Room,Yes,No,Yes,No,0.25,Exercise
2026-09-18 07:09:00,H001,P001,Living Room,Yes,No,Yes,No,0.24,Exercise
2026-09-18 07:12:00,H001,P001,Kitchen,Yes,No,Yes,No,0.95,Cooking
2026-09-18 07:31:00,H001,P001,Kitchen,Yes,No,Yes,No,0.86,Cooking
2026-09-18 07:42:00,H001,P001,Kitchen,Yes,No,Yes,No,0.92,Cooking
2026-09-18 07:50:00,H001,P001,Kitchen,Yes,No,Yes,No,0.27,Eating
2026-09-18 08:09:00,H001,P001,Kitchen,Yes,No,Yes,No,0.34,Eating
2026-09-18 08:12:00,H001,P001,Kitchen,Yes,Yes,Yes,No,0.27,Eating
2026-09-18 08:33:00,H001,P001,Living Room,Yes,No,Yes,No,0.22,Working
2026-09-18 09:53:00,H001,P001,Living Room,Yes,No,Yes,No,0.23,Working
2026-09-18 12:22:00,H001,P001,Living Room,Yes,No,Yes,No,0.31,Working
2026-09-18 12:36:00,H001,P001,Kitchen,Yes,No,Yes,No,0.3,Eating
2026-09-18 12:38:00,H001,P001,Kitchen,Yes,Yes,Yes,No,0.36,Eating
2026-09-18 12:41:00,H001,P001,Kitchen,Yes,No,Yes,No,0.27,Eating
2026-09-18 12:47:00,H001,P001,Kitchen,Yes,No,Yes,No,0.26,Eating
2026-09-18 12:49:00,H001,P001,Kitchen,Yes,Yes,Yes,No,0.35,Eating
2026-09-18 12:51:00,H001,P001,Kitchen,Yes,No,Yes,No,0.4,Eating
2026-09-18 13:21:00,H001,P001,Living Room,Yes,No,Yes,No,0.29,Working
2026-09-18 13:58:00,H001,P001,Living Room,Yes,No,Yes,No,0.25,Working
2026-09-18 15:00:00,H001,P001,Living Room,Yes,Yes,Yes,No,0.31,Working
2026-09-18 15:53:00,H001,P001,Living Room,Yes,No,Yes,No,0.2,Working
2026-09-18 16:43:00,H001,P001,Living Room,Yes,No,Yes,No,0.25,Working
2026-09-18 17:33:00,H001,P001,Living Room,Yes,No,Yes,Yes,0.18,Relaxing
2026-09-18 17:37:00,H001,P001,Living Room,Yes,No,Yes,Yes,0.15,Relaxing
2026-09-18 17:48:00,H001,P001,Living Room,Yes,No,Yes,Yes,0.15,Relaxing
2026-09-18 18:01:00,H001,P001,Living Room,Yes,No,Yes,Yes,0.12,Relaxing
2026-09-18 18:11:00,H001,P001,Living Room,Yes,No,Yes,Yes,0.16,Relaxing
2026-09-18 18:19:00,H001,P001,Living Room,Yes,No,Yes,Yes,0.19,Relaxing
2026-09-18 18:28:00,H001,P001,Kitchen,Yes,No,Yes,No,0.93,Cooking
2026-09-18 19:02:00,H001,P001,Kitchen,Yes,Yes,Yes,No,0.96,Cooking
2026-09-18 19:04:00,H001,P001,Kitchen,Yes,No,Yes,No,1.07,Cooking
2026-09-18 19:13:00,H001,P001,Kitchen,Yes,No,Yes,No,0.27,Eating
2026-09-18 19:16:00,H001,P001,Kitchen,Yes,No,Yes,No,1.03,Cooking
2026-09-18 19:36:00,H001,P001,Kitchen,Yes,No,Yes,No,0.33,Eating
2026-09-18 19:47:00,H001,P001,Kitchen,Yes,No,Yes,No,0.32,Eating
2026-09-18 19:47:00,H001,P001,Kitchen,Yes,No,Yes,No,0.26,Eating
2026-09-18 19:51:00,H001,P001,Kitchen,Yes,No,Yes,No,0.34,Eating
2026-09-18 20:22:00,H001,P001,Living Room,Yes,No,Yes,Yes,0.12,Watching TV
2026-09-18 20:46:00,H001,P001,Living Room,Yes,No,Yes,Yes,0.22,Watching TV
2026-09-18 21:10:00,H001,P001,Living Room,Yes,No,Yes,Yes,0.16,Watching TV
2026-09-18 21:34:00,H001,P001,Living Room,Yes,Yes,Yes,Yes,0.19,Watching TV
2026-09-18 21:40:00,H001,P001,Living Room,Yes,No,Yes,Yes,0.18,Watching TV
2026-09-18 21:57:00,H001,P001,Living Room,Yes,No,Yes,Yes,0.17,Watching TV
2026-09-18 22:58:00,H001,P001,Bedroom,Yes,No,No,No,0.05,Sleeping
2026-09-18 23:45:00,H001,P001,Bedroom,Yes,No,No,No,0.07,Sleeping
2026-09-18 23:56:00,H001,P001,Bedroom,Yes,No,No,No,0.07,Sleeping
2026-09-19 00:54:00,H001,P001,Bedroom,Yes,No,No,No,0.06,Sleeping
2026-09-19 03:52:00,H001,P001,Bedroom,Yes,No,No,No,0.07,Sleeping
2026-09-19 04:07:00,H001,P001,Bedroom,Yes,No,No,No,0.06,Sleeping
2026-09-19 05:23:00,H001,P001,Bedroom,Yes,No,No,No,0.06,Sleeping
2026-09-19 06:29:00,H001,P001,Living Room,Yes,No,Yes,No,0.27,Exercise
2026-09-19 06:38:00,H001,P001,Living Room,Yes,No,Yes,No,0.27,Exercise
2026-09-19 06:52:00,H001,P001,Living Room,Yes,No,Yes,No,0.18,Exercise
2026-09-19 07:28:00,H001,P001,Kitchen,Yes,No,Yes,No,0.8,Cooking
2026-09-19 07:37:00,H001,P001,Kitchen,Yes,Yes,Yes,No,0.97,Cooking
2026-09-19 07:41:00,H001,P001,Kitchen,Yes,No,Yes,No,1.04,Cooking
2026-09-19 07:45:00,H001,P001,Kitchen,Yes,No,Yes,No,0.34,Eating
2026-09-19 07:49:00,H001,P001,Kitchen,Yes,No,Yes,No,1.04,Cooking
2026-09-19 07:58:00,H001,P001,Kitchen,Yes,No,Yes,No,0.28,Eating
2026-09-19 08:03:00,H001,P001,Kitchen,Yes,No,Yes,No,0.32,Eating
2026-09-19 09:59:00,H001,P001,Living Room,Yes,No,Yes,No,0.3,Working
2026-09-19 10:16:00,H001,P001,Living Room,Yes,No,Yes,No,0.24,Working
2026-09-19 10:42:00,H001,P001,Living Room,Yes,No,Yes,No,0.2,Working
2026-09-19 10:46:00,H001,P001,Living Room,Yes,No,Yes,No,0.3,Working
2026-09-19 12:29:00,H001,P001,Living Room,Yes,No,Yes,No,0.28,Working
2026-09-19 12:37:00,H001,P001,Kitchen,Yes,No,Yes,No,0.34,Eating
2026-09-19 12:44:00,H001,P001,Kitchen,Yes,No,Yes,No,0.35,Eating
2026-09-19 13:03:00,H001,P001,Kitchen,Yes,No,Yes,No,0.31,Eating
2026-09-19 13:10:00,H001,P001,Kitchen,Yes,No,Yes,No,0.35,Eating
2026-09-19 13:13:00,H001,P001,Kitchen,Yes,No,Yes,No,0.38,Eating
2026-09-19 13:55:00,H001,P001,Living Room,Yes,No,Yes,No,0.2,Working
2026-09-19 15:24:00,H001,P001,Living Room,Yes,Yes,Yes,No,0.2,Working
2026-09-19 16:01:00,H001,P001,Living Room,Yes,No,Yes,No,0.31,Working
2026-09-19 17:54:00,H001,P001,Living Room,Yes,Yes,Yes,Yes,0.19,Relaxing
2026-09-19 18:13:00,H001,P001,Living Room,Yes,No,Yes,Yes,0.15,Relaxing
2026-09-19 18:20:00,H001,P001,Living Room,Yes,No,Yes,Yes,0.17,Relaxing
2026-09-19 18:29:00,H001,P001,Kitchen,Yes,No,Yes,No,1.15,Cooking
2026-09-19 18:48:00,H001,P001,Kitchen,Yes,No,Yes,No,1.12,Cooking
2026-09-19 18:53:00,H001,P001,Kitchen,Yes,Yes,Yes,No,0.95,Cooking
2026-09-19 18:56:00,H001,P001,Kitchen,Yes,No,Yes,No,1.08,Cooking
2026-09-19 19:01:00,H001,P001,Kitchen,Yes,No,Yes,No,1.02,Cooking
2026-09-19 19:11:00,H001,P001,Kitchen,Yes,No,Yes,No,1.02,Cooking
2026-09-19 19:16:00,H001,P001,Kitchen,Yes,No,Yes,No,0.36,Eating
2026-09-19 19:23:00,H001,P001,Kitchen,Yes,Yes,Yes,No,0.29,Eating
2026-09-19 19:26:00,H001,P001,Kitchen,Yes,No,Yes,No,0.4,Eating
2026-09-19 19:28:00,H001,P001,Kitchen,Yes,No,Yes,No,0.38,Eating
2026-09-19 20:29:00,H001,P001,Living Room,Yes,No,Yes,Yes,0.22,Watching TV
2026-09-19 21:09:00,H001,P001,Living Room,Yes,No,Yes,Yes,0.19,Watching TV
2026-09-19 21:16:00,H001,P001,Living Room,Yes,No,Yes,Yes,0.14,Watching TV
2026-09-19 23:02:00,H001,P001,Bedroom,Yes,No,No,No,0.05,Sleeping
2026-09-19 23:12:00,H001,P001,Bedroom,Yes,No,No,No,0.06,Sleeping
2026-09-19 23:40:00,H001,P001,Bedroom,Yes,No,No,No,0.08,Sleeping
2026-09-20 03:46:00,H001,P001,Bedroom,Yes,No,No,No,0.07,Sleeping
2026-09-20 05:39:00,H001,P001,Bedroom,Yes,No,No,No,0.06,Sleeping
2026-09-20 06:29:00,H001,P001,Bedroom,Yes,No,No,No,0.08,Sleeping
2026-09-20 06:30:00,H001,P001,Bedroom,Yes,Yes,No,No,0.07,Sleeping
2026-09-20 06:34:00,H001,P001,Living Room,Yes,No,Yes,No,0.21,Exercise
2026-09-20 06:37:00,H001,P001,Living Room,Yes,No,Yes,No,0.21,Exercise
2026-09-20 06:38:00,H001,P001,Living Room,Yes,No,Yes,No,0.26,Exercise
2026-09-20 07:04:00,H001,P001,Living Room,Yes,No,Yes,No,0.19,Exercise
2026-09-20 07:26:00,H001,P001,Kitchen,Yes,No,Yes,No,0.89,Cooking
2026-09-20 07:28:00,H001,P001,Kitchen,Yes,Yes,Yes,No,0.84,Cooking
2026-09-20 07:37:00,H001,P001,Kitchen,Yes,No,Yes,No,0.88,Cooking
2026-09-20 07:42:00,H001,P001,Kitchen,Yes,No,Yes,No,1.05,Cooking
2026-09-20 07:49:00,H001,P001,Kitchen,Yes,No,Yes,No,0.34,Eating
2026-09-20 07:51:00,H001,P001,Kitchen,Yes,No,Yes,No,0.32,Eating
2026-09-20 07:51:00,H001,P001,Kitchen,Yes,Yes,Yes,No,0.36,Eating
2026-09-20 07:58:00,H001,P001,Kitchen,Yes,No,Yes,No,0.31,Eating
2026-09-20 07:59:00,H001,P001,Kitchen,Yes,Yes,Yes,No,0.26,Eating
2026-09-20 08:01:00,H001,P001,Kitchen,Yes,No,Yes,No,0.27,Eating
2026-09-20 08:29:00,H001,P001,Living Room,Yes,No,Yes,No,0.27,Working
2026-09-20 10:43:00,H001,P001,Living Room,Yes,No,Yes,No,0.19,Working
2026-09-20 11:55:00,H001,P001,Living Room,Yes,No,Yes,No,0.29,Working
2026-09-20 12:34:00,H001,P001,Kitchen,Yes,No,Yes,No,0.36,Eating
2026-09-20 12:43:00,H001,P001,Kitchen,Yes,No,Yes,No,0.36,Eating
2026-09-20 13:03:00,H001,P001,Kitchen,Yes,No,Yes,No,0.27,Eating
2026-09-20 13:08:00,H001,P001,Kitchen,Yes,Yes,Yes,No,0.26,Eating
2026-09-20 13:10:00,H001,P001,Kitchen,Yes,No,Yes,No,0.33,Eating
2026-09-20 13:18:00,H001,P001,Kitchen,Yes,No,Yes,No,0.39,Eating
2026-09-20 13:48:00,H001,P001,Living Room,Yes,No,Yes,No,0.28,Working
2026-09-20 14:10:00,H001,P001,Living Room,Yes,No,Yes,No,0.32,Working
2026-09-20 14:17:00,H001,P001,Living Room,Yes,Yes,Yes,No,0.29,Working
2026-09-20 15:35:00,H001,P001,Living Room,Yes,No,Yes,No,0.34,Working
2026-09-20 17:32:00,H001,P001,Living Room,Yes,No,Yes,No,0.27,Working
2026-09-20 17:32:00,H001,P001,Living Room,Yes,No,Yes,Yes,0.15,Relaxing
2026-09-20 18:08:00,H001,P001,Living Room,Yes,No,Yes,Yes,0.12,Relaxing
2026-09-20 18:09:00,H001,P001,Living Room,Yes,No,Yes,Yes,0.14,Relaxing
2026-09-20 18:14:00,H001,P001,Living Room,Yes,No,Yes,Yes,0.16,Relaxing
2026-09-20 18:17:00,H001,P001,Living Room,Yes,No,Yes,Yes,0.13,Relaxing
2026-09-20 18:43:00,H001,P001,Kitchen,Yes,No,Yes,No,1.15,Cooking
2026-09-20 18:49:00,H001,P001,Kitchen,Yes,No,Yes,No,1.14,Cooking
2026-09-20 18:51:00,H001,P001,Kitchen,Yes,No,Yes,No,0.93,Cooking
2026-09-20 19:01:00,H001,P001,Kitchen,Yes,No,Yes,No,0.92,Cooking
2026-09-20 19:01:00,H001,P001,Kitchen,Yes,No,Yes,No,1.04,Cooking
2026-09-20 19:15:00,H001,P001,Kitchen,Yes,No,Yes,No,0.38,Eating
2026-09-20 19:20:00,H001,P001,Kitchen,Yes,No,Yes,No,0.37,Eating
2026-09-20 19:23:00,H001,P001,Kitchen,Yes,No,Yes,No,0.33,Eating
2026-09-20 19:26:00,H001,P001,Kitchen,Yes,No,Yes,No,0.36,Eating
2026-09-20 19:51:00,H001,P001,Kitchen,Yes,No,Yes,No,0.27,Eating
2026-09-20 20:29:00,H001,P001,Living Room,Yes,No,Yes,Yes,0.13,Watching TV
2026-09-20 20:35:00,H001,P001,Living Room,Yes,Yes,Yes,Yes,0.14,Watching TV
2026-09-20 20:51:00,H001,P001,Living Room,Yes,No,Yes,Yes,0.16,Watching TV
2026-09-20 21:51:00,H001,P001,Living Room,Yes,No,Yes,Yes,0.17,Watching TV
2026-09-20 21:52:00,H001,P001,Living Room,Yes,Yes,Yes,Yes,0.17,Watching TV
2026-09-20 21:53:00,H001,P001,Living Room,Yes,No,Yes,Yes,0.23,Watching TV
2026-09-20 22:10:00,H001,P001,Bedroom,Yes,No,No,No,0.07,Sleeping
2026-09-20 22:51:00,H001,P001,Bedroom,Yes,No,No,No,0.08,Sleeping
2026-09-20 23:23:00,H001,P001,Bedroom,Yes,No,No,No,0.07,Sleeping
2026-09-21 00:42:00,H001,P001,Bedroom,Yes,No,No,No,0.08,Sleeping
2026-09-21 01:57:00,H001,P001,Bedroom,Yes,No,No,No,0.07,Sleeping
2026-09-21 02:58:00,H001,P001,Bedroom,Yes,No,No,No,0.08,Sleeping
2026-09-21 03:17:00,H001,P001,Bedroom,Yes,No,No,No,0.07,Sleeping
2026-09-21 06:18:00,H001,P001,Bedroom,Yes,No,No,No,0.07,Sleeping
2026-09-21 06:40:00,H001,P001,Living Room,Yes,No,Yes,No,0.27,Exercise
2026-09-21 06:59:00,H001,P001,Living Room,Yes,No,Yes,No,0.18,Exercise
2026-09-21 07:07:00,H001,P001,Living Room,Yes,No,Yes,No,0.17,Exercise
2026-09-21 07:28:00,H001,P001,Kitchen,Yes,No,Yes,No,0.99,Cooking
2026-09-21 07:32:00,H001,P001,Kitchen,Yes,No,Yes,No,0.86,Cooking
2026-09-21 07:37:00,H001,P001,Kitchen,Yes,No,Yes,No,1.05,Cooking
2026-09-21 07:42:00,H001,P001,Kitchen,Yes,Yes,Yes,No,0.82,Cooking
2026-09-21 07:53:00,H001,P001,Kitchen,Yes,No,Yes,No,0.34,Eating
2026-09-21 08:00:00,H001,P001,Kitchen,Yes,Yes,Yes,No,0.29,Eating
2026-09-21 08:08:00,H001,P001,Kitchen,Yes,Yes,Yes,No,0.36,Eating
2026-09-21 08:51:00,H001,P001,Living Room,Yes,No,Yes,No,0.35,Working
2026-09-21 09:27:00,H001,P001,Living Room,Yes,No,Yes,No,0.21,Working
2026-09-21 10:22:00,H001,P001,Living Room,Yes,No,Yes,No,0.24,Working
2026-09-21 12:06:00,H001,P001,Living Room,Yes,No,Yes,No,0.22,Working
2026-09-21 12:13:00,H001,P001,Living Room,Yes,No,Yes,No,0.25,Working
2026-09-21 12:33:00,H001,P001,Kitchen,Yes,No,Yes,No,0.34,Eating
2026-09-21 12:34:00,H001,P001,Kitchen,Yes,Yes,Yes,No,0.33,Eating
2026-09-21 12:35:00,H001,P001,Kitchen,Yes,No,Yes,No,0.27,Eating
2026-09-21 12:35:00,H001,P001,Kitchen,Yes,No,Yes,No,0.33,Eating
2026-09-21 13:05:00,H001,P001,Kitchen,Yes,Yes,Yes,No,0.34,Eating
2026-09-21 13:07:00,H001,P001,Kitchen,Yes,No,Yes,No,0.27,Eating
2026-09-21 15:15:00,H001,P001,Living Room,Yes,No,Yes,No,0.19,Working
2026-09-21 15:49:00,H001,P001,Living Room,Yes,Yes,Yes,No,0.2,Working
2026-09-21 15:51:00,H001,P001,Living Room,Yes,No,Yes,No,0.21,Working
2026-09-21 16:53:00,H001,P001,Living Room,Yes,No,Yes,No,0.25,Working
2026-09-21 17:17:00,H001,P001,Living Room,Yes,No,Yes,No,0.24,Working
2026-09-21 17:49:00,H001,P001,Living Room,Yes,No,Yes,Yes,0.17,Relaxing
2026-09-21 18:09:00,H001,P001,Living Room,Yes,Yes,Yes,Yes,0.1,Relaxing
2026-09-21 18:09:00,H001,P001,Living Room,Yes,No,Yes,Yes,0.13,Relaxing
2026-09-21 18:49:00,H001,P001,Kitchen,Yes,No,Yes,No,0.95,Cooking
2026-09-21 18:52:00,H001,P001,Kitchen,Yes,No,Yes,No,0.88,Cooking
2026-09-21 18:53:00,H001,P001,Kitchen,Yes,No,Yes,No,1.14,Cooking
2026-09-21 19:07:00,H001,P001,Kitchen,Yes,No,Yes,No,0.92,Cooking
2026-09-21 19:08:00,H001,P001,Kitchen,Yes,No,Yes,No,0.95,Cooking
2026-09-21 19:15:00,H001,P001,Kitchen,Yes,No,Yes,No,0.35,Eating
2026-09-21 19:19:00,H001,P001,Kitchen,Yes,No,Yes,No,0.37,Eating
2026-09-21 19:31:00,H001,P001,Kitchen,Yes,No,Yes,No,0.39,Eating
2026-09-21 20:00:00,H001,P001,Living Room,Yes,No,Yes,Yes,0.17,Watching TV
2026-09-21 20:05:00,H001,P001,Living Room,Yes,No,Yes,Yes,0.13,Watching TV
2026-09-21 20:29:00,H001,P001,Living Room,Yes,No,Yes,Yes,0.18,Watching TV
2026-09-21 22:19:00,H001,P001,Bedroom,Yes,No,No,No,0.07,Sleeping
2026-09-21 22:27:00,H001,P001,Bedroom,Yes,No,No,No,0.05,Sleeping
2026-09-21 23:27:00,H001,P001,Bedroom,Yes,No,No,No,0.07,Sleeping
2026-09-21 23:35:00,H001,P001,Bedroom,Yes,Yes,No,No,0.07,Sleeping
2026-09-21 23:53:00,H001,P001,Bedroom,Yes,No,No,No,0.07,Sleeping
2026-09-22 00:31:00,H001,P001,Bedroom,Yes,No,No,No,0.07,Sleeping
2026-09-22 02:07:00,H001,P001,Bedroom,Yes,Yes,No,No,0.05,Sleeping
2026-09-22 02:22:00,H001,P001,Bedroom,Yes,No,No,No,0.06,Sleeping
2026-09-22 04:50:00,H001,P001,Bedroom,Yes,No,No,No,0.08,Sleeping
2026-09-22 04:58:00,H001,P001,Bedroom,Yes,No,No,No,0.07,Sleeping
2026-09-22 06:47:00,H001,P001,Living Room,Yes,No,Yes,No,0.29,Exercise
2026-09-22 06:48:00,H001,P001,Living Room,Yes,No,Yes,No,0.22,Exercise
2026-09-22 06:58:00,H001,P001,Living Room,Yes,No,Yes,No,0.23,Exercise
2026-09-22 06:59:00,H001,P001,Living Room,Yes,Yes,Yes,No,0.18,Exercise
2026-09-22 07:08:00,H001,P001,Living Room,Yes,No,Yes,No,0.22,Exercise
2026-09-22 07:29:00,H001,P001,Kitchen,Yes,No,Yes,No,1.08,Cooking
2026-09-22 07:32:00,H001,P001,Kitchen,Yes,No,Yes,No,0.89,Cooking
2026-09-22 07:35:00,H001,P001,Kitchen,Yes,No,Yes,No,1.1,Cooking
2026-09-22 07:35:00,H001,P001,Kitchen,Yes,No,Yes,No,0.96,Cooking
2026-09-22 07:37:00,H001,P001,Kitchen,Yes,No,Yes,No,0.9,Cooking
2026-09-22 07:41:00,H001,P001,Kitchen,Yes,No,Yes,No,1.16,Cooking
2026-09-22 07:51:00,H001,P001,Kitchen,Yes,Yes,Yes,No,0.35,Eating
2026-09-22 07:51:00,H001,P001,Kitchen,Yes,No,Yes,No,0.28,Eating
2026-09-22 07:55:00,H001,P001,Kitchen,Yes,No,Yes,No,0.34,Eating
2026-09-22 07:55:00,H001,P001,Kitchen,Yes,No,Yes,No,0.28,Eating
2026-09-22 08:06:00,H001,P001,Kitchen,Yes,No,Yes,No,0.29,Eating
2026-09-22 08:16:00,H001,P001,Living Room,Yes,No,Yes,No,0.32,Working
2026-09-22 08:55:00,H001,P001,Living Room,Yes,No,Yes,No,0.26,Working
2026-09-22 09:53:00,H001,P001,Living Room,Yes,No,Yes,No,0.22,Working
2026-09-22 11:09:00,H001,P001,Living Room,Yes,No,Yes,No,0.2,Working
2026-09-22 11:24:00,H001,P001,Living Room,Yes,No,Yes,No,0.33,Working
2026-09-22 12:36:00,H001,P001,Kitchen,Yes,No,Yes,No,0.32,Eating
2026-09-22 12:48:00,H001,P001,Kitchen,Yes,No,Yes,No,0.34,Eating
2026-09-22 12:58:00,H001,P001,Kitchen,Yes,No,Yes,No,0.39,Eating
2026-09-22 12:59:00,H001,P001,Kitchen,Yes,No,Yes,No,0.31,Eating
2026-09-22 13:10:00,H001,P001,Kitchen,Yes,No,Yes,No,0.27,Eating
2026-09-22 14:18:00,H001,P001,Living Room,Yes,No,Yes,No,0.22,Working
2026-09-22 14:30:00,H001,P001,Living Room,Yes,Yes,Yes,No,0.22,Working
2026-09-22 14:49:00,H001,P001,Living Room,Yes,No,Yes,No,0.21,Working
2026-09-22 15:01:00,H001,P001,Living Room,Yes,No,Yes,No,0.31,Working
2026-09-22 15:19:00,H001,P001,Living Room,Yes,No,Yes,No,0.21,Working
2026-09-22 15:39:00,H001,P001,Living Room,Yes,No,Yes,No,0.28,Working
2026-09-22 17:39:00,H001,P001,Living Room,Yes,No,Yes,Yes,0.17,Relaxing
2026-09-22 17:45:00,H001,P001,Living Room,Yes,No,Yes,Yes,0.19,Relaxing
2026-09-22 17:55:00,H001,P001,Living Room,Yes,No,Yes,Yes,0.15,Relaxing
2026-09-22 18:11:00,H001,P001,Living Room,Yes,No,Yes,Yes,0.11,Relaxing
2026-09-22 18:34:00,H001,P001,Kitchen,Yes,Yes,Yes,No,0.87,Cooking
2026-09-22 18:42:00,H001,P001,Kitchen,Yes,No,Yes,No,1.05,Cooking
2026-09-22 18:58:00,H001,P001,Kitchen,Yes,No,Yes,No,0.94,Cooking
2026-09-22 19:00:00,H001,P001,Kitchen,Yes,No,Yes,No,1.14,Cooking
2026-09-22 19:04:00,H001,P001,Kitchen,Yes,No,Yes,No,0.96,Cooking
2026-09-22 19:25:00,H001,P001,Kitchen,Yes,No,Yes,No,0.35,Eating
2026-09-22 19:30:00,H001,P001,Kitchen,Yes,No,Yes,No,0.3,Eating
2026-09-22 19:31:00,H001,P001,Kitchen,Yes,No,Yes,No,0.35,Eating
2026-09-22 19:35:00,H001,P001,Kitchen,Yes,No,Yes,No,0.27,Eating
2026-09-22 19:48:00,H001,P001,Kitchen,Yes,No,Yes,No,0.31,Eating
2026-09-22 20:04:00,H001,P001,Living Room,Yes,No,Yes,Yes,0.15,Watching TV
2026-09-22 20:29:00,H001,P001,Living Room,Yes,No,Yes,Yes,0.14,Watching TV
2026-09-22 20:55:00,H001,P001,Living Room,Yes,No,Yes,Yes,0.22,Watching TV
2026-09-22 21:16:00,H001,P001,Living Room,Yes,No,Yes,Yes,0.15,Watching TV
2026-09-22 21:26:00,H001,P001,Living Room,Yes,No,Yes,Yes,0.18,Watching TV
2026-09-22 21:30:00,H001,P001,Living Room,Yes,No,Yes,Yes,0.22,Watching TV
2026-09-22 22:23:00,H001,P001,Bedroom,Yes,No,No,No,0.05,Sleeping
2026-09-22 22:53:00,H001,P001,Bedroom,Yes,No,No,No,0.05,Sleeping
2026-09-22 23:54:00,H001,P001,Bedroom,Yes,No,No,No,0.05,Sleeping
2026-09-23 01:22:00,H001,P001,Bedroom,Yes,Yes,No,No,0.06,Sleeping
2026-09-23 02:48:00,H001,P001,Bedroom,Yes,No,No,No,0.08,Sleeping
2026-09-23 03:18:00,H001,P001,Bedroom,Yes,No,No,No,0.07,Sleeping
2026-09-23 03:51:00,H001,P001,Bedroom,Yes,Yes,No,No,0.07,Sleeping
2026-09-23 05:13:00,H001,P001,Bedroom,Yes,Yes,No,No,0.08,Sleeping
2026-09-23 06:40:00,H001,P001,Living Room,Yes,No,Yes,No,0.2,Exercise
2026-09-23 07:01:00,H001,P001,Living Room,Yes,No,Yes,No,0.22,Exercise
2026-09-23 07:03:00,H001,P001,Living Room,Yes,No,Yes,No,0.22,Exercise
2026-09-23 07:07:00,H001,P001,Living Room,Yes,Yes,Yes,No,0.29,Exercise
2026-09-23 07:14:00,H001,P001,Living Room,Yes,No,Yes,No,0.25,Exercise
2026-09-23 07:16:00,H001,P001,Kitchen,Yes,No,Yes,No,1.04,Cooking
2026-09-23 07:17:00,H001,P001,Kitchen,Yes,No,Yes,No,0.99,Cooking
2026-09-23 07:18:00,H001,P001,Kitchen,Yes,Yes,Yes,No,1.01,Cooking
2026-09-23 07:35:00,H001,P001,Kitchen,Yes,No,Yes,No,0.88,Cooking
2026-09-23 07:36:00,H001,P001,Kitchen,Yes,No,Yes,No,0.99,Cooking
2026-09-23 07:47:00,H001,P001,Kitchen,Yes,No,Yes,No,0.35,Eating
2026-09-23 07:55:00,H001,P001,Kitchen,Yes,No,Yes,No,0.36,Eating
2026-09-23 07:58:00,H001,P001,Kitchen,Yes,No,Yes,No,0.26,Eating
2026-09-23 08:01:00,H001,P001,Kitchen,Yes,No,Yes,No,0.38,Eating
2026-09-23 08:03:00,H001,P001,Kitchen,Yes,No,Yes,No,0.37,Eating
2026-09-23 08:09:00,H001,P001,Kitchen,Yes,No,Yes,No,0.35,Eating
2026-09-23 08:12:00,H001,P001,Living Room,Yes,Yes,Yes,No,0.18,Working
2026-09-23 09:01:00,H001,P001,Living Room,Yes,No,Yes,No,0.3,Working
2026-09-23 09:22:00,H001,P001,Living Room,Yes,No,Yes,No,0.18,Working
2026-09-23 10:01:00,H001,P001,Living Room,Yes,No,Yes,No,0.31,Working
2026-09-23 10:33:00,H001,P001,Living Room,Yes,No,Yes,No,0.23,Working
2026-09-23 12:25:00,H001,P001,Living Room,Yes,No,Yes,No,0.31,Working
2026-09-23 12:30:00,H001,P001,Kitchen,Yes,No,Yes,No,0.37,Eating
2026-09-23 12:32:00,H001,P001,Kitchen,Yes,Yes,Yes,No,0.37,Eating
2026-09-23 12:37:00,H001,P001,Kitchen,Yes,No,Yes,No,0.28,Eating
2026-09-23 12:46:00,H001,P001,Kitchen,Yes,No,Yes,No,0.32,Eating
2026-09-23 12:47:00,H001,P001,Kitchen,Yes,No,Yes,No,0.27,Eating
2026-09-23 14:34:00,H001,P001,Living Room,Yes,No,Yes,No,0.19,Working
2026-09-23 15:17:00,H001,P001,Living Room,Yes,No,Yes,No,0.23,Working
2026-09-23 15:57:00,H001,P001,Living Room,Yes,No,Yes,No,0.33,Working
2026-09-23 17:17:00,H001,P001,Living Room,Yes,No,Yes,No,0.22,Working
2026-09-23 17:35:00,H001,P001,Living Room,Yes,No,Yes,Yes,0.13,Relaxing
2026-09-23 17:39:00,H001,P001,Living Room,Yes,No,Yes,Yes,0.14,Relaxing
2026-09-23 17:40:00,H001,P001,Living Room,Yes,No,Yes,Yes,0.16,Relaxing
2026-09-23 18:16:00,H001,P001,Living Room,Yes,No,Yes,Yes,0.12,Relaxing
2026-09-23 18:42:00,H001,P001,Kitchen,Yes,No,Yes,No,1.07,Cooking
2026-09-23 18:42:00,H001,P001,Kitchen,Yes,No,Yes,No,0.85,Cooking
2026-09-23 18:56:00,H001,P001,Kitchen,Yes,Yes,Yes,No,0.94,Cooking
2026-09-23 19:22:00,H001,P001,Kitchen,Yes,No,Yes,No,0.32,Eating
2026-09-23 19:38:00,H001,P001,Kitchen,Yes,No,Yes,No,0.36,Eating
2026-09-23 19:41:00,H001,P001,Kitchen,Yes,Yes,Yes,No,0.31,Eating
2026-09-23 19:46:00,H001,P001,Kitchen,Yes,No,Yes,No,0.35,Eating
2026-09-23 20:10:00,H001,P001,Living Room,Yes,No,Yes,Yes,0.16,Watching TV
2026-09-23 20:40:00,H001,P001,Living Room,Yes,No,Yes,Yes,0.22,Watching TV
2026-09-23 21:00:00,H001,P001,Living Room,Yes,No,Yes,Yes,0.12,Watching TV
2026-09-23 21:04:00,H001,P001,Living Room,Yes,No,Yes,Yes,0.19,Watching TV
2026-09-23 22:15:00,H001,P001,Bedroom,Yes,No,No,No,0.05,Sleeping
2026-09-23 22:36:00,H001,P001,Bedroom,Yes,No,No,No,0.06,Sleeping
2026-09-23 22:50:00,H001,P001,Bedroom,Yes,No,No,No,0.07,Sleeping
2026-09-23 23:27:00,H001,P001,Bedroom,Yes,No,No,No,0.06,Sleeping
2026-09-23 23:29:00,H001,P001,Bedroom,Yes,No,No,No,0.05,Sleeping
2026-09-23 23:30:00,H001,P001,Bedroom,Yes,No,No,No,0.07,Sleeping
2026-09-24 00:45:00,H001,P001,Bedroom,Yes,No,No,No,0.08,Sleeping
2026-09-24 01:26:00,H001,P001,Bedroom,Yes,No,No,No,0.06,Sleeping
2026-09-24 02:06:00,H001,P001,Bedroom,Yes,No,No,No,0.07,Sleeping
2026-09-24 05:38:00,H001,P001,Bedroom,Yes,No,No,No,0.07,Sleeping
2026-09-24 06:28:00,H001,P001,Living Room,Yes,No,Yes,No,0.29,Exercise
2026-09-24 06:37:00,H001,P001,Living Room,Yes,No,Yes,No,0.16,Exercise
2026-09-24 07:06:00,H001,P001,Living Room,Yes,No,Yes,No,0.27,Exercise
2026-09-24 07:16:00,H001,P001,Kitchen,Yes,Yes,Yes,No,0.89,Cooking
2026-09-24 07:27:00,H001,P001,Kitchen,Yes,Yes,Yes,No,0.89,Cooking
2026-09-24 07:45:00,H001,P001,Kitchen,Yes,No,Yes,No,0.82,Cooking
2026-09-24 07:45:00,H001,P001,Kitchen,Yes,No,Yes,No,0.33,Eating
2026-09-24 07:49:00,H001,P001,Kitchen,Yes,No,Yes,No,0.29,Eating
2026-09-24 08:01:00,H001,P001,Kitchen,Yes,No,Yes,No,0.33,Eating
2026-09-24 08:02:00,H001,P001,Kitchen,Yes,No,Yes,No,0.33,Eating
2026-09-24 08:04:00,H001,P001,Kitchen,Yes,No,Yes,No,0.34,Eating
2026-09-24 08:08:00,H001,P001,Kitchen,Yes,No,Yes,No,0.31,Eating
2026-09-24 08:26:00,H001,P001,Living Room,Yes,No,Yes,No,0.27,Working
2026-09-24 10:59:00,H001,P001,Living Room,Yes,No,Yes,No,0.27,Working
2026-09-24 11:10:00,H001,P001,Living Room,Yes,No,Yes,No,0.35,Working
2026-09-24 11:21:00,H001,P001,Living Room,Yes,No,Yes,No,0.25,Working
2026-09-24 11:25:00,H001,P001,Living Room,Yes,No,Yes,No,0.22,Working
2026-09-24 12:03:00,H001,P001,Living Room,Yes,No,Yes,No,0.18,Working
2026-09-24 12:29:00,H001,P001,Kitchen,Yes,No,Yes,No,0.28,Eating
2026-09-24 12:36:00,H001,P001,Kitchen,Yes,No,Yes,No,0.38,Eating
2026-09-24 12:45:00,H001,P001,Kitchen,Yes,No,Yes,No,0.39,Eating
2026-09-24 12:50:00,H001,P001,Kitchen,Yes,No,Yes,No,0.34,Eating
2026-09-24 13:03:00,H001,P001,Kitchen,Yes,Yes,Yes,No,0.32,Eating
2026-09-24 14:13:00,H001,P001,Living Room,Yes,No,Yes,No,0.2,Working
2026-09-24 15:01:00,H001,P001,Living Room,Yes,No,Yes,No,0.3,Working
2026-09-24 16:20:00,H001,P001,Living Room,Yes,No,Yes,No,0.21,Working
2026-09-24 16:50:00,H001,P001,Living Room,Yes,No,Yes,No,0.2,Working
2026-09-24 17:36:00,H001,P001,Living Room,Yes,No,Yes,Yes,0.18,Relaxing
2026-09-24 17:52:00,H001,P001,Living Room,Yes,No,Yes,Yes,0.12,Relaxing
2026-09-24 18:11:00,H001,P001,Living Room,Yes,Yes,Yes,Yes,0.15,Relaxing
2026-09-24 18:15:00,H001,P001,Living Room,Yes,No,Yes,Yes,0.16,Relaxing
2026-09-24 18:28:00,H001,P001,Living Room,Yes,No,Yes,Yes,0.18,Relaxing
2026-09-24 18:33:00,H001,P001,Kitchen,Yes,No,Yes,No,1.11,Cooking
2026-09-24 18:36:00,H001,P001,Kitchen,Yes,No,Yes,No,0.99,Cooking
2026-09-24 18:41:00,H001,P001,Kitchen,Yes,Yes,Yes,No,1.09,Cooking
2026-09-24 18:57:00,H001,P001,Kitchen,Yes,No,Yes,No,1.03,Cooking
2026-09-24 19:08:00,H001,P001,Kitchen,Yes,Yes,Yes,No,1.0,Cooking
2026-09-24 19:20:00,H001,P001,Kitchen,Yes,No,Yes,No,0.28,Eating
2026-09-24 19:39:00,H001,P001,Kitchen,Yes,Yes,Yes,No,0.33,Eating
2026-09-24 19:45:00,H001,P001,Kitchen,Yes,No,Yes,No,0.33,Eating
2026-09-24 19:55:00,H001,P001,Living Room,Yes,No,Yes,Yes,0.17,Watching TV
2026-09-24 20:08:00,H001,P001,Living Room,Yes,No,Yes,Yes,0.18,Watching TV
2026-09-24 20:48:00,H001,P001,Living Room,Yes,No,Yes,Yes,0.18,Watching TV
2026-09-24 21:17:00,H001,P001,Living Room,Yes,No,Yes,Yes,0.2,Watching TV
2026-09-24 22:01:00,H001,P001,Bedroom,Yes,No,No,No,0.05,Sleeping
2026-09-24 22:27:00,H001,P001,Bedroom,Yes,No,No,No,0.05,Sleeping
2026-09-24 22:59:00,H001,P001,Bedroom,Yes,Yes,No,No,0.06,Sleeping
2026-09-24 23:16:00,H001,P001,Bedroom,Yes,No,No,No,0.08,Sleeping
2026-09-24 23:16:00,H001,P001,Bedroom,Yes,No,No,No,0.07,Sleeping
2026-09-24 23:29:00,H001,P001,Bedroom,Yes,Yes,No,No,0.05,Sleeping
2026-09-25 01:47:00,H001,P001,Bedroom,Yes,No,No,No,0.06,Sleeping
2026-09-25 04:11:00,H001,P001,Bedroom,Yes,No,No,No,0.05,Sleeping
2026-09-25 05:42:00,H001,P001,Bedroom,Yes,Yes,No,No,0.06,Sleeping
2026-09-25 06:02:00,H001,P001,Bedroom,Yes,Yes,No,No,0.07,Sleeping
2026-09-25 06:26:00,H001,P001,Living Room,Yes,No,Yes,No,0.19,Exercise
2026-09-25 06:36:00,H001,P001,Living Room,Yes,No,Yes,No,0.24,Exercise
2026-09-25 06:46:00,H001,P001,Living Room,Yes,No,Yes,No,0.22,Exercise
2026-09-25 07:12:00,H001,P001,Living Room,Yes,No,Yes,No,0.15,Exercise
2026-09-25 07:12:00,H001,P001,Living Room,Yes,No,Yes,No,0.21,Exercise
2026-09-25 07:18:00,H001,P001,Kitchen,Yes,No,Yes,No,0.98,Cooking
2026-09-25 07:24:00,H001,P001,Kitchen,Yes,No,Yes,No,1.1,Cooking
2026-09-25 07:39:00,H001,P001,Kitchen,Yes,Yes,Yes,No,1.17,Cooking
2026-09-25 07:54:00,H001,P001,Kitchen,Yes,No,Yes,No,0.37,Eating
2026-09-25 07:55:00,H001,P001,Kitchen,Yes,No,Yes,No,0.26,Eating
2026-09-25 08:01:00,H001,P001,Kitchen,Yes,No,Yes,No,0.34,Eating
2026-09-25 09:16:00,H001,P001,Living Room,Yes,No,Yes,No,0.27,Working
2026-09-25 10:07:00,H001,P001,Living Room,Yes,No,Yes,No,0.21,Working
2026-09-25 10:31:00,H001,P001,Living Room,Yes,No,Yes,No,0.33,Working
2026-09-25 12:39:00,H001,P001,Kitchen,Yes,No,Yes,No,0.36,Eating
2026-09-25 12:44:00,H001,P001,Kitchen,Yes,No,Yes,No,0.39,Eating
2026-09-25 13:00:00,H001,P001,Kitchen,Yes,No,Yes,No,0.39,Eating
2026-09-25 13:08:00,H001,P001,Kitchen,Yes,No,Yes,No,0.27,Eating
2026-09-25 13:08:00,H001,P001,Kitchen,Yes,No,Yes,No,0.35,Eating
2026-09-25 13:22:00,H001,P001,Living Room,Yes,No,Yes,No,0.25,Working
2026-09-25 13:35:00,H001,P001,Living Room,Yes,No,Yes,No,0.3,Working
2026-09-25 14:02:00,H001,P001,Living Room,Yes,No,Yes,No,0.2,Working
2026-09-25 14:59:00,H001,P001,Living Room,Yes,No,Yes,No,0.34,Working
2026-09-25 17:08:00,H001,P001,Living Room,Yes,No,Yes,No,0.23,Working
2026-09-25 17:33:00,H001,P001,Living Room,Yes,No,Yes,Yes,0.18,Relaxing
2026-09-25 17:48:00,H001,P001,Living Room,Yes,No,Yes,Yes,0.17,Relaxing
2026-09-25 17:48:00,H001,P001,Living Room,Yes,No,Yes,Yes,0.15,Relaxing
2026-09-25 18:13:00,H001,P001,Living Room,Yes,No,Yes,Yes,0.16,Relaxing
2026-09-25 18:31:00,H001,P001,Kitchen,Yes,No,Yes,No,1.19,Cooking
2026-09-25 18:49:00,H001,P001,Kitchen,Yes,No,Yes,No,1.1,Cooking
2026-09-25 18:51:00,H001,P001,Kitchen,Yes,No,Yes,No,1.18,Cooking
2026-09-25 18:57:00,H001,P001,Kitchen,Yes,No,Yes,No,0.89,Cooking
2026-09-25 19:11:00,H001,P001,Kitchen,Yes,No,Yes,No,0.95,Cooking
2026-09-25 19:11:00,H001,P001,Kitchen,Yes,No,Yes,No,1.15,Cooking
2026-09-25 19:20:00,H001,P001,Kitchen,Yes,Yes,Yes,No,0.32,Eating
2026-09-25 19:39:00,H001,P001,Kitchen,Yes,No,Yes,No,0.39,Eating
2026-09-25 19:43:00,H001,P001,Kitchen,Yes,No,Yes,No,0.34,Eating
2026-09-25 19:52:00,H001,P001,Kitchen,Yes,No,Yes,No,0.36,Eating
2026-09-25 20:00:00,H001,P001,Living Room,Yes,No,Yes,Yes,0.17,Watching TV
2026-09-25 20:03:00,H001,P001,Living Room,Yes,No,Yes,Yes,0.22,Watching TV
2026-09-25 20:55:00,H001,P001,Living Room,Yes,No,Yes,Yes,0.25,Watching TV
2026-09-25 22:11:00,H001,P001,Bedroom,Yes,No,No,No,0.08,Sleeping
2026-09-25 23:04:00,H001,P001,Bedroom,Yes,No,No,No,0.07,Sleeping
2026-09-25 23:13:00,H001,P001,Bedroom,Yes,No,No,No,0.08,Sleeping
2026-09-25 23:32:00,H001,P001,Bedroom,Yes,Yes,No,No,0.06,Sleeping
2026-09-25 23:38:00,H001,P001,Bedroom,Yes,No,No,No,0.06,Sleeping
2026-09-26 00:09:00,H001,P001,Bedroom,Yes,No,No,No,0.08,Sleeping
2026-09-26 01:00:00,H001,P001,Bedroom,Yes,No,No,No,0.05,Sleeping
2026-09-26 01:45:00,H001,P001,Bedroom,Yes,Yes,No,No,0.06,Sleeping
2026-09-26 05:10:00,H001,P001,Bedroom,Yes,No,No,No,0.06,Sleeping
2026-09-26 05:29:00,H001,P001,Bedroom,Yes,No,No,No,0.05,Sleeping
2026-09-26 06:03:00,H001,P001,Bedroom,Yes,No,No,No,0.08,Sleeping
2026-09-26 06:37:00,H001,P001,Living Room,Yes,No,Yes,No,0.26,Exercise
2026-09-26 06:55:00,H001,P001,Living Room,Yes,No,Yes,No,0.28,Exercise
2026-09-26 06:55:00,H001,P001,Living Room,Yes,No,Yes,No,0.27,Exercise
2026-09-26 06:57:00,H001,P001,Living Room,Yes,No,Yes,No,0.17,Exercise
2026-09-26 07:16:00,H001,P001,Kitchen,Yes,No,Yes,No,0.9,Cooking
2026-09-26 07:19:00,H001,P001,Kitchen,Yes,No,Yes,No,0.9,Cooking
2026-09-26 07:31:00,H001,P001,Kitchen,Yes,No,Yes,No,1.02,Cooking
2026-09-26 07:38:00,H001,P001,Kitchen,Yes,No,Yes,No,0.96,Cooking
2026-09-26 07:46:00,H001,P001,Kitchen,Yes,No,Yes,No,0.26,Eating
2026-09-26 07:57:00,H001,P001,Kitchen,Yes,No,Yes,No,0.37,Eating
2026-09-26 08:08:00,H001,P001,Kitchen,Yes,Yes,Yes,No,0.38,Eating
2026-09-26 08:24:00,H001,P001,Living Room,Yes,No,Yes,No,0.23,Working
2026-09-26 08:25:00,H001,P001,Living Room,Yes,No,Yes,No,0.29,Working
2026-09-26 09:42:00,H001,P001,Living Room,Yes,No,Yes,No,0.24,Working
2026-09-26 10:42:00,H001,P001,Living Room,Yes,No,Yes,No,0.19,Working
2026-09-26 11:40:00,H001,P001,Living Room,Yes,No,Yes,No,0.23,Working
2026-09-26 12:35:00,H001,P001,Kitchen,Yes,No,Yes,No,0.26,Eating
2026-09-26 12:47:00,H001,P001,Kitchen,Yes,Yes,Yes,No,0.34,Eating
2026-09-26 12:54:00,H001,P001,Kitchen,Yes,No,Yes,No,0.28,Eating
2026-09-26 12:57:00,H001,P001,Kitchen,Yes,Yes,Yes,No,0.38,Eating
2026-09-26 13:13:00,H001,P001,Kitchen,Yes,No,Yes,No,0.32,Eating
2026-09-26 13:18:00,H001,P001,Kitchen,Yes,No,Yes,No,0.4,Eating
2026-09-26 14:27:00,H001,P001,Living Room,Yes,Yes,Yes,No,0.18,Working
2026-09-26 15:08:00,H001,P001,Living Room,Yes,No,Yes,No,0.22,Working
2026-09-26 15:18:00,H001,P001,Living Room,Yes,No,Yes,No,0.22,Working
2026-09-26 15:41:00,H001,P001,Living Room,Yes,No,Yes,No,0.29,Working
2026-09-26 15:46:00,H001,P001,Living Room,Yes,No,Yes,No,0.2,Working
2026-09-26 17:51:00,H001,P001,Living Room,Yes,No,Yes,Yes,0.16,Relaxing
2026-09-26 18:08:00,H001,P001,Living Room,Yes,Yes,Yes,Yes,0.12,Relaxing
2026-09-26 18:15:00,H001,P001,Living Room,Yes,No,Yes,Yes,0.2,Relaxing
2026-09-26 18:39:00,H001,P001,Kitchen,Yes,No,Yes,No,0.94,Cooking
2026-09-26 18:42:00,H001,P001,Kitchen,Yes,No,Yes,No,1.0,Cooking
2026-09-26 18:45:00,H001,P001,Kitchen,Yes,Yes,Yes,No,0.93,Cooking
2026-09-26 18:59:00,H001,P001,Kitchen,Yes,No,Yes,No,0.81,Cooking
2026-09-26 19:15:00,H001,P001,Kitchen,Yes,No,Yes,No,1.12,Cooking
2026-09-26 19:21:00,H001,P001,Kitchen,Yes,No,Yes,No,0.36,Eating
2026-09-26 19:38:00,H001,P001,Kitchen,Yes,No,Yes,No,0.28,Eating
2026-09-26 19:42:00,H001,P001,Kitchen,Yes,No,Yes,No,0.38,Eating
2026-09-26 19:49:00,H001,P001,Kitchen,Yes,No,Yes,No,0.37,Eating
2026-09-26 19:57:00,H001,P001,Living Room,Yes,No,Yes,Yes,0.2,Watching TV
2026-09-26 19:57:00,H001,P001,Living Room,Yes,No,Yes,Yes,0.18,Watching TV
2026-09-26 20:18:00,H001,P001,Living Room,Yes,No,Yes,Yes,0.16,Watching TV
2026-09-26 20:36:00,H001,P001,Living Room,Yes,No,Yes,Yes,0.14,Watching TV
2026-09-26 21:16:00,H001,P001,Living Room,Yes,No,Yes,Yes,0.16,Watching TV
2026-09-26 22:02:00,H001,P001,Bedroom,Yes,No,No,No,0.06,Sleeping
2026-09-26 22:05:00,H001,P001,Bedroom,Yes,No,No,No,0.05,Sleeping
2026-09-26 22:49:00,H001,P001,Bedroom,Yes,No,No,No,0.06,Sleeping
2026-09-26 23:06:00,H001,P001,Bedroom,Yes,No,No,No,0.06,Sleeping
2026-09-27 00:53:00,H001,P001,Bedroom,Yes,No,No,No,0.05,Sleeping
2026-09-27 04:10:00,H001,P001,Bedroom,Yes,No,No,No,0.06,Sleeping
2026-09-27 04:23:00,H001,P001,Bedroom,Yes,Yes,No,No,0.08,Sleeping
2026-09-27 05:55:00,H001,P001,Bedroom,Yes,No,No,No,0.06,Sleeping
2026-09-27 06:05:00,H001,P001,Bedroom,Yes,No,No,No,0.07,Sleeping
2026-09-27 06:35:00,H001,P001,Living Room,Yes,No,Yes,No,0.25,Exercise
2026-09-27 06:39:00,H001,P001,Living Room,Yes,No,Yes,No,0.26,Exercise
2026-09-27 06:43:00,H001,P001,Living Room,Yes,No,Yes,No,0.19,Exercise
2026-09-27 07:19:00,H001,P001,Kitchen,Yes,Yes,Yes,No,1.18,Cooking
2026-09-27 07:32:00,H001,P001,Kitchen,Yes,No,Yes,No,1.18,Cooking
2026-09-27 07:35:00,H001,P001,Kitchen,Yes,Yes,Yes,No,1.02,Cooking
2026-09-27 07:39:00,H001,P001,Kitchen,Yes,No,Yes,No,0.87,Cooking
2026-09-27 07:41:00,H001,P001,Kitchen,Yes,No,Yes,No,0.91,Cooking
2026-09-27 07:47:00,H001,P001,Kitchen,Yes,No,Yes,No,0.26,Eating
2026-09-27 07:52:00,H001,P001,Kitchen,Yes,Yes,Yes,No,0.31,Eating
2026-09-27 08:04:00,H001,P001,Kitchen,Yes,No,Yes,No,0.26,Eating
2026-09-27 08:09:00,H001,P001,Kitchen,Yes,No,Yes,No,0.3,Eating
2026-09-27 08:11:00,H001,P001,Kitchen,Yes,No,Yes,No,0.34,Eating
2026-09-27 08:52:00,H001,P001,Living Room,Yes,No,Yes,No,0.2,Working
2026-09-27 10:22:00,H001,P001,Living Room,Yes,No,Yes,No,0.3,Working
2026-09-27 12:05:00,H001,P001,Living Room,Yes,No,Yes,No,0.3,Working
2026-09-27 12:10:00,H001,P001,Living Room,Yes,No,Yes,No,0.22,Working
2026-09-27 12:37:00,H001,P001,Kitchen,Yes,No,Yes,No,0.38,Eating
2026-09-27 12:37:00,H001,P001,Kitchen,Yes,No,Yes,No,0.37,Eating
2026-09-27 12:48:00,H001,P001,Kitchen,Yes,No,Yes,No,0.27,Eating
2026-09-27 12:52:00,H001,P001,Kitchen,Yes,No,Yes,No,0.26,Eating
2026-09-27 12:53:00,H001,P001,Kitchen,Yes,No,Yes,No,0.37,Eating
2026-09-27 14:40:00,H001,P001,Living Room,Yes,No,Yes,No,0.28,Working
2026-09-27 15:01:00,H001,P001,Living Room,Yes,No,Yes,No,0.29,Working
2026-09-27 15:32:00,H001,P001,Living Room,Yes,No,Yes,No,0.25,Working
2026-09-27 16:10:00,H001,P001,Living Room,Yes,No,Yes,No,0.29,Working
2026-09-27 16:28:00,H001,P001,Living Room,Yes,No,Yes,No,0.2,Working
2026-09-27 16:36:00,H001,P001,Living Room,Yes,No,Yes,No,0.24,Working
2026-09-27 17:50:00,H001,P001,Living Room,Yes,Yes,Yes,Yes,0.11,Relaxing
2026-09-27 17:53:00,H001,P001,Living Room,Yes,Yes,Yes,Yes,0.14,Relaxing
2026-09-27 18:05:00,H001,P001,Living Room,Yes,No,Yes,Yes,0.17,Relaxing
2026-09-27 18:06:00,H001,P001,Living Room,Yes,No,Yes,Yes,0.11,Relaxing
2026-09-27 18:19:00,H001,P001,Living Room,Yes,No,Yes,Yes,0.19,Relaxing
2026-09-27 18:26:00,H001,P001,Living Room,Yes,No,Yes,Yes,0.14,Relaxing
2026-09-27 18:40:00,H001,P001,Kitchen,Yes,No,Yes,No,0.93,Cooking
2026-09-27 18:43:00,H001,P001,Kitchen,Yes,No,Yes,No,1.02,Cooking
2026-09-27 18:57:00,H001,P001,Kitchen,Yes,No,Yes,No,1.03,Cooking
2026-09-27 19:03:00,H001,P001,Kitchen,Yes,No,Yes,No,1.03,Cooking
2026-09-27 19:11:00,H001,P001,Kitchen,Yes,No,Yes,No,1.18,Cooking
2026-09-27 19:12:00,H001,P001,Kitchen,Yes,No,Yes,No,0.85,Cooking
2026-09-27 19:18:00,H001,P001,Kitchen,Yes,No,Yes,No,0.3,Eating
2026-09-27 19:28:00,H001,P001,Kitchen,Yes,No,Yes,No,0.36,Eating
2026-09-27 19:45:00,H001,P001,Kitchen,Yes,No,Yes,No,0.31,Eating
2026-09-27 20:19:00,H001,P001,Living Room,Yes,Yes,Yes,Yes,0.2,Watching TV
2026-09-27 20:20:00,H001,P001,Living Room,Yes,Yes,Yes,Yes,0.22,Watching TV
2026-09-27 20:23:00,H001,P001,Living Room,Yes,No,Yes,Yes,0.23,Watching TV
2026-09-27 20:28:00,H001,P001,Living Room,Yes,No,Yes,Yes,0.25,Watching TV
2026-09-27 21:23:00,H001,P001,Living Room,Yes,No,Yes,Yes,0.25,Watching TV
2026-09-27 21:44:00,H001,P001,Living Room,Yes,No,Yes,Yes,0.14,Watching TV
2026-09-27 22:04:00,H001,P001,Bedroom,Yes,No,No,No,0.07,Sleeping
2026-09-27 22:49:00,H001,P001,Bedroom,Yes,No,No,No,0.06,Sleeping
2026-09-27 23:01:00,H001,P001,Bedroom,Yes,No,No,No,0.07,Sleeping
2026-09-27 23:13:00,H001,P001,Bedroom,Yes,Yes,No,No,0.05,Sleeping
2026-09-27 23:34:00,H001,P001,Bedroom,Yes,No,No,No,0.08,Sleeping
2026-09-27 23:58:00,H001,P001,Bedroom,Yes,No,No,No,0.07,Sleeping
2026-09-28 04:55:00,H001,P001,Bedroom,Yes,No,No,No,0.08,Sleeping
2026-09-28 05:08:00,H001,P001,Bedroom,Yes,No,No,No,0.07,Sleeping
2026-09-28 05:44:00,H001,P001,Bedroom,Yes,Yes,No,No,0.07,Sleeping
2026-09-28 05:49:00,H001,P001,Bedroom,Yes,Yes,No,No,0.07,Sleeping
2026-09-28 06:00:00,H001,P001,Bedroom,Yes,Yes,No,No,0.06,Sleeping
2026-09-28 06:23:00,H001,P001,Bedroom,Yes,No,No,No,0.05,Sleeping
2026-09-28 06:47:00,H001,P001,Living Room,Yes,No,Yes,No,0.25,Exercise
2026-09-28 06:52:00,H001,P001,Living Room,Yes,No,Yes,No,0.3,Exercise
2026-09-28 07:02:00,H001,P001,Living Room,Yes,No,Yes,No,0.22,Exercise
2026-09-28 07:20:00,H001,P001,Kitchen,Yes,No,Yes,No,0.91,Cooking
2026-09-28 07:22:00,H001,P001,Kitchen,Yes,Yes,Yes,No,1.11,Cooking
2026-09-28 07:28:00,H001,P001,Kitchen,Yes,Yes,Yes,No,0.99,Cooking
2026-09-28 07:30:00,H001,P001,Kitchen,Yes,No,Yes,No,1.06,Cooking
2026-09-28 07:41:00,H001,P001,Kitchen,Yes,No,Yes,No,0.39,Eating
2026-09-28 07:42:00,H001,P001,Kitchen,Yes,No,Yes,No,1.05,Cooking
2026-09-28 07:44:00,H001,P001,Kitchen,Yes,No,Yes,No,0.37,Eating
2026-09-28 07:49:00,H001,P001,Kitchen,Yes,No,Yes,No,0.29,Eating
2026-09-28 07:53:00,H001,P001,Kitchen,Yes,No,Yes,No,0.3,Eating
2026-09-28 08:05:00,H001,P001,Kitchen,Yes,No,Yes,No,0.31,Eating
2026-09-28 08:33:00,H001,P001,Living Room,Yes,No,Yes,No,0.26,Working
2026-09-28 08:42:00,H001,P001,Living Room,Yes,No,Yes,No,0.32,Working
2026-09-28 09:33:00,H001,P001,Living Room,Yes,No,Yes,No,0.32,Working
2026-09-28 11:31:00,H001,P001,Living Room,Yes,No,Yes,No,0.27,Working
2026-09-28 11:42:00,H001,P001,Living Room,Yes,No,Yes,No,0.25,Working
2026-09-28 12:16:00,H001,P001,Living Room,Yes,No,Yes,No,0.3,Working
2026-09-28 12:28:00,H001,P001,Kitchen,Yes,No,Yes,No,0.35,Eating
2026-09-28 12:29:00,H001,P001,Kitchen,Yes,No,Yes,No,0.32,Eating
2026-09-28 12:50:00,H001,P001,Kitchen,Yes,No,Yes,No,0.26,Eating
2026-09-28 13:01:00,H001,P001,Kitchen,Yes,No,Yes,No,0.38,Eating
2026-09-28 13:13:00,H001,P001,Kitchen,Yes,No,Yes,No,0.35,Eating
2026-09-28 13:15:00,H001,P001,Kitchen,Yes,No,Yes,No,0.37,Eating
2026-09-28 13:19:00,H001,P001,Living Room,Yes,Yes,Yes,No,0.2,Working
2026-09-28 14:46:00,H001,P001,Living Room,Yes,No,Yes,No,0.21,Working
2026-09-28 15:30:00,H001,P001,Living Room,Yes,No,Yes,No,0.32,Working
2026-09-28 16:27:00,H001,P001,Living Room,Yes,No,Yes,No,0.21,Working
2026-09-28 17:27:00,H001,P001,Living Room,Yes,No,Yes,Yes,0.11,Relaxing
2026-09-28 17:39:00,H001,P001,Living Room,Yes,Yes,Yes,Yes,0.17,Relaxing
2026-09-28 17:50:00,H001,P001,Living Room,Yes,No,Yes,Yes,0.13,Relaxing
2026-09-28 18:13:00,H001,P001,Living Room,Yes,No,Yes,Yes,0.12,Relaxing
2026-09-28 18:13:00,H001,P001,Living Room,Yes,Yes,Yes,Yes,0.2,Relaxing
2026-09-28 18:32:00,H001,P001,Living Room,Yes,No,Yes,Yes,0.2,Relaxing
2026-09-28 18:39:00,H001,P001,Kitchen,Yes,No,Yes,No,1.2,Cooking
2026-09-28 19:02:00,H001,P001,Kitchen,Yes,No,Yes,No,0.93,Cooking
2026-09-28 19:11:00,H001,P001,Kitchen,Yes,No,Yes,No,0.99,Cooking
2026-09-28 19:18:00,H001,P001,Kitchen,Yes,No,Yes,No,0.31,Eating
2026-09-28 19:28:00,H001,P001,Kitchen,Yes,Yes,Yes,No,0.4,Eating
2026-09-28 19:31:00,H001,P001,Kitchen,Yes,No,Yes,No,0.37,Eating
2026-09-28 19:31:00,H001,P001,Kitchen,Yes,No,Yes,No,0.35,Eating
2026-09-28 20:04:00,H001,P001,Living Room,Yes,No,Yes,Yes,0.15,Watching TV
2026-09-28 20:19:00,H001,P001,Living Room,Yes,No,Yes,Yes,0.13,Watching TV
2026-09-28 20:29:00,H001,P001,Living Room,Yes,No,Yes,Yes,0.15,Watching TV
2026-09-28 22:04:00,H001,P001,Bedroom,Yes,Yes,No,No,0.07,Sleeping
2026-09-28 22:09:00,H001,P001,Bedroom,Yes,No,No,No,0.05,Sleeping
2026-09-28 22:43:00,H001,P001,Bedroom,Yes,No,No,No,0.07,Sleeping
2026-09-28 23:29:00,H001,P001,Bedroom,Yes,No,No,No,0.05,Sleeping
2026-09-28 23:30:00,H001,P001,Bedroom,Yes,Yes,No,No,0.07,Sleeping
2026-09-28 23:40:00,H001,P001,Bedroom,Yes,No,No,No,0.06,Sleeping
2026-09-29 02:33:00,H001,P001,Bedroom,Yes,No,No,No,0.07,Sleeping
2026-09-29 02:50:00,H001,P001,Bedroom,Yes,No,No,No,0.07,Sleeping
2026-09-29 02:55:00,H001,P001,Bedroom,Yes,No,No,No,0.05,Sleeping
2026-09-29 03:21:00,H001,P001,Bedroom,Yes,No,No,No,0.07,Sleeping
2026-09-29 05:27:00,H001,P001,Bedroom,Yes,No,No,No,0.08,Sleeping
2026-09-29 06:56:00,H001,P001,Living Room,Yes,Yes,Yes,No,0.18,Exercise
2026-09-29 07:05:00,H001,P001,Living Room,Yes,No,Yes,No,0.16,Exercise
2026-09-29 07:10:00,H001,P001,Living Room,Yes,No,Yes,No,0.28,Exercise
2026-09-29 07:10:00,H001,P001,Kitchen,Yes,No,Yes,No,0.94,Cooking
2026-09-29 07:33:00,H001,P001,Kitchen,Yes,No,Yes,No,1.12,Cooking
2026-09-29 07:33:00,H001,P001,Kitchen,Yes,No,Yes,No,0.88,Cooking
2026-09-29 07:40:00,H001,P001,Kitchen,Yes,No,Yes,No,1.18,Cooking
2026-09-29 07:42:00,H001,P001,Kitchen,Yes,No,Yes,No,0.39,Eating
2026-09-29 07:43:00,H001,P001,Kitchen,Yes,No,Yes,No,0.25,Eating
2026-09-29 07:45:00,H001,P001,Kitchen,Yes,Yes,Yes,No,1.03,Cooking
2026-09-29 07:59:00,H001,P001,Kitchen,Yes,No,Yes,No,0.35,Eating
2026-09-29 09:00:00,H001,P001,Living Room,Yes,No,Yes,No,0.32,Working
2026-09-29 09:58:00,H001,P001,Living Room,Yes,No,Yes,No,0.25,Working
2026-09-29 12:07:00,H001,P001,Living Room,Yes,No,Yes,No,0.28,Working
2026-09-29 12:36:00,H001,P001,Kitchen,Yes,No,Yes,No,0.26,Eating
2026-09-29 12:38:00,H001,P001,Kitchen,Yes,No,Yes,No,0.37,Eating
2026-09-29 12:44:00,H001,P001,Kitchen,Yes,No,Yes,No,0.28,Eating
2026-09-29 12:46:00,H001,P001,Kitchen,Yes,No,Yes,No,0.34,Eating
2026-09-29 12:56:00,H001,P001,Kitchen,Yes,No,Yes,No,0.29,Eating
2026-09-29 13:02:00,H001,P001,Kitchen,Yes,Yes,Yes,No,0.37,Eating
2026-09-29 13:11:00,H001,P001,Living Room,Yes,No,Yes,No,0.2,Working
2026-09-29 15:57:00,H001,P001,Living Room,Yes,No,Yes,No,0.25,Working
2026-09-29 16:05:00,H001,P001,Living Room,Yes,No,Yes,No,0.25,Working
2026-09-29 16:31:00,H001,P001,Living Room,Yes,Yes,Yes,No,0.26,Working
2026-09-29 16:43:00,H001,P001,Living Room,Yes,No,Yes,No,0.22,Working
2026-09-29 17:12:00,H001,P001,Living Room,Yes,No,Yes,No,0.19,Working
2026-09-29 17:40:00,H001,P001,Living Room,Yes,No,Yes,Yes,0.18,Relaxing
2026-09-29 17:43:00,H001,P001,Living Room,Yes,Yes,Yes,Yes,0.15,Relaxing
2026-09-29 18:17:00,H001,P001,Living Room,Yes,No,Yes,Yes,0.11,Relaxing
2026-09-29 18:21:00,H001,P001,Living Room,Yes,No,Yes,Yes,0.1,Relaxing
2026-09-29 18:27:00,H001,P001,Kitchen,Yes,No,Yes,No,0.91,Cooking
2026-09-29 18:38:00,H001,P001,Kitchen,Yes,No,Yes,No,1.07,Cooking
2026-09-29 19:02:00,H001,P001,Kitchen,Yes,No,Yes,No,1.07,Cooking
2026-09-29 19:04:00,H001,P001,Kitchen,Yes,No,Yes,No,0.91,Cooking
2026-09-29 19:31:00,H001,P001,Kitchen,Yes,No,Yes,No,0.38,Eating
2026-09-29 19:33:00,H001,P001,Kitchen,Yes,No,Yes,No,0.3,Eating
2026-09-29 19:39:00,H001,P001,Kitchen,Yes,Yes,Yes,No,0.26,Eating
2026-09-29 19:43:00,H001,P001,Kitchen,Yes,Yes,Yes,No,0.29,Eating
2026-09-29 19:46:00,H001,P001,Kitchen,Yes,No,Yes,No,0.25,Eating
2026-09-29 19:47:00,H001,P001,Kitchen,Yes,No,Yes,No,0.31,Eating
2026-09-29 20:42:00,H001,P001,Living Room,Yes,No,Yes,Yes,0.18,Watching TV
2026-09-29 20:51:00,H001,P001,Living Room,Yes,No,Yes,Yes,0.17,Watching TV
2026-09-29 21:38:00,H001,P001,Living Room,Yes,No,Yes,Yes,0.2,Watching TV
2026-09-29 22:11:00,H001,P001,Bedroom,Yes,No,No,No,0.05,Sleeping
2026-09-29 22:13:00,H001,P001,Bedroom,Yes,No,No,No,0.06,Sleeping
2026-09-29 22:49:00,H001,P001,Bedroom,Yes,Yes,No,No,0.07,Sleeping
2026-09-29 23:20:00,H001,P001,Bedroom,Yes,No,No,No,0.06,Sleeping
2026-09-30 01:25:00,H001,P001,Bedroom,Yes,No,No,No,0.08,Sleeping
2026-09-30 04:29:00,H001,P001,Bedroom,Yes,No,No,No,0.06,Sleeping
2026-09-30 04:58:00,H001,P001,Bedroom,Yes,No,No,No,0.05,Sleeping
2026-09-30 06:29:00,H001,P001,Bedroom,Yes,No,No,No,0.06,Sleeping
2026-09-30 06:43:00,H001,P001,Living Room,Yes,No,Yes,No,0.24,Exercise
2026-09-30 06:51:00,H001,P001,Living Room,Yes,Yes,Yes,No,0.22,Exercise
2026-09-30 06:57:00,H001,P001,Living Room,Yes,No,Yes,No,0.21,Exercise
2026-09-30 06:58:00,H001,P001,Living Room,Yes,Yes,Yes,No,0.21,Exercise
2026-09-30 07:04:00,H001,P001,Living Room,Yes,No,Yes,No,0.28,Exercise
2026-09-30 07:10:00,H001,P001,Living Room,Yes,No,Yes,No,0.19,Exercise
2026-09-30 07:22:00,H001,P001,Kitchen,Yes,No,Yes,No,0.84,Cooking
2026-09-30 07:35:00,H001,P001,Kitchen,Yes,No,Yes,No,1.08,Cooking
2026-09-30 07:38:00,H001,P001,Kitchen,Yes,No,Yes,No,0.85,Cooking
2026-09-30 07:54:00,H001,P001,Kitchen,Yes,No,Yes,No,0.31,Eating
2026-09-30 08:01:00,H001,P001,Kitchen,Yes,No,Yes,No,0.38,Eating
2026-09-30 08:04:00,H001,P001,Kitchen,Yes,Yes,Yes,No,0.34,Eating
2026-09-30 08:30:00,H001,P001,Living Room,Yes,No,Yes,No,0.29,Working
2026-09-30 08:32:00,H001,P001,Living Room,Yes,No,Yes,No,0.26,Working
2026-09-30 08:41:00,H001,P001,Living Room,Yes,No,Yes,No,0.29,Working
2026-09-30 08:55:00,H001,P001,Living Room,Yes,No,Yes,No,0.31,Working
2026-09-30 10:32:00,H001,P001,Living Room,Yes,No,Yes,No,0.32,Working
2026-09-30 11:03:00,H001,P001,Living Room,Yes,Yes,Yes,No,0.25,Working
2026-09-30 13:00:00,H001,P001,Kitchen,Yes,No,Yes,No,0.36,Eating
2026-09-30 13:03:00,H001,P001,Kitchen,Yes,Yes,Yes,No,0.3,Eating
2026-09-30 13:05:00,H001,P001,Kitchen,Yes,No,Yes,No,0.36,Eating
2026-09-30 13:24:00,H001,P001,Living Room,Yes,No,Yes,No,0.26,Working
2026-09-30 14:44:00,H001,P001,Living Room,Yes,No,Yes,No,0.25,Working
2026-09-30 15:14:00,H001,P001,Living Room,Yes,No,Yes,No,0.29,Working
2026-09-30 15:26:00,H001,P001,Living Room,Yes,No,Yes,No,0.26,Working
2026-09-30 15:36:00,H001,P001,Living Room,Yes,No,Yes,No,0.33,Working
2026-09-30 17:39:00,H001,P001,Living Room,Yes,Yes,Yes,Yes,0.11,Relaxing
2026-09-30 17:40:00,H001,P001,Living Room,Yes,No,Yes,Yes,0.11,Relaxing
2026-09-30 17:44:00,H001,P001,Living Room,Yes,Yes,Yes,Yes,0.14,Relaxing
2026-09-30 18:46:00,H001,P001,Kitchen,Yes,No,Yes,No,0.81,Cooking
2026-09-30 18:46:00,H001,P001,Kitchen,Yes,Yes,Yes,No,1.15,Cooking
2026-09-30 18:53:00,H001,P001,Kitchen,Yes,No,Yes,No,1.06,Cooking
2026-09-30 19:01:00,H001,P001,Kitchen,Yes,No,Yes,No,0.85,Cooking
2026-09-30 19:31:00,H001,P001,Kitchen,Yes,No,Yes,No,0.28,Eating
2026-09-30 19:37:00,H001,P001,Kitchen,Yes,No,Yes,No,0.35,Eating
2026-09-30 19:45:00,H001,P001,Kitchen,Yes,No,Yes,No,0.27,Eating
2026-09-30 19:53:00,H001,P001,Kitchen,Yes,No,Yes,No,0.34,Eating
2026-09-30 20:26:00,H001,P001,Living Room,Yes,No,Yes,Yes,0.13,Watching TV
2026-09-30 20:36:00,H001,P001,Living Room,Yes,No,Yes,Yes,0.21,Watching TV
2026-09-30 20:58:00,H001,P001,Living Room,Yes,Yes,Yes,Yes,0.16,Watching TV
2026-09-30 21:00:00,H001,P001,Living Room,Yes,No,Yes,Yes,0.23,Watching TV
2026-09-30 21:15:00,H001,P001,Living Room,Yes,Yes,Yes,Yes,0.15,Watching TV
2026-09-30 22:23:00,H001,P001,Bedroom,Yes,No,No,No,0.08,Sleeping
2026-09-30 22:29:00,H001,P001,Bedroom,Yes,No,No,No,0.07,Sleeping
2026-09-30 22:41:00,H001,P001,Bedroom,Yes,No,No,No,0.07,Sleeping
2026-09-30 22:53:00,H001,P001,Bedroom,Yes,No,No,No,0.08,Sleeping
